"year","exp_level","emp_type","salary","comp_loc","comp_size"
2021,"MI","FT",40038,"CL","L"
2021,"MI","FT",36259,"US","L"
2020,"MI","FT",35735,"HU","L"
2021,"MI","FT",77364,"JP","S"
2022,"SE","FT",95386,"IN","L"
2021,"MI","FT",63711,"JP","S"
2021,"SE","FT",94665,"IN","L"
2022,"EN","FT",17684,"HU","M"
2022,"EX","FT",76309,"IN","L"
2022,"EN","FT",41809,"JP","L"
2023,"MI","FT",60805,"IN","L"
2023,"EN","FT",60207,"IN","S"
2021,"SE","FT",66265,"IN","L"
2022,"SE","FT",56723,"IN","L"
2020,"EN","FT",41689,"JP","S"
2022,"MI","FT",53416,"ID","L"
2023,"EN","FT",48644,"DE","L"
2021,"SE","FT",54094,"IN","L"
2021,"SE","FT",54094,"US","L"
2023,"SE","FT",43779,"IN","L"
2024,"MI","FT",39615,"IN","L"
2023,"MI","FT",38915,"IN","L"
2023,"MI","FT",38915,"IN","M"
2023,"SE","FT",36483,"IN","L"
2022,"SE","FT",38154,"IN","L"
2021,"SE","FT",40570,"IN","L"
2020,"MI","FT",40481,"IN","L"
2022,"MI","FT",35610,"IN","L"
2023,"MI","FT",32834,"IN","M"
2022,"MI","FT",31795,"US","M"
2021,"MI","FT",33808,"IN","M"
2022,"MI","FL",30523,"IN","S"
2022,"MI","FT",30523,"IN","L"
2024,"MI","FT",27611,"IN","L"
2021,"EN","FT",30428,"IN","L"
2021,"EN","FT",29751,"IN","L"
2021,"EN","FT",28399,"IN","M"
2023,"EN","FT",24322,"CH","L"
2023,"MI","FT",24322,"IN","L"
2022,"EN","FT",22892,"IN","M"
2021,"SE","FT",24342,"IN","L"
2023,"EN","FT",20673,"IN","L"
2023,"MI","FT",20673,"IN","L"
2021,"MI","FT",22611,"IN","L"
2022,"MI","FT",20984,"IN","L"
2021,"EN","FT",21637,"IN","M"
2023,"SE","FT",417937,"IL","L"
2023,"MI","FT",18241,"IN","L"
2021,"MI","FT",19609,"IN","L"
2023,"MI","FT",17511,"SG","M"
2022,"MI","FT",18314,"IN","L"
2023,"EN","FT",17025,"IN","L"
2023,"MI","FT",17025,"IN","L"
2022,"MI","FT",17805,"IN","M"
2022,"EN","FT",17805,"IN","M"
2023,"MI","FT",16417,"IN","L"
2021,"EN","FT",18053,"AS","S"
2023,"SE","FT",15809,"IN","S"
2022,"MI","FT",15897,"IN","M"
2021,"MI","FT",16904,"IN","L"
2021,"MI","FT",16904,"IN","S"
2021,"EN","FT",16228,"IN","L"
2023,"EX","FT",100416,"NO","S"
2023,"SE","FT",29301,"TH","M"
2023,"MI","FT",15680,"PH","L"
2023,"MI","FT",24613,"TH","L"
2024,"MI","FT",800000,"CA","M"
2023,"SE","FT",76508,"NO","S"
2024,"EN","FT",774000,"MX","M"
2024,"SE","FT",750000,"US","M"
2024,"MI","FT",750000,"US","M"
2024,"SE","FT",750000,"US","M"
2024,"MI","FT",750000,"US","M"
2023,"MI","FT",750000,"US","M"
2023,"MI","FT",750000,"US","M"
2023,"MI","FT",750000,"US","M"
2023,"SE","FT",750000,"US","M"
2024,"MI","FT",720000,"US","M"
2024,"SE","FT",720000,"US","M"
2024,"MI","FT",720000,"US","M"
2024,"SE","FT",720000,"US","M"
2024,"SE","FT",720000,"US","M"
2024,"MI","FT",720000,"US","M"
2024,"MI","FT",720000,"US","M"
2024,"MI","FT",720000,"US","M"
2020,"SE","FT",33511,"MX","S"
2023,"SE","FT",700000,"US","M"
2023,"MI","FT",700000,"US","M"
2023,"MI","FT",34482,"ZA","L"
2024,"SE","FT",600000,"US","M"
2024,"SE","FT",600000,"US","M"
2024,"SE","FT",600000,"US","M"
2024,"SE","FT",550000,"US","M"
2024,"SE","FT",550000,"US","M"
2024,"MI","FT",530000,"US","M"
2023,"MI","FT",65058,"HK","L"
2024,"SE","FT",500000,"US","M"
2024,"SE","FT",500000,"US","M"
2024,"SE","FT",484000,"US","M"
2023,"EX","FT",465000,"US","M"
2024,"SE","FT",450000,"US","M"
2020,"MI","FT",450000,"US","M"
2024,"SE","FT",449000,"US","M"
2024,"EX","FT",448000,"US","M"
2024,"MI","FT",440000,"US","M"
2024,"MI","FT",440000,"US","M"
2024,"MI","FT",440000,"US","M"
2024,"MI","FT",440000,"US","M"
2024,"SE","FT",440000,"US","M"
2024,"MI","FT",440000,"US","M"
2024,"MI","FT",440000,"US","M"
2024,"SE","FT",440000,"US","M"
2024,"MI","FT",440000,"US","M"
2024,"MI","FT",440000,"US","M"
2024,"SE","FT",440000,"US","M"
2024,"SE","FT",440000,"US","M"
2024,"SE","FT",440000,"US","M"
2024,"SE","FT",440000,"US","M"
2024,"EX","FT",438000,"US","M"
2021,"MI","FT",423000,"US","L"
2024,"SE","FT",418000,"US","M"
2024,"SE","FT",418000,"US","M"
2021,"EX","CT",416000,"US","S"
2024,"SE","FT",414000,"US","M"
2024,"SE","FT",414000,"US","M"
2020,"SE","FT",412000,"US","L"
2023,"SE","FT",303387,"CA","M"
2024,"EX","FT",408500,"US","M"
2023,"MI","FT",405000,"US","L"
2022,"SE","FT",405000,"US","L"
2024,"SE","FT",400000,"US","M"
2024,"MI","FT",400000,"US","M"
2024,"SE","FT",398900,"US","M"
2024,"SE","FT",398900,"US","M"
2023,"SE","FT",392000,"US","M"
2024,"SE","FT",386100,"US","M"
2024,"MI","FT",385000,"US","M"
2024,"SE","FT",385000,"US","M"
2024,"SE","FT",385000,"US","M"
2024,"MI","FT",385000,"US","M"
2023,"EX","FT",385000,"US","M"
2023,"SE","FT",385000,"US","M"
2023,"SE","FT",385000,"US","M"
2023,"SE","FT",385000,"US","M"
2023,"SE","FT",385000,"US","M"
2023,"SE","FT",385000,"US","M"
2023,"SE","FT",385000,"US","M"
2023,"SE","FT",383910,"US","M"
2024,"SE","FT",382320,"US","M"
2024,"EX","FT",381500,"US","M"
2024,"SE","FT",381500,"US","M"
2022,"SE","FT",380000,"US","L"
2023,"SE","FT",376080,"US","M"
2023,"EX","FT",375500,"US","M"
2022,"SE","FT",375000,"US","M"
2022,"SE","FT",375000,"US","L"
2023,"SE","FT",374000,"US","M"
2024,"EX","FT",373000,"US","M"
2023,"SE","FT",372000,"US","M"
2023,"SE","FT",370000,"US","M"
2023,"SE","FT",370000,"US","M"
2023,"SE","FT",370000,"US","M"
2023,"SE","FT",370000,"US","M"
2023,"SE","FT",370000,"US","M"
2023,"SE","FT",370000,"US","M"
2023,"SE","FT",370000,"US","M"
2023,"SE","FT",370000,"US","M"
2023,"SE","FT",370000,"US","M"
2023,"SE","FT",370000,"US","M"
2023,"SE","FT",370000,"US","M"
2023,"SE","FT",370000,"US","M"
2023,"SE","FT",370000,"US","M"
2023,"SE","FT",365630,"US","M"
2024,"SE","FT",365100,"US","M"
2024,"SE","FT",363000,"US","M"
2024,"SE","FT",363000,"US","M"
2024,"SE","FT",360000,"US","M"
2024,"MI","FT",360000,"US","M"
2023,"SE","FT",360000,"US","M"
2023,"SE","FT",18381,"TR","L"
2024,"MI","FT",359400,"US","M"
2024,"MI","FT",359400,"US","M"
2024,"SE","FT",359170,"US","M"
2023,"SE","FT",359170,"US","M"
2023,"SE","FT",359170,"US","M"
2023,"SE","FT",359170,"US","M"
2023,"SE","FT",359170,"US","M"
2023,"SE","FT",359170,"US","M"
2023,"SE","FT",359170,"US","M"
2023,"SE","FT",359170,"US","M"
2023,"SE","FT",359170,"US","M"
2023,"SE","FT",359170,"US","M"
2023,"SE","FT",359170,"US","M"
2024,"SE","FT",357900,"US","M"
2023,"SE","FT",354200,"US","M"
2023,"EX","FT",353200,"US","M"
2023,"EX","FT",353200,"US","M"
2023,"SE","FT",351000,"US","M"
2023,"EN","FT",350000,"US","M"
2023,"EX","FT",350000,"US","M"
2023,"SE","FT",350000,"US","M"
2023,"SE","FT",350000,"US","M"
2023,"MI","FT",430640,"GB","M"
2023,"SE","FT",350000,"US","L"
2022,"MI","FT",430967,"GB","M"
2022,"SE","FT",350000,"US","M"
2022,"SE","FT",345600,"US","M"
2024,"SE","FT",345400,"US","M"
2024,"SE","FT",345400,"US","M"
2024,"SE","FT",345400,"US","M"
2024,"SE","FT",345000,"US","M"
2023,"SE","FT",345000,"US","M"
2023,"SE","FT",342810,"US","M"
2024,"SE","FT",342400,"US","M"
2023,"SE","FT",342300,"US","L"
2024,"SE","FT",340000,"US","M"
2024,"SE","FT",340000,"US","M"
2023,"SE","FT",340000,"US","M"
2023,"MI","FT",340000,"US","M"
2024,"SE","FT",339250,"US","M"
2024,"SE","FT",337300,"US","M"
2024,"SE","FT",337300,"US","M"
2024,"SE","FT",337300,"US","M"
2024,"SE","FT",337300,"US","M"
2023,"EX","FT",336400,"US","M"
2023,"SE","FT",336300,"US","M"
2024,"EX","FT",334075,"CA","M"
2024,"SE","FT",333500,"US","M"
2024,"SE","FT",333500,"US","M"
2024,"SE","FT",333500,"US","M"
2024,"SE","FT",333500,"US","M"
2023,"SE","FT",333500,"US","M"
2023,"SE","FT",333500,"US","M"
2023,"EX","FT",333500,"US","M"
2024,"SE","FT",331640,"US","M"
2024,"SE","FT",331640,"US","M"
2024,"SE","FT",331640,"US","M"
2024,"SE","FT",331640,"US","M"
2023,"SE","FT",331640,"US","M"
2023,"SE","FT",331640,"US","M"
2023,"SE","FT",331640,"US","M"
2023,"SE","FT",331640,"US","M"
2023,"SE","FT",331640,"US","M"
2023,"SE","FT",331640,"US","M"
2023,"SE","FT",331640,"US","M"
2023,"SE","FT",331640,"US","M"
2023,"SE","FT",331640,"US","M"
2023,"SE","FT",331640,"US","M"
2023,"SE","FT",331640,"US","M"
2023,"SE","FT",331640,"US","M"
2023,"SE","FT",331640,"US","M"
2023,"SE","FT",331640,"US","M"
2024,"SE","FT",331292,"US","M"
2023,"SE","FT",330000,"US","M"
2023,"EX","FT",330000,"US","M"
2023,"SE","FT",330000,"US","M"
2023,"SE","FT",330000,"US","M"
2023,"SE","FT",330000,"US","M"
2023,"SE","FT",330000,"US","M"
2023,"SE","FT",330000,"US","M"
2023,"SE","FT",330000,"US","M"
2023,"EX","FT",330000,"US","M"
2023,"SE","FT",329700,"US","M"
2023,"EX","FT",329500,"US","M"
2023,"EX","FT",329500,"US","M"
2023,"EX","FT",329500,"US","M"
2023,"EX","FT",329500,"US","M"
2024,"SE","FT",329200,"CA","M"
2023,"SE","FT",328400,"US","M"
2023,"SE","FT",328133,"US","M"
2024,"MI","FT",328000,"US","M"
2023,"SE","FT",328000,"US","M"
2024,"EX","FT",326000,"US","M"
2024,"MI","FT",325000,"US","M"
2023,"SE","FT",325000,"US","M"
2023,"SE","FT",399880,"GB","L"
2020,"EX","FT",325000,"US","L"
2024,"SE","FT",324100,"US","L"
2024,"SE","FT",324000,"US","M"
2024,"SE","FT",324000,"US","M"
2024,"SE","FT",324000,"US","M"
2024,"SE","FT",324000,"US","M"
2024,"SE","FT",324000,"US","M"
2024,"SE","FT",324000,"US","M"
2024,"SE","FT",324000,"US","M"
2024,"SE","FT",324000,"US","M"
2024,"SE","FT",324000,"US","M"
2024,"SE","FT",324000,"US","M"
2023,"SE","FT",324000,"US","M"
2023,"SE","FT",324000,"US","M"
2023,"SE","FT",324000,"US","M"
2023,"SE","FT",324000,"US","M"
2023,"SE","FT",324000,"US","M"
2023,"SE","FT",324000,"US","M"
2022,"EX","FT",324000,"US","M"
2024,"EX","FT",323700,"US","M"
2024,"SE","FT",323300,"US","M"
2023,"SE","FT",323300,"US","M"
2023,"SE","FT",323300,"US","M"
2023,"SE","FT",323300,"US","M"
2023,"SE","FT",323300,"US","M"
2023,"SE","FT",323300,"US","M"
2023,"SE","FT",323300,"US","M"
2023,"SE","FT",323300,"US","M"
2023,"SE","FT",323300,"US","M"
2023,"SE","FT",323300,"US","M"
2023,"SE","FT",323300,"US","M"
2024,"SE","FT",322000,"US","M"
2024,"SE","FT",322000,"US","M"
2024,"SE","FT",322000,"US","M"
2024,"MI","FT",321830,"US","M"
2024,"SE","FT",321000,"US","M"
2024,"SE","FT",321000,"US","M"
2024,"EX","FT",320000,"US","M"
2023,"SE","FT",319000,"US","M"
2023,"SE","FT",319000,"US","M"
2023,"SE","FT",318300,"US","M"
2023,"SE","FT",318300,"US","M"
2023,"SE","FT",317070,"US","M"
2023,"SE","FT",317070,"US","M"
2024,"SE","FT",317000,"US","M"
2024,"SE","FT",316900,"US","M"
2023,"SE","FT",316000,"US","M"
2023,"SE","FT",316000,"US","M"
2023,"SE","FT",316000,"US","M"
2023,"SE","FT",315850,"US","M"
2023,"SE","FT",315850,"US","M"
2023,"SE","FT",315300,"US","M"
2024,"SE","FT",315000,"US","M"
2022,"SE","FT",315000,"US","M"
2024,"SE","FT",314100,"US","M"
2023,"EX","FT",314100,"US","M"
2024,"EX","FT",314000,"CA","M"
2024,"SE","FT",313000,"US","M"
2024,"SE","FT",313000,"US","M"
2024,"EX","FT",312287,"US","M"
2023,"SE","FT",311000,"US","M"
2024,"SE","FT",310270,"US","M"
2023,"SE","FT",310270,"US","M"
2023,"SE","FT",310270,"US","M"
2023,"SE","FT",310270,"US","M"
2023,"SE","FT",310270,"US","M"
2023,"SE","FT",310270,"US","M"
2024,"SE","FT",310000,"US","M"
2024,"SE","FT",310000,"US","M"
2024,"SE","FT",310000,"US","M"
2024,"SE","FT",310000,"US","M"
2024,"MI","FT",310000,"US","M"
2023,"MI","FT",310000,"US","M"
2023,"SE","FT",310000,"US","M"
2023,"SE","FT",310000,"US","M"
2023,"SE","FT",310000,"US","M"
2023,"EX","FT",310000,"US","M"
2023,"EX","FT",310000,"US","M"
2023,"EX","FT",310000,"US","M"
2023,"EX","FT",310000,"US","M"
2023,"SE","FT",310000,"US","M"
2022,"EX","FT",310000,"US","M"
2022,"EX","FT",310000,"US","M"
2023,"SE","FT",309400,"US","L"
2023,"SE","FT",309400,"US","L"
2023,"SE","FT",309400,"US","L"
2023,"SE","FT",309400,"US","L"
2023,"SE","FT",309400,"US","L"
2023,"SE","FT",309400,"US","L"
2023,"SE","FT",309400,"US","L"
2024,"SE","FT",309000,"US","M"
2024,"SE","FT",309000,"US","M"
2024,"SE","FT",309000,"US","M"
2023,"SE","FT",309000,"US","M"
2023,"SE","FT",309000,"US","M"
2023,"SE","FT",309000,"US","M"
2023,"SE","FT",309000,"US","M"
2023,"SE","FT",309000,"US","M"
2024,"MI","FT",308000,"US","M"
2023,"SE","FT",308000,"US","M"
2023,"SE","FT",308000,"US","M"
2023,"SE","FT",308000,"US","M"
2023,"SE","FT",308000,"US","M"
2024,"SE","FT",307100,"US","M"
2023,"SE","FT",307100,"US","M"
2023,"SE","FT",306400,"CA","M"
2023,"SE","FT",306000,"US","M"
2023,"SE","FT",306000,"US","M"
2023,"SE","FT",306000,"US","M"
2023,"SE","FT",306000,"US","M"
2023,"SE","FT",306000,"US","M"
2023,"SE","FT",305600,"US","M"
2023,"SE","FT",305600,"US","M"
2023,"SE","FT",305600,"US","M"
2023,"SE","FT",305600,"US","M"
2023,"SE","FT",305100,"US","M"
2023,"SE","FT",305000,"US","M"
2023,"SE","FT",305000,"US","M"
2024,"SE","FT",304750,"US","M"
2024,"SE","FT",304750,"US","M"
2023,"SE","FT",304750,"US","M"
2023,"SE","FT",304200,"US","M"
2023,"SE","FT",304000,"US","M"
2024,"SE","FT",303400,"US","M"
2024,"SE","FT",303400,"US","M"
2024,"SE","FT",303400,"CA","M"
2024,"SE","FT",303400,"US","M"
2024,"SE","FT",303050,"US","M"
2023,"SE","FT",303050,"US","M"
2023,"SE","FT",303050,"US","M"
2023,"SE","FT",303050,"US","M"
2024,"SE","FT",302840,"US","M"
2023,"SE","FT",302000,"US","M"
2023,"SE","FT",300240,"US","M"
2023,"SE","FT",300240,"US","M"
2023,"SE","FT",300105,"US","M"
2024,"SE","FT",300000,"US","M"
2024,"EX","FT",300000,"US","M"
2024,"SE","FT",300000,"US","M"
2024,"MI","FT",300000,"US","M"
2024,"EN","FT",300000,"US","M"
2024,"EN","FT",300000,"US","M"
2024,"EN","FT",300000,"US","M"
2024,"EX","FT",300000,"US","M"
2024,"EX","FT",300000,"US","M"
2024,"SE","FT",300000,"GB","M"
2024,"EX","FT",300000,"US","M"
2024,"SE","FT",300000,"US","M"
2024,"SE","FT",300000,"US","M"
2024,"SE","FT",300000,"US","M"
2024,"EX","FT",300000,"US","M"
2024,"SE","FT",300000,"US","M"
2024,"SE","FT",300000,"US","M"
2023,"SE","FT",300000,"US","M"
2023,"SE","FT",300000,"US","M"
2023,"SE","FT",300000,"US","M"
2023,"SE","FT",300000,"US","M"
2023,"SE","FT",300000,"US","M"
2023,"SE","FT",300000,"US","M"
2023,"SE","FT",300000,"US","M"
2023,"MI","FT",300000,"US","M"
2023,"SE","FT",300000,"US","M"
2023,"SE","FT",300000,"US","M"
2023,"MI","FT",300000,"US","M"
2023,"MI","FT",300000,"US","M"
2023,"SE","FT",300000,"US","M"
2023,"MI","FT",369120,"GB","M"
2023,"MI","FT",300000,"US","M"
2023,"SE","FT",300000,"US","M"
2023,"SE","FT",300000,"US","M"
2023,"SE","FT",300000,"US","M"
2023,"SE","FT",300000,"US","M"
2023,"MI","FT",369120,"GB","M"
2023,"MI","FT",369120,"GB","M"
2023,"MI","FT",300000,"US","M"
2023,"MI","FT",300000,"US","M"
2023,"MI","FT",300000,"QA","M"
2023,"SE","FT",300000,"US","M"
2023,"SE","FT",300000,"US","M"
2023,"SE","FT",300000,"US","M"
2023,"SE","FT",300000,"US","M"
2023,"MI","FT",300000,"GB","M"
2020,"EX","FT",300000,"US","L"
2023,"MI","FT",300000,"AU","M"
2023,"SE","CT",323905,"US","M"
2023,"MI","FT",300000,"US","M"
2023,"SE","FT",300000,"US","M"
2023,"SE","FT",300000,"US","M"
2023,"EX","FT",300000,"US","M"
2022,"SE","FT",300000,"US","M"
2022,"SE","FT",300000,"US","M"
2022,"SE","FT",300000,"US","M"
2022,"SE","FT",300000,"US","M"
2022,"SE","FT",300000,"US","M"
2022,"SE","FT",300000,"US","M"
2020,"EN","FT",45896,"DK","S"
2024,"SE","FT",299792,"US","M"
2023,"SE","FT",299500,"US","M"
2023,"EX","FT",299500,"US","M"
2023,"SE","FT",299500,"US","M"
2023,"SE","FT",299500,"US","M"
2023,"SE","FT",299500,"US","M"
2023,"SE","FT",299500,"US","M"
2023,"SE","FT",299500,"US","M"
2023,"SE","FT",299500,"US","M"
2023,"SE","FT",299500,"US","M"
2022,"SE","FT",299500,"US","M"
2023,"SE","FT",299000,"US","M"
2022,"EX","FT",297500,"US","M"
2023,"SE","FT",297300,"US","M"
2023,"SE","FT",297300,"US","M"
2023,"SE","FT",297300,"US","M"
2023,"SE","FT",297300,"US","M"
2023,"SE","FT",297300,"US","M"
2023,"SE","FT",297300,"US","M"
2023,"SE","FT",297300,"US","M"
2023,"SE","FT",297300,"US","M"
2023,"SE","FT",297300,"US","M"
2023,"SE","FT",297300,"US","M"
2023,"SE","FT",297300,"US","M"
2023,"SE","FT",297300,"US","M"
2024,"SE","FT",297000,"US","M"
2024,"SE","FT",297000,"US","M"
2024,"SE","FT",297000,"US","M"
2023,"SE","FT",297000,"US","M"
2023,"SE","FT",297000,"US","M"
2024,"SE","FT",296980,"US","M"
2023,"MI","FT",296980,"US","M"
2024,"SE","FT",296400,"US","M"
2023,"SE","FT",296400,"US","M"
2023,"SE","FT",296400,"US","M"
2023,"SE","FT",296400,"US","M"
2024,"SE","FT",296100,"US","M"
2023,"SE","FT",296100,"US","M"
2023,"EX","FT",295500,"US","M"
2024,"SE","FT",295490,"US","M"
2023,"SE","FT",295490,"US","M"
2023,"SE","FT",295490,"US","M"
2023,"SE","FT",295490,"US","M"
2023,"SE","FT",295490,"US","M"
2023,"SE","FT",295490,"US","M"
2023,"SE","FT",295490,"US","M"
2023,"SE","FT",295490,"US","M"
2024,"MI","FT",295000,"US","M"
2024,"MI","FT",295000,"US","M"
2024,"SE","FT",295000,"US","M"
2024,"MI","FT",295000,"US","M"
2024,"MI","FT",295000,"US","M"
2024,"MI","FT",295000,"US","M"
2024,"MI","FT",295000,"US","M"
2024,"SE","FT",295000,"US","M"
2024,"SE","FT",295000,"US","M"
2023,"SE","FT",295000,"US","M"
2024,"SE","FT",294000,"US","M"
2023,"SE","FT",294000,"US","M"
2023,"SE","FT",293000,"US","M"
2023,"SE","FT",293000,"US","M"
2023,"SE","FT",293000,"US","M"
2023,"SE","FT",292200,"US","M"
2023,"SE","FT",292000,"US","M"
2024,"EN","FT",291900,"US","M"
2023,"SE","FT",291500,"US","M"
2023,"SE","FT",291500,"US","M"
2023,"SE","FT",291500,"US","M"
2023,"SE","FT",290300,"US","M"
2024,"SE","FT",290000,"US","M"
2024,"EX","FT",290000,"US","M"
2024,"SE","FT",290000,"US","M"
2024,"SE","FT",290000,"US","M"
2024,"SE","FT",290000,"US","M"
2024,"EX","FT",290000,"US","M"
2023,"SE","FT",290000,"US","M"
2023,"SE","FT",290000,"US","M"
2023,"EX","FT",290000,"US","L"
2023,"SE","FT",290000,"US","M"
2023,"SE","FT",289800,"US","M"
2023,"SE","FT",289800,"GB","M"
2023,"SE","FT",289800,"US","M"
2023,"SE","FT",289800,"US","M"
2023,"SE","FT",289120,"US","M"
2023,"SE","FT",289076,"US","M"
2023,"SE","FT",289076,"US","M"
2024,"SE","FT",289000,"US","L"
2024,"EX","FT",288400,"US","M"
2024,"SE","FT",288400,"US","M"
2023,"SE","FT",288000,"US","M"
2023,"SE","FT",288000,"US","M"
2023,"SE","FT",288000,"US","M"
2024,"MI","FT",287800,"US","M"
2024,"MI","FT",287800,"US","M"
2023,"SE","FT",287700,"US","L"
2024,"SE","FT",287500,"US","M"
2024,"SE","FT",287500,"US","M"
2023,"SE","FT",287500,"US","M"
2023,"SE","FT",287500,"US","M"
2023,"SE","FT",287500,"US","M"
2023,"MI","FT",287500,"AU","M"
2023,"MI","FT",287500,"AU","M"
2024,"EX","FT",286500,"US","M"
2024,"SE","FT",286000,"US","M"
2023,"SE","FT",286000,"US","M"
2023,"EX","FT",286000,"US","M"
2023,"SE","FT",285800,"US","M"
2023,"SE","FT",285800,"US","M"
2024,"SE","FT",285670,"US","M"
2024,"SE","FT",285200,"US","M"
2024,"SE","FT",285000,"US","M"
2023,"MI","FT",285000,"US","L"
2023,"SE","FT",285000,"US","M"
2023,"SE","FT",285000,"US","M"
2023,"SE","FT",285000,"US","M"
2023,"SE","FT",285000,"US","M"
2023,"SE","FT",285000,"US","M"
2024,"SE","FT",323295,"CH","L"
2024,"SE","FT",284400,"US","M"
2024,"SE","FT",284400,"US","M"
2023,"SE","FT",284310,"US","M"
2023,"SE","FT",284310,"US","M"
2023,"SE","FT",284310,"US","M"
2023,"SE","FT",284050,"US","M"
2023,"SE","FT",284000,"US","M"
2023,"EX","FT",284000,"US","M"
2024,"SE","FT",283800,"US","M"
2024,"SE","FT",283800,"US","M"
2024,"SE","FT",283800,"US","M"
2024,"SE","FT",283780,"US","M"
2024,"SE","FT",283780,"US","M"
2024,"SE","FT",283780,"US","M"
2024,"SE","FT",283780,"US","M"
2024,"SE","FT",283780,"US","M"
2023,"SE","FT",283780,"US","M"
2023,"SE","FT",283780,"US","M"
2023,"SE","FT",283780,"US","M"
2023,"SE","FT",283780,"US","M"
2023,"SE","FT",283780,"US","M"
2023,"SE","FT",283780,"US","M"
2023,"SE","FT",283780,"US","M"
2023,"SE","FT",283780,"US","M"
2024,"SE","FT",283500,"US","M"
2023,"SE","FT",283200,"US","M"
2023,"SE","FT",283200,"US","M"
2023,"SE","FT",283200,"US","M"
2023,"SE","FT",283050,"US","M"
2023,"SE","FT",283000,"US","M"
2024,"SE","FT",282000,"US","M"
2024,"SE","FT",282000,"US","M"
2023,"SE","FT",282000,"US","M"
2023,"SE","FT",282000,"US","M"
2023,"EN","FT",281700,"US","M"
2023,"SE","FT",281000,"CA","M"
2023,"SE","FT",281000,"CA","M"
2023,"SE","FT",281000,"US","M"
2023,"SE","FT",281000,"CA","M"
2023,"SE","FT",280889,"US","M"
2023,"SE","FT",280889,"US","M"
2023,"SE","FT",280830,"CA","M"
2023,"MI","FT",280700,"US","M"
2023,"SE","FT",280600,"US","M"
2023,"SE","FT",280600,"US","M"
2023,"SE","FT",280100,"US","M"
2023,"SE","FT",280100,"US","M"
2024,"SE","FT",280000,"US","M"
2024,"SE","FT",280000,"US","M"
2024,"SE","FT",280000,"US","M"
2024,"MI","FT",280000,"US","M"
2024,"MI","FT",280000,"US","M"
2024,"MI","FT",280000,"US","M"
2023,"SE","FT",280000,"US","M"
2023,"MI","FT",280000,"US","M"
2023,"SE","FT",280000,"US","M"
2023,"SE","FT",280000,"US","M"
2023,"SE","FT",280000,"US","M"
2023,"SE","FT",280000,"US","M"
2023,"SE","FT",280000,"US","M"
2023,"SE","FT",280000,"US","M"
2023,"SE","FT",280000,"US","M"
2023,"SE","FT",280000,"US","M"
2023,"SE","FT",280000,"US","M"
2023,"SE","FT",280000,"US","M"
2023,"MI","FT",280000,"GB","L"
2023,"SE","FT",280000,"US","M"
2023,"SE","FT",280000,"US","M"
2024,"SE","FT",279000,"US","M"
2024,"SE","FT",278800,"US","M"
2024,"SE","FT",278700,"US","M"
2024,"SE","FT",278700,"US","M"
2024,"SE","FT",278700,"US","M"
2024,"SE","FT",278700,"US","M"
2024,"SE","FT",278700,"US","M"
2024,"SE","FT",278700,"US","M"
2024,"SE","FT",278700,"US","M"
2024,"SE","FT",278700,"US","M"
2024,"SE","FT",278700,"US","M"
2024,"SE","FT",278700,"US","M"
2023,"SE","FT",278700,"US","M"
2023,"SE","FT",278700,"US","M"
2023,"SE","FT",278700,"US","M"
2023,"SE","FT",278700,"US","M"
2023,"SE","FT",278700,"US","M"
2023,"SE","FT",278700,"US","M"
2023,"SE","FT",278700,"US","M"
2023,"SE","FT",278700,"US","M"
2023,"SE","FT",278700,"US","M"
2023,"SE","FT",278300,"US","M"
2023,"SE","FT",278000,"US","M"
2023,"SE","FT",277500,"US","M"
2023,"SE","FT",277300,"GB","M"
2024,"SE","FT",277000,"US","M"
2024,"SE","FT",277000,"US","M"
2024,"SE","FT",277000,"US","M"
2024,"SE","FT",277000,"US","M"
2023,"SE","FT",277000,"US","M"
2024,"SE","FT",276000,"US","M"
2024,"SE","FT",276000,"US","M"
2024,"SE","FT",276000,"US","M"
2024,"SE","FT",276000,"US","M"
2024,"MI","FT",276000,"US","M"
2024,"SE","FT",276000,"US","M"
2023,"SE","FT",276000,"US","M"
2023,"SE","FT",276000,"US","M"
2023,"SE","FT",276000,"US","M"
2023,"SE","FT",276000,"US","M"
2023,"SE","FT",276000,"US","M"
2023,"SE","FT",276000,"US","M"
2021,"SE","FT",276000,"US","L"
2023,"SE","FT",275500,"US","M"
2023,"SE","FT",275300,"US","M"
2023,"SE","FT",275300,"US","M"
2023,"SE","FT",275300,"US","M"
2023,"SE","FT",275300,"US","M"
2023,"SE","FT",275300,"US","M"
2023,"SE","FT",275300,"US","M"
2023,"SE","FT",275300,"US","M"
2023,"SE","FT",275300,"US","M"
2023,"SE","FT",275300,"US","M"
2023,"SE","FT",275300,"US","M"
2023,"SE","FT",275300,"US","M"
2023,"SE","FT",275300,"US","M"
2023,"SE","FT",275300,"US","M"
2024,"SE","FT",275000,"US","M"
2023,"SE","FT",275000,"US","M"
2023,"SE","FT",275000,"DE","M"
2023,"SE","FT",275000,"US","M"
2023,"SE","FT",275000,"US","M"
2023,"SE","FT",275000,"US","M"
2023,"SE","FT",275000,"US","M"
2023,"SE","FT",275000,"US","M"
2023,"SE","FT",275000,"US","M"
2023,"MI","FT",275000,"CA","M"
2023,"SE","FT",275000,"US","M"
2023,"MI","FT",275000,"US","M"
2023,"MI","FT",275000,"US","M"
2023,"SE","FT",275000,"DE","M"
2022,"SE","FT",275000,"CA","S"
2023,"SE","FT",275000,"US","M"
2023,"SE","FT",275000,"DE","M"
2023,"SE","FT",275000,"US","M"
2022,"SE","FT",275000,"US","M"
2024,"SE","FT",211511,"CA","M"
2023,"SE","FT",274450,"US","M"
2024,"SE","FT",274000,"US","M"
2024,"SE","FT",273500,"US","M"
2023,"SE","FT",273500,"US","M"
2023,"SE","FT",273400,"US","M"
2023,"SE","FT",273400,"US","M"
2023,"SE","FT",273400,"US","M"
2023,"SE","FT",273400,"US","M"
2023,"SE","FT",273000,"US","M"
2024,"SE","FT",272700,"US","M"
2023,"SE","FT",272550,"US","M"
2022,"SE","FT",272550,"US","M"
2024,"SE","FT",272400,"US","M"
2023,"SE","FT",272400,"US","M"
2023,"EX","FT",272400,"US","L"
2023,"SE","FT",272400,"US","L"
2023,"SE","FT",272300,"US","M"
2023,"SE","FT",272290,"US","M"
2023,"SE","FT",272000,"US","M"
2023,"SE","FT",272000,"US","M"
2023,"SE","FT",270703,"US","M"
2024,"SE","FT",270400,"US","M"
2024,"MI","FT",270250,"US","M"
2024,"SE","FT",270250,"US","M"
2024,"SE","FT",270250,"US","M"
2023,"SE","FT",270250,"US","M"
2024,"SE","FT",270000,"US","M"
2024,"SE","FT",270000,"US","M"
2024,"SE","FT",270000,"AU","M"
2024,"SE","FT",270000,"US","M"
2023,"SE","FT",270000,"US","M"
2023,"MI","FT",270000,"US","L"
2023,"EX","FT",270000,"US","M"
2023,"SE","FT",270000,"US","M"
2023,"SE","FT",270000,"US","M"
2023,"MI","FT",270000,"US","M"
2021,"MI","CT",270000,"US","L"
2023,"EX","FT",269600,"US","M"
2023,"EX","FT",269600,"US","M"
2023,"EX","FT",269600,"US","M"
2023,"EX","FT",269600,"US","M"
2023,"SE","FT",269500,"US","M"
2023,"SE","FT",269500,"US","M"
2023,"SE","FT",269500,"US","M"
2024,"SE","FT",269100,"US","M"
2023,"SE","FT",269100,"US","M"
2024,"SE","FT",269000,"CA","M"
2023,"SE","FT",269000,"CA","M"
2024,"SE","FT",268700,"US","M"
2024,"EX","FT",268500,"CA","M"
2023,"SE","FT",268000,"US","M"
2023,"EX","FT",268000,"US","M"
2023,"SE","FT",268000,"US","M"
2023,"SE","FT",268000,"US","M"
2024,"SE","FT",267900,"US","M"
2024,"SE","FT",267900,"US","M"
2023,"SE","FT",267720,"US","M"
2023,"SE","FT",267720,"US","M"
2023,"SE","FT",267720,"US","M"
2023,"SE","FT",267720,"US","M"
2023,"SE","FT",267720,"US","M"
2023,"SE","FT",267720,"US","M"
2023,"SE","FT",267720,"US","M"
2023,"SE","FT",267720,"US","M"
2024,"EX","FT",267500,"US","M"
2024,"MI","FT",267100,"US","M"
2023,"SE","FT",267100,"US","M"
2023,"SE","FT",267100,"US","M"
2023,"SE","FT",267000,"US","M"
2024,"SE","FT",266875,"US","M"
2024,"SE","FT",266875,"US","M"
2023,"SE","FT",266875,"US","M"
2023,"SE","FT",266875,"US","M"
2023,"SE","FT",266500,"US","M"
2023,"SE","FT",266500,"US","M"
2023,"SE","FT",266500,"CA","M"
2024,"SE","FT",266482,"US","M"
2023,"SE","FT",266450,"US","M"
2023,"SE","FT",266450,"US","M"
2023,"SE","FT",266450,"US","M"
2023,"SE","FT",266400,"US","M"
2022,"SE","FT",266400,"US","M"
2024,"SE","FT",266000,"US","M"
2023,"SE","FT",266000,"US","M"
2023,"SE","FT",266000,"US","M"
2023,"SE","FT",266000,"US","M"
2023,"SE","FT",265800,"US","M"
2023,"EX","FT",265800,"US","M"
2024,"SE","FT",265200,"US","M"
2024,"EX","FT",265000,"US","M"
2023,"SE","FT",265000,"US","M"
2023,"SE","FT",265000,"US","M"
2023,"SE","FT",265000,"US","M"
2023,"SE","FT",265000,"US","M"
2023,"EX","FT",265000,"US","M"
2023,"SE","FT",265000,"US","M"
2023,"SE","FT",265000,"US","M"
2023,"SE","FT",264846,"US","M"
2023,"SE","FT",264400,"US","M"
2024,"SE","FT",263500,"US","M"
2023,"SE","FT",263500,"US","M"
2023,"SE","FT",263100,"US","M"
2024,"MI","FT",263000,"US","M"
2024,"EX","FT",263000,"US","M"
2023,"SE","FT",262500,"US","L"
2024,"SE","FT",262269,"US","M"
2023,"SE","FT",262269,"US","M"
2023,"SE","FT",262000,"US","M"
2023,"SE","FT",262000,"US","M"
2023,"SE","FT",262000,"US","M"
2023,"SE","FT",262000,"US","M"
2023,"SE","FT",261500,"US","L"
2023,"SE","FT",261500,"US","L"
2023,"SE","FT",261500,"US","L"
2024,"SE","FT",261050,"US","M"
2024,"SE","FT",260800,"US","M"
2023,"MI","FT",260600,"US","M"
2022,"EX","FT",260500,"US","M"
2024,"EN","FT",260100,"US","M"
2024,"MI","FT",260100,"US","M"
2024,"SE","FT",260000,"US","L"
2024,"SE","FT",260000,"US","L"
2024,"SE","FT",260000,"US","M"
2024,"MI","FT",260000,"US","M"
2024,"SE","FT",260000,"US","L"
2024,"SE","FT",260000,"US","L"
2024,"SE","FT",260000,"US","L"
2024,"SE","FT",260000,"US","M"
2024,"SE","FT",260000,"US","L"
2024,"SE","FT",260000,"US","L"
2024,"SE","FT",260000,"US","L"
2024,"SE","FT",260000,"US","L"
2024,"EX","FT",260000,"US","L"
2024,"SE","FT",260000,"US","M"
2024,"SE","FT",260000,"US","L"
2023,"SE","FT",260000,"US","M"
2023,"SE","FT",260000,"US","M"
2023,"SE","FT",260000,"US","L"
2023,"SE","FT",260000,"US","L"
2023,"MI","FT",260000,"US","L"
2023,"SE","FT",260000,"US","L"
2023,"SE","FT",260000,"US","L"
2023,"SE","FT",260000,"US","M"
2023,"MI","FT",260000,"US","M"
2023,"SE","FT",260000,"US","L"
2023,"SE","FT",260000,"US","L"
2023,"SE","FT",260000,"US","L"
2023,"SE","FT",260000,"US","M"
2023,"SE","FT",260000,"US","M"
2023,"SE","FT",260000,"US","M"
2023,"SE","FT",260000,"US","M"
2023,"SE","FT",260000,"US","M"
2023,"SE","FT",260000,"US","M"
2023,"SE","FT",260000,"US","M"
2023,"SE","FT",260000,"US","M"
2023,"SE","FT",260000,"US","M"
2023,"SE","FT",260000,"US","L"
2023,"SE","FT",260000,"US","M"
2023,"SE","FT",260000,"US","L"
2023,"SE","FT",260000,"US","L"
2023,"SE","FT",260000,"US","L"
2023,"SE","FT",260000,"US","L"
2023,"SE","FT",260000,"US","M"
2023,"SE","FT",260000,"US","L"
2023,"SE","FT",260000,"US","L"
2023,"SE","FT",260000,"US","L"
2023,"SE","FT",260000,"US","L"
2023,"SE","FT",260000,"US","L"
2023,"EX","FT",260000,"US","M"
2023,"SE","FT",260000,"US","L"
2023,"MI","FT",260000,"AU","M"
2023,"SE","FT",260000,"US","L"
2023,"SE","FT",260000,"US","L"
2023,"SE","FT",260000,"US","L"
2023,"SE","FT",260000,"US","L"
2023,"MI","FT",260000,"US","M"
2023,"SE","FT",260000,"US","M"
2023,"SE","FT",260000,"US","M"
2023,"SE","FT",260000,"US","L"
2023,"SE","FT",260000,"US","L"
2023,"SE","FT",260000,"US","L"
2023,"SE","FT",260000,"US","M"
2023,"SE","FT",260000,"CA","M"
2023,"MI","FT",260000,"US","M"
2023,"SE","FT",260000,"US","M"
2022,"MI","FT",260000,"US","M"
2022,"SE","FT",260000,"US","M"
2022,"EX","FT",260000,"US","M"
2022,"SE","FT",260000,"US","M"
2020,"SE","FT",260000,"JP","S"
2024,"SE","FT",259900,"CA","M"
2023,"SE","FT",259900,"US","M"
2024,"EX","FT",259850,"US","M"
2024,"SE","FT",259700,"US","M"
2023,"SE","FT",259000,"US","M"
2023,"SE","FT",259000,"US","M"
2023,"SE","FT",259000,"US","M"
2023,"SE","FT",259000,"US","M"
2023,"SE","FT",258900,"US","M"
2024,"SE","FT",258800,"US","M"
2024,"SE","FT",258800,"US","M"
2023,"SE","FT",258800,"US","M"
2023,"SE","FT",258800,"US","M"
2023,"SE","FT",258800,"GB","M"
2023,"SE","FT",258800,"GB","M"
2023,"SE","FT",258800,"GB","M"
2023,"SE","FT",258750,"US","M"
2023,"EX","FT",258750,"US","M"
2023,"EX","FT",258750,"US","M"
2024,"SE","FT",258720,"US","M"
2023,"SE","FT",258700,"US","M"
2023,"SE","FT",258700,"US","M"
2023,"SE","FT",258700,"US","M"
2023,"SE","FT",258700,"US","M"
2023,"MI","FT",258700,"US","M"
2023,"SE","FT",258700,"US","M"
2023,"SE","FT",258700,"US","M"
2024,"SE","FT",258600,"US","M"
2024,"EX","FT",258500,"US","M"
2024,"SE","FT",258500,"US","M"
2023,"SE","FT",258500,"US","M"
2024,"SE","FT",258450,"US","M"
2023,"SE","FT",258384,"US","M"
2024,"SE","FT",258100,"US","M"
2024,"SE","FT",258100,"US","M"
2024,"SE","FT",258100,"US","M"
2024,"MI","FT",258000,"US","M"
2023,"SE","FT",258000,"US","M"
2023,"SE","FT",258000,"US","M"
2023,"SE","FT",258000,"US","M"
2023,"SE","FT",258000,"US","M"
2023,"SE","FT",258000,"CA","M"
2023,"MI","FT",258000,"US","M"
2023,"SE","FT",258000,"CA","M"
2023,"MI","FT",258000,"US","L"
2023,"SE","FT",258000,"CA","M"
2023,"SE","FT",258000,"CA","M"
2024,"SE","FT",257600,"US","M"
2024,"EN","FT",257400,"US","M"
2023,"SE","FT",257400,"US","M"
2023,"MI","FT",257400,"US","M"
2023,"MI","FT",257400,"US","M"
2023,"EX","FT",257400,"US","M"
2024,"SE","FT",257250,"US","M"
2024,"SE","FT",257000,"US","M"
2023,"SE","FT",257000,"US","M"
2023,"SE","FT",257000,"US","M"
2023,"SE","FT",257000,"US","M"
2024,"SE","FT",256100,"US","M"
2023,"SE","FT",256000,"US","M"
2021,"SE","FT",256000,"US","S"
2024,"SE","FT",255800,"US","M"
2024,"SE","FT",255800,"US","M"
2024,"SE","FT",255800,"US","M"
2024,"SE","FT",255800,"US","M"
2024,"SE","FT",255800,"US","M"
2024,"SE","FT",255800,"US","M"
2024,"SE","FT",255800,"US","M"
2024,"SE","FT",255800,"US","M"
2024,"SE","FT",255800,"US","M"
2023,"SE","FT",255800,"US","M"
2024,"SE","FT",255475,"US","M"
2024,"SE","FT",255475,"US","M"
2023,"SE","FT",255360,"US","M"
2024,"SE","FT",255000,"US","M"
2024,"SE","FT",255000,"US","M"
2024,"SE","FT",255000,"US","M"
2023,"SE","FT",255000,"US","M"
2023,"SE","FT",255000,"US","M"
2023,"SE","FT",255000,"US","M"
2023,"SE","FT",255000,"US","M"
2023,"SE","FT",255000,"US","M"
2023,"SE","FT",255000,"US","M"
2022,"SE","FT",255000,"MX","M"
2023,"SE","FT",254900,"US","M"
2023,"SE","FT",254500,"US","L"
2024,"SE","FT",254400,"US","M"
2024,"EN","FT",254270,"US","M"
2024,"EN","FT",254270,"US","M"
2024,"SE","FT",254000,"US","M"
2023,"SE","FT",254000,"US","M"
2023,"SE","FT",254000,"US","M"
2023,"SE","FT",254000,"US","M"
2023,"SE","FT",254000,"US","M"
2023,"SE","FT",254000,"US","M"
2023,"SE","FT",254000,"US","M"
2023,"SE","FT",254000,"US","M"
2023,"SE","FT",254000,"US","M"
2023,"SE","FT",254000,"US","M"
2023,"SE","FT",254000,"US","M"
2023,"SE","FT",253792,"US","M"
2023,"SE","FT",253750,"ES","M"
2023,"SE","FT",253750,"ES","M"
2024,"SE","FT",253430,"US","M"
2024,"SE","FT",253430,"US","M"
2024,"SE","FT",253430,"US","M"
2023,"SE","FT",253430,"US","M"
2023,"SE","FT",253430,"US","M"
2023,"SE","FT",253200,"US","M"
2024,"EN","FT",253000,"US","M"
2024,"SE","FT",253000,"US","M"
2023,"MI","FT",253000,"US","M"
2023,"SE","FT",253000,"US","M"
2023,"SE","FT",253000,"US","M"
2023,"SE","FT",253000,"US","M"
2023,"SE","FT",253000,"US","M"
2023,"SE","FT",253000,"US","M"
2023,"SE","FT",253000,"US","M"
2023,"SE","FT",253000,"US","M"
2023,"SE","FT",253000,"US","M"
2023,"SE","FT",253000,"US","M"
2023,"MI","FT",252990,"US","M"
2023,"EN","FT",252990,"US","M"
2023,"SE","FT",252990,"US","M"
2024,"SE","FT",252000,"US","M"
2024,"MI","FT",252000,"US","M"
2024,"MI","FT",252000,"US","M"
2024,"SE","FT",252000,"US","M"
2023,"SE","FT",252000,"US","M"
2023,"SE","FT",252000,"US","M"
2023,"SE","FT",252000,"US","M"
2023,"SE","FT",252000,"US","M"
2023,"SE","FT",252000,"US","M"
2023,"SE","FT",252000,"US","M"
2023,"SE","FT",252000,"US","M"
2023,"SE","FT",252000,"US","M"
2023,"SE","FT",252000,"US","M"
2023,"SE","FT",252000,"US","M"
2023,"SE","FT",252000,"US","M"
2023,"SE","FT",252000,"US","M"
2023,"SE","FT",252000,"US","M"
2023,"SE","FT",252000,"US","M"
2023,"SE","FT",252000,"US","M"
2023,"SE","FT",252000,"US","M"
2023,"SE","FT",252000,"US","M"
2023,"SE","FT",252000,"US","M"
2023,"SE","FT",252000,"US","M"
2023,"SE","FT",252000,"US","M"
2024,"SE","FT",251250,"US","M"
2023,"SE","FT",251250,"US","M"
2024,"SE","FT",251000,"US","M"
2023,"SE","FT",250944,"US","M"
2024,"MI","FT",250900,"US","M"
2024,"MI","FT",250900,"US","M"
2024,"SE","FT",250900,"US","M"
2024,"SE","FT",250900,"US","M"
2023,"SE","FT",250900,"US","M"
2023,"SE","FT",250830,"US","M"
2024,"SE","FT",250800,"US","M"
2024,"SE","FT",250800,"US","M"
2023,"EN","FT",250800,"US","M"
2023,"EN","FT",250800,"US","M"
2023,"EN","FT",250800,"US","M"
2023,"SE","FT",250500,"US","M"
2023,"SE","FT",250500,"US","M"
2023,"SE","FT",250500,"US","M"
2023,"SE","FT",250500,"US","M"
2023,"SE","FT",250500,"US","M"
2023,"EX","FT",250300,"US","M"
2024,"MI","FT",250000,"US","M"
2024,"MI","FT",250000,"US","M"
2024,"MI","FT",250000,"US","M"
2024,"SE","FT",250000,"US","M"
2024,"MI","FT",250000,"US","M"
2024,"SE","FT",250000,"US","M"
2024,"SE","FT",250000,"US","M"
2024,"SE","FT",250000,"US","M"
2024,"SE","FT",250000,"US","M"
2024,"SE","FT",250000,"US","M"
2024,"MI","FT",250000,"US","M"
2024,"SE","FT",250000,"US","M"
2024,"SE","FT",250000,"US","M"
2024,"EX","FT",250000,"US","M"
2024,"SE","FT",250000,"US","M"
2024,"SE","FT",250000,"US","M"
2024,"SE","FT",250000,"US","M"
2024,"MI","FT",250000,"US","M"
2024,"SE","FT",250000,"US","M"
2024,"SE","FT",250000,"US","M"
2024,"SE","FT",250000,"US","M"
2024,"EN","FT",250000,"US","M"
2024,"MI","FT",250000,"US","M"
2024,"SE","FT",250000,"US","M"
2023,"SE","FT",250000,"US","M"
2023,"SE","FT",250000,"US","M"
2023,"EN","FT",250000,"US","M"
2023,"SE","FT",250000,"US","M"
2023,"SE","FT",250000,"US","M"
2023,"SE","FT",250000,"US","M"
2023,"MI","FT",250000,"US","M"
2023,"EX","FT",250000,"US","M"
2023,"SE","FT",250000,"US","M"
2023,"MI","FT",250000,"US","M"
2023,"EX","FT",250000,"US","M"
2023,"SE","FT",250000,"US","M"
2023,"MI","FT",250000,"US","M"
2023,"EX","FT",250000,"US","M"
2023,"SE","FT",250000,"US","M"
2023,"MI","FT",250000,"US","M"
2023,"SE","FT",250000,"US","M"
2023,"MI","FT",250000,"US","M"
2023,"MI","FT",250000,"US","M"
2023,"SE","FT",250000,"US","M"
2023,"SE","FT",250000,"US","M"
2023,"SE","FT",250000,"US","M"
2023,"SE","FT",250000,"US","M"
2023,"SE","FT",250000,"US","M"
2023,"MI","FT",250000,"US","M"
2023,"SE","FT",250000,"US","M"
2023,"SE","FT",250000,"US","M"
2023,"SE","FT",250000,"US","M"
2023,"SE","FT",250000,"US","M"
2023,"MI","FT",250000,"US","M"
2023,"SE","FT",250000,"US","M"
2023,"SE","FT",250000,"US","M"
2023,"EX","FT",250000,"US","M"
2023,"EX","FT",250000,"US","M"
2023,"MI","FT",250000,"US","M"
2023,"SE","FT",250000,"US","M"
2023,"SE","FT",250000,"US","M"
2023,"MI","FT",250000,"US","M"
2023,"SE","FT",250000,"US","M"
2023,"SE","FT",250000,"US","M"
2023,"SE","FT",250000,"US","M"
2023,"MI","FT",250000,"US","M"
2023,"SE","FT",250000,"US","M"
2023,"MI","FT",250000,"US","M"
2023,"SE","FT",250000,"US","M"
2023,"SE","FT",250000,"US","M"
2023,"SE","FT",250000,"US","M"
2023,"SE","FT",250000,"US","M"
2023,"SE","FT",250000,"US","M"
2023,"MI","FT",250000,"US","M"
2023,"SE","FT",250000,"US","M"
2023,"SE","FT",250000,"US","M"
2022,"SE","FT",250000,"US","M"
2022,"SE","FT",250000,"US","M"
2022,"SE","FT",250000,"US","M"
2022,"SE","FT",250000,"US","M"
2022,"SE","FT",250000,"US","M"
2022,"SE","FT",250000,"US","M"
2022,"SE","FT",250000,"US","M"
2022,"SE","FT",250000,"US","M"
2022,"SE","FT",250000,"US","M"
2022,"SE","FT",250000,"US","M"
2022,"SE","FT",250000,"US","M"
2022,"SE","FT",250000,"US","M"
2021,"SE","FT",250000,"US","L"
2022,"SE","FT",250000,"US","M"
2022,"SE","FT",250000,"US","M"
2022,"SE","FT",250000,"US","M"
2022,"EX","FT",192037,"CA","L"
2021,"EX","FT",250000,"US","L"
2020,"EN","FT",250000,"US","L"
2021,"MI","FT",28016,"TR","M"
2024,"SE","FT",249700,"US","M"
2023,"EX","FT",249600,"US","M"
2022,"SE","FT",249500,"US","M"
2022,"SE","FT",249500,"US","M"
2022,"SE","FT",249500,"US","M"
2023,"MI","FT",249300,"US","L"
2023,"EX","FT",249300,"US","M"
2023,"EX","FT",249300,"US","M"
2022,"SE","FT",249260,"US","M"
2022,"SE","FT",248700,"US","M"
2024,"SE","FT",248600,"US","M"
2024,"SE","FT",248600,"US","M"
2022,"SE","FT",248400,"CA","M"
2023,"SE","FT",248100,"US","M"
2023,"SE","FT",248100,"US","M"
2023,"SE","FT",248100,"US","M"
2023,"SE","FT",248100,"US","M"
2023,"SE","FT",248100,"US","M"
2023,"SE","FT",248100,"US","M"
2023,"SE","FT",248100,"US","M"
2023,"SE","FT",248100,"US","M"
2023,"SE","FT",248100,"US","M"
2023,"SE","FT",248100,"US","M"
2023,"SE","FT",248100,"US","M"
2023,"SE","FT",248100,"US","M"
2023,"SE","FT",248100,"US","M"
2023,"SE","FT",248100,"US","M"
2023,"SE","FT",248100,"CA","M"
2023,"SE","FT",248100,"US","M"
2023,"SE","FT",248000,"US","M"
2024,"SE","FT",247600,"US","L"
2024,"MI","FT",247600,"US","L"
2024,"SE","FT",247600,"US","L"
2024,"SE","FT",247600,"US","L"
2024,"SE","FT",247600,"US","L"
2023,"SE","FT",247600,"US","L"
2023,"SE","FT",247600,"US","L"
2023,"SE","FT",247600,"US","L"
2023,"SE","FT",247600,"US","L"
2023,"SE","FT",247600,"US","L"
2023,"SE","FT",247600,"US","L"
2024,"SE","FT",247500,"US","M"
2024,"SE","FT",247500,"US","M"
2024,"SE","FT",247500,"US","M"
2024,"SE","FT",247500,"US","M"
2023,"SE","FT",247500,"US","M"
2023,"MI","FT",247500,"US","M"
2023,"MI","FT",247500,"US","M"
2023,"MI","FT",247500,"US","M"
2023,"EX","FT",247500,"US","M"
2023,"EX","FT",247500,"US","M"
2023,"SE","FT",247500,"US","M"
2023,"SE","FT",247500,"US","M"
2023,"SE","FT",247500,"US","M"
2023,"SE","FT",247500,"US","M"
2023,"EX","FT",247500,"US","M"
2023,"SE","FT",247500,"US","M"
2023,"SE","FT",247500,"US","M"
2023,"EX","FT",247500,"US","M"
2023,"SE","FT",247500,"US","M"
2023,"SE","FT",247500,"US","M"
2023,"SE","FT",247500,"US","M"
2023,"SE","FT",247500,"US","M"
2023,"SE","FT",247500,"US","M"
2023,"SE","FT",247500,"US","M"
2023,"SE","FT",247500,"US","M"
2023,"SE","FT",247500,"US","M"
2023,"SE","FT",247500,"US","M"
2023,"SE","FT",247500,"US","M"
2023,"SE","FT",247500,"US","M"
2023,"SE","FT",247500,"US","M"
2023,"SE","FT",247500,"US","M"
2023,"SE","FT",247500,"US","M"
2023,"SE","FT",247500,"US","M"
2022,"SE","FT",247500,"US","M"
2022,"SE","FT",247500,"US","M"
2022,"SE","FT",247500,"US","M"
2022,"SE","FT",247500,"US","M"
2024,"SE","FT",247300,"US","M"
2024,"SE","FT",247300,"US","M"
2024,"SE","FT",247300,"US","M"
2023,"SE","FT",247300,"US","M"
2023,"SE","FT",247300,"US","M"
2023,"SE","FT",247300,"US","M"
2023,"SE","FT",247300,"US","M"
2023,"SE","FT",247300,"US","M"
2023,"SE","FT",247300,"US","M"
2023,"SE","FT",247300,"US","M"
2023,"SE","FT",247300,"US","M"
2023,"SE","FT",247300,"US","M"
2023,"SE","FT",247300,"US","M"
2023,"SE","FT",247300,"US","M"
2023,"SE","FT",247300,"US","M"
2023,"SE","FT",247300,"US","M"
2023,"SE","FT",247300,"US","M"
2023,"SE","FT",247300,"US","M"
2024,"SE","FT",247250,"US","M"
2024,"SE","FT",247250,"US","M"
2023,"SE","FT",247250,"US","M"
2023,"SE","FT",247250,"US","M"
2023,"SE","FT",247250,"US","M"
2024,"EX","FT",247000,"US","M"
2023,"SE","FT",247000,"US","M"
2023,"EX","FT",247000,"US","M"
2024,"SE","FT",246500,"US","M"
2023,"SE","FT",246500,"US","M"
2024,"EX","FT",246100,"US","M"
2024,"SE","FT",246000,"US","M"
2024,"MI","FT",246000,"US","M"
2024,"MI","FT",246000,"US","M"
2022,"SE","FT",246000,"US","M"
2022,"SE","FT",246000,"US","M"
2024,"SE","FT",245700,"US","M"
2023,"SE","FT",245700,"US","M"
2023,"SE","FT",245700,"US","M"
2023,"SE","FT",245700,"US","M"
2024,"SE","FT",245400,"US","M"
2023,"SE","FT",245100,"US","M"
2023,"SE","FT",245100,"US","M"
2023,"SE","FT",245100,"US","M"
2023,"SE","FT",245100,"US","M"
2023,"SE","FT",245100,"US","M"
2023,"SE","FT",245100,"US","M"
2023,"SE","FT",245100,"US","M"
2023,"SE","FT",245100,"US","M"
2022,"SE","FT",245100,"US","M"
2024,"SE","FT",245000,"US","M"
2024,"SE","FT",245000,"US","M"
2024,"SE","FT",245000,"US","M"
2024,"EX","FT",245000,"US","M"
2024,"SE","FT",245000,"US","M"
2024,"SE","FT",245000,"US","M"
2024,"MI","FT",245000,"US","M"
2024,"SE","FT",245000,"US","M"
2024,"MI","FT",245000,"US","M"
2024,"MI","FT",245000,"US","M"
2024,"SE","FT",245000,"US","M"
2024,"SE","FT",245000,"US","M"
2024,"SE","FT",245000,"US","M"
2024,"SE","FT",245000,"US","M"
2024,"MI","FT",245000,"US","M"
2024,"MI","FT",245000,"US","M"
2023,"MI","FT",245000,"US","M"
2023,"SE","FT",245000,"US","M"
2023,"SE","FT",245000,"US","M"
2023,"SE","FT",245000,"US","M"
2023,"SE","FT",245000,"US","M"
2023,"SE","FT",245000,"US","M"
2023,"SE","FT",245000,"US","M"
2023,"SE","FT",245000,"US","M"
2023,"SE","FT",245000,"US","M"
2023,"SE","FT",245000,"US","M"
2023,"SE","FT",245000,"US","M"
2023,"SE","FT",245000,"US","M"
2023,"SE","FT",245000,"US","M"
2023,"SE","FT",245000,"US","M"
2023,"SE","FT",245000,"US","M"
2023,"SE","FT",245000,"US","M"
2023,"SE","FT",245000,"US","M"
2023,"SE","FT",245000,"GB","M"
2023,"SE","FT",245000,"US","M"
2023,"SE","FT",245000,"US","M"
2023,"SE","FT",245000,"US","M"
2023,"SE","FT",245000,"US","M"
2022,"SE","FT",245000,"US","M"
2022,"SE","FT",245000,"US","M"
2022,"SE","FT",245000,"US","M"
2024,"SE","FT",244868,"US","M"
2024,"SE","FT",244800,"US","M"
2024,"SE","FT",244400,"FR","M"
2023,"SE","FT",244000,"CA","M"
2023,"SE","FT",244000,"CA","M"
2023,"MI","FT",244000,"US","M"
2022,"SE","FT",243900,"US","M"
2022,"SE","FT",243900,"US","M"
2024,"SE","FT",243800,"US","M"
2024,"MI","FT",243800,"US","M"
2023,"SE","FT",243600,"US","M"
2024,"MI","FT",243500,"US","M"
2024,"SE","FT",243500,"US","M"
2022,"SE","FT",243225,"US","M"
2024,"EX","FT",243000,"US","M"
2024,"SE","FT",243000,"US","M"
2023,"SE","FT",243000,"CA","M"
2023,"MI","FT",243000,"CA","M"
2022,"SE","FT",243000,"US","M"
2023,"SE","FT",242921,"US","M"
2023,"SE","FT",242921,"US","M"
2024,"MI","FT",242100,"US","M"
2024,"SE","FT",242100,"US","M"
2023,"MI","FT",242100,"US","M"
2024,"SE","FT",186153,"CA","M"
2024,"SE","FT",242000,"EG","M"
2024,"SE","FT",242000,"CA","M"
2024,"SE","FT",186153,"CA","M"
2024,"SE","FT",186153,"CA","M"
2024,"SE","FT",242000,"US","M"
2023,"SE","FT",242000,"US","M"
2023,"SE","FT",242000,"AU","M"
2023,"SE","FT",242000,"US","M"
2023,"MI","FT",242000,"US","M"
2023,"SE","FT",242000,"CA","M"
2023,"MI","FT",242000,"US","M"
2022,"EX","FT",242000,"US","M"
2023,"SE","FT",241871,"US","M"
2023,"SE","FT",241300,"US","M"
2023,"SE","FT",241300,"US","L"
2023,"SE","FT",241000,"US","M"
2023,"SE","FT",241000,"US","M"
2023,"SE","FT",241000,"US","M"
2023,"SE","FT",241000,"US","M"
2023,"SE","FT",241000,"US","M"
2022,"MI","FT",241000,"US","M"
2024,"MI","FT",240960,"US","M"
2024,"MI","FT",240960,"US","M"
2024,"SE","FT",240960,"US","M"
2023,"SE","FT",240960,"US","M"
2023,"SE","FT",240960,"US","M"
2023,"SE","FT",240810,"US","M"
2024,"SE","FT",240500,"US","L"
2024,"SE","FT",240500,"US","L"
2024,"SE","FT",240500,"US","M"
2023,"SE","FT",240500,"US","L"
2023,"SE","FT",240500,"US","L"
2023,"SE","FT",240500,"US","L"
2023,"SE","FT",240500,"US","L"
2023,"SE","FT",240500,"US","L"
2023,"SE","FT",240500,"US","L"
2023,"SE","FT",240500,"US","M"
2023,"SE","FT",240350,"US","M"
2024,"SE","FT",240200,"GB","M"
2024,"EX","FT",240000,"US","M"
2024,"MI","FT",240000,"US","M"
2024,"SE","FT",240000,"FR","M"
2024,"SE","FT",240000,"US","M"
2024,"SE","FT",240000,"US","M"
2024,"MI","FT",240000,"US","M"
2024,"MI","FT",240000,"US","M"
2024,"SE","FT",240000,"US","M"
2024,"SE","FT",240000,"US","M"
2024,"MI","FT",240000,"US","M"
2024,"SE","FT",240000,"US","M"
2024,"SE","FT",240000,"US","M"
2024,"MI","FT",240000,"US","M"
2024,"SE","FT",240000,"US","M"
2024,"SE","FT",240000,"US","M"
2024,"SE","FT",240000,"US","M"
2024,"SE","FT",240000,"US","M"
2024,"MI","FT",240000,"US","M"
2024,"SE","FT",240000,"US","M"
2024,"SE","FT",240000,"US","M"
2024,"SE","FT",240000,"US","M"
2023,"MI","FT",240000,"US","M"
2023,"SE","FT",240000,"US","M"
2023,"SE","FT",240000,"US","M"
2023,"MI","FT",240000,"US","M"
2023,"SE","FT",240000,"US","M"
2023,"SE","FT",240000,"US","M"
2023,"SE","FT",240000,"US","M"
2023,"EN","FT",240000,"US","M"
2023,"SE","FT",240000,"US","M"
2023,"SE","FT",240000,"US","M"
2023,"SE","FT",240000,"UA","M"
2023,"SE","FT",240000,"US","M"
2023,"SE","FT",240000,"US","M"
2023,"SE","FT",240000,"US","M"
2023,"SE","FT",240000,"US","M"
2023,"SE","FT",240000,"US","M"
2023,"SE","FT",240000,"US","M"
2023,"SE","FT",240000,"US","M"
2023,"SE","FT",240000,"US","M"
2023,"SE","FT",240000,"US","M"
2023,"SE","FT",240000,"GB","M"
2023,"SE","FT",240000,"US","M"
2023,"SE","FT",240000,"US","M"
2023,"SE","FT",240000,"US","M"
2023,"SE","FT",240000,"US","M"
2023,"SE","FT",240000,"US","M"
2023,"SE","FT",240000,"US","S"
2023,"SE","FT",240000,"US","M"
2023,"SE","FT",240000,"US","M"
2023,"SE","FT",240000,"US","M"
2023,"MI","FT",240000,"US","M"
2023,"SE","FT",240000,"US","M"
2023,"SE","FT",240000,"US","M"
2023,"SE","FT",240000,"US","M"
2023,"SE","FT",240000,"US","M"
2023,"SE","FT",240000,"US","M"
2023,"SE","FT",240000,"US","M"
2022,"SE","FT",240000,"US","M"
2022,"MI","FT",240000,"US","M"
2022,"SE","FT",240000,"US","M"
2021,"SE","FT",240000,"US","L"
2023,"SE","FT",239900,"US","M"
2023,"SE","FT",239748,"US","M"
2023,"SE","FT",239748,"US","M"
2024,"MI","FT",239600,"US","M"
2024,"MI","FT",239600,"US","M"
2023,"SE","FT",239400,"US","M"
2024,"SE","FT",239300,"US","M"
2024,"SE","FT",239300,"US","M"
2023,"SE","FT",239080,"US","M"
2023,"SE","FT",239000,"US","L"
2023,"SE","FT",239000,"US","M"
2023,"SE","FT",239000,"CA","M"
2023,"SE","FT",239000,"US","L"
2023,"EX","FT",239000,"US","M"
2023,"EX","FT",239000,"US","M"
2023,"EX","FT",239000,"US","M"
2023,"EX","FT",239000,"US","M"
2022,"EX","FT",239000,"US","M"
2022,"EX","FT",239000,"US","M"
2023,"SE","FT",238530,"US","M"
2024,"EX","FT",238500,"US","M"
2024,"EX","FT",238500,"US","M"
2024,"SE","FT",238400,"US","M"
2023,"SE","FT",238000,"US","M"
2023,"SE","FT",238000,"US","M"
2023,"SE","FT",238000,"US","M"
2023,"SE","FT",238000,"US","M"
2023,"MI","FT",238000,"US","M"
2023,"SE","FT",238000,"US","M"
2023,"SE","FT",238000,"CA","M"
2023,"SE","FT",238000,"CA","M"
2023,"SE","FT",238000,"US","M"
2023,"SE","FT",238000,"US","M"
2023,"SE","FT",238000,"US","M"
2023,"SE","FT",238000,"US","M"
2023,"SE","FT",238000,"CA","M"
2023,"SE","FT",238000,"US","M"
2023,"SE","FT",238000,"US","M"
2023,"SE","FT",238000,"US","M"
2023,"SE","FT",238000,"US","M"
2024,"SE","FT",237650,"US","M"
2024,"SE","FT",237600,"US","M"
2024,"SE","FT",237600,"US","M"
2024,"SE","FT",237600,"US","M"
2024,"SE","FT",237500,"US","M"
2024,"EX","FT",237500,"US","M"
2023,"EX","FT",237500,"US","M"
2023,"MI","FT",237400,"US","M"
2023,"SE","FT",237400,"GB","M"
2024,"SE","FT",237200,"US","M"
2024,"SE","FT",237188,"US","M"
2024,"MI","FT",237000,"US","M"
2023,"SE","FT",237000,"US","M"
2023,"SE","FT",237000,"US","M"
2023,"SE","FT",237000,"US","M"
2023,"SE","FT",237000,"US","M"
2023,"SE","FT",237000,"US","M"
2023,"SE","FT",237000,"US","M"
2023,"SE","FT",237000,"US","M"
2023,"SE","FT",237000,"US","M"
2023,"SE","FT",237000,"US","M"
2022,"SE","FT",236900,"US","L"
2022,"SE","FT",236600,"US","M"
2023,"SE","FT",236500,"US","M"
2023,"SE","FT",236500,"US","M"
2024,"SE","FT",236400,"US","M"
2023,"SE","FT",236160,"US","M"
2024,"SE","FT",236000,"US","M"
2024,"EX","FT",236000,"US","M"
2023,"EX","FT",236000,"US","M"
2023,"SE","FT",236000,"US","M"
2022,"SE","FT",236000,"US","M"
2023,"SE","FT",235750,"US","M"
2024,"SE","FT",235700,"US","M"
2024,"SE","FT",235680,"US","M"
2024,"SE","FT",235680,"US","M"
2024,"MI","FT",235680,"US","M"
2023,"SE","FT",235400,"US","M"
2023,"SE","FT",235400,"US","M"
2024,"SE","FT",235000,"US","M"
2024,"SE","FT",235000,"AU","M"
2024,"MI","FT",235000,"US","M"
2024,"SE","FT",235000,"US","M"
2024,"SE","FT",235000,"US","M"
2024,"SE","FT",235000,"US","M"
2024,"SE","FT",235000,"US","M"
2024,"SE","FT",235000,"CA","M"
2023,"SE","FT",235000,"US","M"
2023,"MI","FT",235000,"US","M"
2023,"SE","FT",235000,"US","M"
2023,"SE","FT",235000,"US","M"
2023,"SE","FT",235000,"US","M"
2023,"MI","FT",235000,"US","M"
2023,"SE","FT",235000,"US","M"
2023,"SE","FT",235000,"US","M"
2023,"SE","FT",235000,"US","M"
2023,"EX","FT",235000,"US","M"
2023,"EX","FT",235000,"US","M"
2023,"SE","FT",235000,"US","M"
2023,"SE","FT",235000,"US","M"
2023,"SE","FT",235000,"US","M"
2022,"SE","FT",235000,"US","M"
2022,"SE","FT",235000,"US","M"
2021,"EX","FT",235000,"US","L"
2021,"MI","FT",187442,"CA","L"
2021,"SE","FT",235000,"US","L"
2024,"SE","FT",234900,"US","M"
2023,"SE","FT",234900,"US","M"
2023,"SE","FT",234900,"US","M"
2024,"SE","FT",234700,"US","M"
2024,"SE","FT",234700,"US","M"
2024,"SE","FT",234700,"US","M"
2023,"SE","FT",234700,"US","M"
2023,"SE","FT",234500,"US","M"
2023,"SE","FT",234485,"US","M"
2023,"SE","FT",234485,"US","M"
2024,"SE","FT",234300,"US","M"
2024,"SE","FT",234200,"US","M"
2023,"SE","FT",234100,"US","M"
2024,"SE","FT",234000,"US","M"
2024,"EN","FT",234000,"US","M"
2024,"SE","FT",234000,"US","M"
2024,"SE","FT",234000,"US","M"
2024,"SE","FT",234000,"US","M"
2024,"SE","FT",234000,"US","M"
2024,"SE","FT",234000,"US","M"
2024,"SE","FT",234000,"US","M"
2024,"SE","FT",234000,"US","M"
2024,"SE","FT",234000,"US","M"
2024,"SE","FT",234000,"US","M"
2024,"SE","FT",234000,"US","M"
2024,"SE","FT",234000,"US","M"
2024,"SE","FT",234000,"US","M"
2024,"SE","FT",234000,"US","M"
2024,"SE","FT",234000,"US","M"
2024,"SE","FT",234000,"US","M"
2024,"SE","FT",234000,"US","M"
2024,"SE","FT",234000,"US","M"
2023,"SE","FT",234000,"US","M"
2023,"SE","FT",234000,"US","M"
2023,"SE","FT",234000,"US","M"
2023,"EX","FT",234000,"US","M"
2023,"SE","FT",234000,"US","M"
2023,"SE","FT",234000,"US","M"
2023,"SE","FT",234000,"US","M"
2023,"SE","FT",234000,"US","M"
2023,"SE","FT",234000,"US","M"
2023,"SE","FT",234000,"US","M"
2023,"SE","FT",234000,"US","M"
2024,"SE","FT",233840,"US","M"
2024,"EX","FT",233500,"US","M"
2023,"SE","FT",233500,"US","M"
2023,"SE","FT",233500,"US","M"
2023,"SE","FT",233400,"US","M"
2023,"SE","FT",233300,"US","M"
2023,"SE","FT",233300,"US","M"
2024,"SE","FT",233200,"US","M"
2024,"SE","FT",233200,"US","M"
2023,"SE","FT",233200,"US","M"
2023,"SE","FT",233000,"US","M"
2023,"SE","FT",233000,"US","M"
2023,"SE","FT",232989,"US","M"
2023,"SE","FT",232960,"US","M"
2023,"SE","FT",232960,"US","M"
2023,"SE","FT",232760,"US","M"
2023,"SE","FT",232200,"US","M"
2023,"SE","FT",232200,"US","M"
2023,"SE","FT",232200,"US","M"
2023,"SE","FT",232200,"US","M"
2023,"SE","FT",232200,"US","M"
2023,"SE","FT",232200,"US","M"
2024,"EX","FT",232000,"US","M"
2024,"SE","FT",232000,"US","M"
2023,"SE","FT",232000,"US","M"
2023,"SE","FT",231650,"US","M"
2024,"SE","FT",231600,"US","M"
2023,"SE","FT",231500,"US","M"
2023,"SE","FT",231500,"US","M"
2024,"MI","FT",231250,"US","M"
2023,"SE","FT",231250,"US","M"
2023,"SE","FT",231250,"US","M"
2023,"SE","FT",231250,"US","M"
2023,"SE","FT",231250,"US","M"
2023,"SE","FT",231250,"US","M"
2022,"SE","FT",231250,"US","M"
2022,"SE","FT",231250,"US","M"
2022,"SE","FT",231250,"US","M"
2022,"SE","FT",231250,"US","M"
2024,"SE","FT",231000,"US","M"
2024,"SE","FT",231000,"US","M"
2023,"SE","FT",231000,"US","M"
2023,"SE","FT",231000,"US","M"
2023,"SE","FT",231000,"US","M"
2024,"SE","FT",230797,"US","M"
2023,"SE","FT",230797,"US","M"
2022,"SE","FT",230400,"US","M"
2023,"SE","FT",230300,"US","M"
2024,"MI","FT",230000,"US","M"
2024,"SE","FT",230000,"US","M"
2024,"EX","FT",230000,"US","M"
2024,"EX","FT",230000,"CA","M"
2024,"SE","FT",230000,"US","M"
2024,"EX","FT",230000,"US","M"
2024,"SE","FT",230000,"US","M"
2024,"SE","FT",230000,"US","M"
2024,"SE","FT",230000,"US","M"
2024,"SE","FT",230000,"US","M"
2024,"SE","FT",230000,"US","M"
2024,"SE","FT",230000,"US","M"
2024,"SE","FT",230000,"US","M"
2024,"SE","FT",230000,"US","M"
2024,"SE","FT",230000,"US","M"
2024,"SE","FT",230000,"US","M"
2024,"MI","FT",230000,"US","M"
2024,"MI","FT",230000,"US","M"
2024,"SE","FT",230000,"US","M"
2024,"SE","FT",230000,"US","M"
2024,"SE","FT",230000,"US","M"
2023,"SE","FT",230000,"US","M"
2023,"SE","FT",230000,"US","M"
2023,"SE","FT",230000,"US","M"
2023,"SE","FT",230000,"US","M"
2023,"SE","FT",230000,"US","M"
2023,"SE","FT",230000,"US","M"
2023,"SE","FT",230000,"US","M"
2023,"SE","FT",230000,"US","M"
2023,"EX","FT",230000,"US","M"
2023,"SE","FT",230000,"US","M"
2023,"EX","FT",230000,"US","M"
2023,"SE","FT",230000,"US","M"
2023,"MI","FT",230000,"US","M"
2023,"SE","FT",230000,"US","M"
2023,"SE","FT",230000,"CA","M"
2023,"SE","FT",230000,"US","M"
2023,"SE","FT",230000,"US","M"
2023,"SE","FT",230000,"US","M"
2023,"SE","FT",230000,"US","M"
2023,"SE","FT",230000,"US","M"
2023,"SE","FT",230000,"US","M"
2023,"SE","FT",230000,"US","M"
2023,"SE","FT",230000,"US","M"
2023,"MI","FT",230000,"US","M"
2023,"MI","FT",230000,"US","M"
2023,"MI","FT",230000,"US","M"
2023,"SE","FT",230000,"US","M"
2023,"SE","FT",230000,"US","M"
2023,"MI","FT",230000,"US","M"
2023,"SE","FT",230000,"GB","M"
2023,"SE","FT",230000,"US","M"
2023,"EX","FT",230000,"US","M"
2023,"SE","FT",230000,"US","M"
2023,"SE","FT",230000,"US","M"
2023,"SE","FT",230000,"US","M"
2023,"SE","FT",230000,"US","M"
2023,"SE","FT",230000,"US","M"
2023,"SE","FT",230000,"GB","M"
2023,"SE","FT",230000,"US","M"
2023,"MI","FT",230000,"US","M"
2023,"MI","FT",230000,"US","M"
2023,"SE","FT",230000,"US","M"
2023,"SE","FT",230000,"US","M"
2023,"SE","FT",230000,"US","M"
2023,"SE","FT",230000,"US","M"
2023,"SE","FT",230000,"US","M"
2022,"SE","FT",230000,"US","M"
2022,"MI","FT",230000,"US","M"
2022,"SE","FT",230000,"US","M"
2022,"SE","FT",230000,"US","L"
2022,"SE","FT",230000,"US","M"
2022,"SE","FT",230000,"US","M"
2022,"SE","FT",230000,"US","M"
2021,"EX","FT",230000,"RU","L"
2022,"SE","FT",229998,"US","L"
2022,"SE","FT",229998,"US","L"
2024,"SE","FT",229900,"US","M"
2024,"SE","FT",229900,"US","M"
2024,"SE","FT",229900,"US","M"
2024,"MI","FT",229900,"US","M"
2024,"MI","FT",229900,"US","M"
2024,"SE","FT",229369,"US","M"
2024,"SE","FT",229000,"US","M"
2023,"MI","FT",229000,"US","M"
2023,"SE","FT",229000,"US","M"
2023,"SE","FT",229000,"US","M"
2023,"SE","FT",229000,"US","M"
2023,"SE","FT",228856,"US","M"
2023,"EX","FT",228856,"GB","M"
2023,"EX","FT",228856,"GB","M"
2023,"SE","FT",228830,"US","M"
2023,"SE","FT",228045,"US","M"
2023,"SE","FT",228000,"US","M"
2023,"SE","FT",228000,"US","M"
2023,"SE","FT",228000,"US","M"
2023,"SE","FT",228000,"US","M"
2023,"SE","FT",228000,"US","M"
2023,"SE","FT",228000,"US","M"
2023,"SE","FT",227850,"US","M"
2024,"SE","FT",227700,"US","M"
2023,"SE","FT",227700,"US","M"
2023,"SE","FT",227700,"US","M"
2023,"SE","FT",227500,"US","M"
2023,"SE","FT",227500,"US","M"
2023,"SE","FT",227240,"US","M"
2024,"SE","FT",227200,"US","M"
2022,"SE","FT",227200,"CA","M"
2024,"SE","FT",227000,"US","M"
2024,"SE","FT",227000,"US","M"
2023,"SE","FT",227000,"US","M"
2023,"SE","FT",227000,"US","M"
2023,"SE","FT",227000,"US","M"
2024,"MI","FT",226844,"US","M"
2023,"SE","FT",226700,"US","M"
2023,"SE","FT",226700,"CA","M"
2023,"SE","FT",226700,"US","M"
2023,"SE","FT",226700,"US","M"
2023,"SE","FT",226700,"US","M"
2023,"SE","FT",226700,"US","M"
2023,"SE","FT",226700,"US","M"
2023,"SE","FT",226700,"US","M"
2023,"SE","FT",226700,"US","M"
2023,"SE","FT",226600,"US","M"
2023,"SE","FT",226600,"US","M"
2023,"SE","FT",226600,"US","M"
2023,"SE","FT",226600,"US","M"
2023,"SE","FT",226600,"US","M"
2023,"SE","FT",226600,"US","M"
2023,"SE","FT",226600,"US","M"
2023,"SE","FT",226600,"US","M"
2023,"SE","FT",226600,"US","M"
2023,"SE","FT",226600,"US","M"
2023,"SE","FT",226600,"US","M"
2023,"SE","FT",226600,"US","M"
2023,"SE","FT",226600,"US","M"
2023,"SE","FT",226600,"US","M"
2023,"SE","FT",226600,"US","M"
2023,"SE","FT",226600,"US","M"
2023,"SE","FT",226600,"US","M"
2023,"SE","FT",226600,"US","M"
2023,"SE","FT",226600,"US","M"
2024,"SE","FT",226500,"US","M"
2023,"SE","FT",226500,"US","M"
2024,"SE","FT",226000,"US","M"
2024,"SE","FT",226000,"US","M"
2024,"SE","FT",226000,"US","M"
2023,"SE","FT",226000,"US","M"
2023,"SE","FT",226000,"US","M"
2023,"SE","FT",226000,"US","M"
2023,"SE","FT",226000,"US","M"
2023,"SE","FT",225900,"US","M"
2023,"SE","FT",225500,"US","M"
2023,"SE","FT",225500,"US","M"
2023,"SE","FT",225500,"US","M"
2023,"SE","FT",225500,"US","M"
2023,"SE","FT",225500,"US","M"
2023,"SE","FT",225500,"US","M"
2023,"SE","FT",225500,"US","M"
2023,"SE","FT",225300,"US","M"
2023,"SE","FT",225300,"US","M"
2023,"SE","FT",225300,"US","M"
2023,"MI","FT",225300,"US","M"
2023,"MI","FT",225300,"US","M"
2023,"SE","FT",225100,"US","M"
2024,"EX","FT",225000,"US","M"
2024,"EX","FT",225000,"US","M"
2024,"SE","FT",225000,"US","M"
2024,"SE","FT",225000,"US","M"
2024,"SE","FT",225000,"US","M"
2024,"SE","FT",225000,"US","M"
2024,"SE","FT",225000,"US","M"
2024,"SE","FT",225000,"US","M"
2024,"EX","FT",225000,"US","M"
2024,"SE","FT",225000,"CA","M"
2024,"SE","FT",225000,"US","M"
2024,"EX","FT",225000,"US","M"
2023,"SE","FT",225000,"US","M"
2023,"SE","FT",225000,"US","M"
2023,"SE","FT",225000,"US","M"
2023,"SE","FT",225000,"US","M"
2023,"SE","FT",225000,"US","M"
2023,"SE","FT",225000,"US","M"
2023,"SE","FT",225000,"US","M"
2023,"SE","FT",225000,"US","M"
2023,"EX","FT",225000,"US","M"
2023,"SE","FT",225000,"US","M"
2023,"SE","FT",225000,"US","M"
2023,"SE","FT",225000,"US","M"
2023,"SE","FT",225000,"US","M"
2023,"SE","FT",225000,"US","M"
2023,"SE","FT",225000,"US","M"
2023,"SE","FT",225000,"US","M"
2023,"SE","FT",225000,"US","M"
2023,"MI","FT",225000,"US","M"
2023,"SE","FT",225000,"US","M"
2023,"MI","FT",225000,"US","M"
2023,"SE","FT",225000,"US","M"
2023,"SE","FT",225000,"US","M"
2023,"SE","FT",225000,"US","M"
2023,"SE","FT",225000,"US","M"
2023,"SE","FT",225000,"US","M"
2023,"SE","FT",225000,"US","M"
2023,"SE","FT",225000,"US","M"
2023,"SE","FT",225000,"US","M"
2023,"SE","FT",225000,"US","M"
2023,"SE","FT",225000,"US","M"
2023,"SE","FT",225000,"US","M"
2023,"SE","FT",225000,"US","M"
2023,"SE","FT",225000,"US","M"
2023,"SE","FT",225000,"US","M"
2023,"SE","FT",225000,"US","M"
2023,"SE","FT",225000,"US","M"
2023,"SE","FT",225000,"US","M"
2023,"SE","FT",225000,"US","M"
2023,"SE","FT",225000,"FR","M"
2023,"SE","FT",225000,"US","M"
2023,"SE","FT",225000,"US","M"
2023,"EX","FT",225000,"US","M"
2023,"SE","FT",225000,"US","M"
2023,"SE","FT",225000,"US","M"
2023,"SE","FT",225000,"FR","M"
2023,"SE","FT",225000,"US","M"
2023,"SE","FT",225000,"US","M"
2023,"EX","FT",225000,"US","M"
2023,"EX","FT",225000,"US","M"
2023,"SE","FT",225000,"US","M"
2023,"SE","FT",225000,"US","M"
2023,"SE","FT",225000,"US","M"
2023,"SE","FT",225000,"US","M"
2023,"SE","FT",225000,"US","M"
2023,"SE","FT",225000,"US","M"
2023,"SE","FT",225000,"US","M"
2023,"SE","FT",225000,"US","M"
2023,"SE","FT",225000,"US","M"
2023,"SE","FT",225000,"US","M"
2023,"SE","FT",225000,"US","M"
2023,"SE","FT",225000,"US","M"
2023,"SE","FT",225000,"US","M"
2022,"SE","FT",225000,"US","M"
2022,"SE","FT",225000,"US","M"
2022,"SE","FT",225000,"US","M"
2022,"SE","FT",225000,"US","M"
2022,"SE","FT",225000,"US","M"
2022,"SE","FT",225000,"US","M"
2022,"SE","FT",225000,"US","M"
2022,"SE","FT",225000,"US","M"
2022,"SE","FT",225000,"US","M"
2022,"MI","FT",225000,"US","M"
2021,"EN","FT",225000,"US","L"
2021,"SE","FT",225000,"CA","L"
2023,"SE","FT",224880,"US","M"
2024,"SE","FT",224800,"US","M"
2023,"SE","FT",224800,"US","M"
2023,"SE","FT",224500,"US","M"
2023,"MI","FT",224400,"US","M"
2023,"SE","FT",224400,"US","M"
2023,"SE","FT",224250,"US","M"
2024,"SE","FT",224100,"US","M"
2024,"SE","FT",224000,"US","M"
2024,"MI","FT",224000,"CA","M"
2023,"SE","FT",224000,"US","M"
2023,"SE","FT",224000,"US","M"
2023,"SE","FT",224000,"CA","M"
2022,"EX","FT",224000,"US","M"
2023,"SE","FT",223800,"US","M"
2023,"SE","FT",223800,"US","M"
2024,"SE","FT",223700,"US","M"
2024,"SE","FT",223700,"US","M"
2023,"SE","FT",223602,"US","M"
2024,"MI","FT",223600,"US","L"
2023,"MI","FT",223600,"US","L"
2023,"SE","FT",223600,"US","L"
2023,"SE","FT",223600,"US","L"
2023,"SE","FT",223400,"US","M"
2023,"SE","FT",223290,"US","M"
2023,"SE","FT",223250,"US","M"
2023,"SE","FT",223250,"US","M"
2024,"MI","FT",223100,"US","M"
2024,"MI","FT",223100,"US","M"
2024,"MI","FT",223100,"US","M"
2023,"SE","FT",223100,"US","L"
2024,"MI","FT",223000,"US","M"
2023,"SE","FT",223000,"US","M"
2023,"SE","FT",222800,"US","M"
2023,"SE","FT",222750,"US","M"
2022,"EX","FT",222640,"US","M"
2023,"SE","FT",222405,"US","M"
2024,"SE","FT",222300,"US","M"
2024,"MI","FT",222200,"US","L"
2024,"MI","FT",222200,"US","L"
2024,"MI","FT",222200,"US","L"
2024,"MI","FT",222200,"US","L"
2024,"MI","FT",222200,"US","L"
2024,"MI","FT",222200,"US","L"
2024,"MI","FT",222200,"US","L"
2024,"MI","FT",222200,"US","L"
2024,"MI","FT",222200,"US","L"
2024,"MI","FT",222200,"US","L"
2024,"MI","FT",222200,"US","L"
2024,"MI","FT",222200,"US","L"
2024,"MI","FT",222200,"US","L"
2024,"MI","FT",222200,"US","L"
2024,"MI","FT",222200,"US","L"
2024,"MI","FT",222200,"US","L"
2023,"MI","FT",222200,"US","L"
2023,"MI","FT",222200,"US","L"
2023,"MI","FT",222200,"US","L"
2023,"MI","FT",222200,"US","L"
2023,"MI","FT",222200,"US","L"
2023,"MI","FT",222200,"US","L"
2023,"MI","FT",222200,"US","L"
2023,"MI","FT",222200,"US","L"
2023,"SE","FT",222200,"US","L"
2023,"SE","FT",222200,"US","L"
2023,"SE","FT",222200,"US","L"
2023,"SE","FT",222200,"US","L"
2023,"SE","FT",222200,"US","L"
2023,"SE","FT",222200,"US","L"
2023,"MI","FT",222200,"US","L"
2023,"MI","FT",222200,"US","L"
2023,"MI","FT",222200,"US","L"
2023,"SE","FT",222200,"US","L"
2023,"SE","FT",222200,"US","L"
2023,"SE","FT",222200,"US","L"
2023,"MI","FT",222200,"US","L"
2023,"MI","FT",222200,"US","L"
2023,"MI","FT",222200,"US","L"
2023,"SE","FT",222200,"US","L"
2023,"SE","FT",222200,"US","L"
2023,"SE","FT",222200,"US","L"
2023,"SE","FT",222200,"US","L"
2023,"SE","FT",222200,"US","L"
2023,"SE","FT",222200,"US","L"
2023,"SE","FT",222200,"US","L"
2023,"SE","FT",222200,"US","L"
2023,"SE","FT",222200,"US","L"
2023,"SE","FT",222200,"US","L"
2023,"SE","FT",222200,"US","L"
2023,"SE","FT",222200,"US","L"
2023,"SE","FT",222200,"US","L"
2023,"SE","FT",222200,"US","L"
2023,"SE","FT",222200,"US","L"
2023,"SE","FT",222200,"US","L"
2023,"SE","FT",222200,"US","L"
2023,"SE","FT",222200,"US","L"
2023,"SE","FT",222200,"US","L"
2023,"SE","FT",222200,"US","L"
2024,"SE","FT",222000,"US","M"
2023,"SE","FT",222000,"US","M"
2023,"SE","FT",222000,"US","M"
2023,"SE","FT",222000,"US","M"
2023,"EX","FT",222000,"US","M"
2023,"SE","FT",222000,"US","M"
2023,"SE","FT",222000,"US","M"
2023,"SE","FT",222000,"US","M"
2023,"SE","FT",222000,"US","M"
2023,"SE","FT",222000,"US","M"
2023,"SE","FT",222000,"US","M"
2023,"SE","FT",221800,"US","M"
2024,"SE","FT",221630,"US","M"
2024,"MI","FT",221500,"US","M"
2023,"SE","FT",221484,"US","M"
2023,"SE","FT",221300,"US","M"
2023,"SE","FT",221300,"US","M"
2023,"SE","FT",221300,"US","M"
2022,"SE","FT",221300,"US","L"
2024,"SE","FT",221000,"US","M"
2024,"SE","FT",221000,"US","M"
2024,"SE","FT",221000,"US","M"
2024,"SE","FT",221000,"US","M"
2024,"EX","FT",221000,"US","M"
2024,"SE","FT",221000,"US","M"
2024,"SE","FT",221000,"US","M"
2023,"SE","FT",221000,"US","M"
2023,"SE","FT",221000,"US","M"
2023,"SE","FT",221000,"US","M"
2023,"SE","FT",221000,"US","M"
2023,"SE","FT",221000,"US","M"
2023,"EX","FT",221000,"US","M"
2023,"SE","FT",221000,"US","M"
2024,"SE","FT",220800,"US","M"
2024,"SE","FT",220600,"US","M"
2022,"SE","FT",220110,"US","M"
2022,"SE","FT",220110,"US","M"
2024,"SE","FT",220067,"US","M"
2024,"SE","FT",220000,"US","M"
2024,"SE","FT",220000,"US","M"
2024,"SE","FT",220000,"US","M"
2024,"MI","FT",220000,"US","M"
2024,"EX","FT",220000,"US","M"
2024,"SE","FT",220000,"CA","M"
2024,"SE","FT",220000,"US","M"
2024,"SE","FT",220000,"US","M"
2024,"SE","FT",220000,"US","M"
2024,"SE","FT",220000,"US","M"
2024,"EX","FT",220000,"US","M"
2024,"EX","FT",220000,"US","M"
2024,"SE","FT",220000,"CA","M"
2024,"SE","FT",220000,"US","M"
2024,"SE","FT",220000,"GB","M"
2024,"SE","FT",220000,"US","M"
2024,"EX","FT",220000,"US","M"
2024,"MI","FT",220000,"US","M"
2024,"MI","FT",220000,"US","M"
2024,"SE","FT",220000,"US","M"
2024,"SE","FT",220000,"US","M"
2024,"SE","FT",220000,"US","M"
2024,"MI","FT",220000,"US","M"
2024,"SE","FT",220000,"US","M"
2024,"MI","FT",220000,"US","M"
2024,"MI","FT",220000,"US","M"
2024,"SE","FT",220000,"US","M"
2024,"EX","FT",220000,"US","M"
2024,"MI","FT",220000,"US","M"
2024,"SE","FT",220000,"US","M"
2024,"SE","FT",220000,"US","M"
2024,"SE","FT",220000,"US","M"
2024,"SE","FT",220000,"US","M"
2024,"EX","FT",220000,"US","M"
2024,"SE","FT",220000,"US","M"
2024,"SE","FT",220000,"US","M"
2024,"SE","FT",220000,"US","M"
2024,"SE","FT",220000,"US","M"
2023,"MI","FT",220000,"US","M"
2023,"MI","FT",220000,"CA","M"
2023,"SE","FT",220000,"US","M"
2023,"SE","FT",220000,"US","M"
2023,"SE","FT",220000,"US","M"
2023,"SE","FT",220000,"US","M"
2023,"SE","FT",220000,"US","M"
2023,"MI","FT",220000,"US","M"
2023,"SE","FT",220000,"US","M"
2023,"MI","FT",220000,"CA","M"
2023,"SE","FT",220000,"US","M"
2023,"MI","FT",220000,"US","M"
2023,"MI","FT",220000,"US","M"
2023,"MI","FT",220000,"US","M"
2023,"MI","FT",220000,"US","M"
2023,"MI","FT",220000,"US","M"
2023,"MI","FT",220000,"US","M"
2023,"EN","FT",220000,"US","M"
2023,"EX","FT",220000,"US","M"
2023,"SE","FT",220000,"US","M"
2023,"SE","FT",220000,"US","M"
2023,"EX","FT",220000,"US","M"
2023,"SE","FT",220000,"US","M"
2023,"SE","FT",220000,"US","M"
2023,"SE","FT",220000,"US","M"
2023,"SE","FT",220000,"UA","M"
2023,"EN","FT",220000,"US","M"
2023,"SE","FT",220000,"US","M"
2023,"EN","FT",220000,"US","M"
2023,"SE","FT",220000,"US","M"
2023,"SE","FT",220000,"US","M"
2023,"SE","FT",220000,"US","M"
2023,"SE","FT",220000,"US","M"
2023,"SE","FT",220000,"US","M"
2023,"SE","FT",220000,"US","M"
2023,"SE","FT",220000,"US","M"
2023,"SE","FT",220000,"US","M"
2023,"SE","FT",220000,"US","M"
2023,"EX","FT",220000,"US","M"
2023,"SE","FT",220000,"US","M"
2023,"MI","FT",220000,"US","M"
2023,"SE","FT",220000,"US","M"
2023,"EX","FT",220000,"US","M"
2023,"SE","FT",220000,"US","M"
2023,"SE","FT",220000,"US","M"
2023,"SE","FT",220000,"US","M"
2023,"SE","FT",220000,"US","M"
2023,"SE","FT",220000,"US","M"
2023,"EN","FT",220000,"US","L"
2023,"SE","FT",220000,"US","M"
2023,"EX","FT",220000,"US","M"
2023,"SE","FT",220000,"US","M"
2023,"MI","FT",220000,"US","M"
2023,"SE","FT",220000,"US","M"
2023,"EN","FT",220000,"US","M"
2023,"SE","FT",220000,"US","M"
2023,"SE","FT",220000,"US","M"
2023,"SE","FT",220000,"US","M"
2023,"MI","FT",220000,"US","M"
2023,"SE","FT",220000,"US","M"
2023,"SE","FT",220000,"US","M"
2022,"SE","FT",220000,"US","M"
2022,"SE","FT",220000,"US","M"
2022,"SE","FT",220000,"US","M"
2022,"SE","FT",220000,"US","M"
2022,"SE","FT",220000,"US","M"
2022,"SE","FT",220000,"US","M"
2021,"SE","FT",220000,"US","L"
2024,"EX","FT",219650,"US","M"
2024,"EX","FT",219650,"US","M"
2024,"EX","FT",219650,"US","M"
2024,"EX","FT",219650,"US","M"
2023,"EX","FT",219650,"US","M"
2024,"SE","FT",219600,"US","M"
2024,"SE","FT",219600,"US","M"
2023,"SE","FT",219535,"US","M"
2023,"SE","FT",219300,"US","M"
2024,"SE","FT",219100,"US","M"
2023,"SE","FT",219100,"US","M"
2024,"EN","FT",219000,"US","M"
2023,"SE","FT",219000,"US","M"
2023,"SE","FT",219000,"US","M"
2023,"SE","FT",219000,"US","M"
2023,"SE","FT",219000,"CA","M"
2023,"MI","FT",219000,"US","L"
2023,"SE","FT",218755,"US","M"
2024,"SE","FT",218750,"US","M"
2023,"SE","FT",218540,"US","M"
2023,"SE","FT",218540,"US","M"
2024,"SE","FT",218500,"US","M"
2024,"SE","FT",218500,"US","M"
2023,"SE","FT",218500,"US","M"
2024,"MI","FT",218213,"US","M"
2024,"SE","FT",218213,"US","M"
2023,"SE","FT",218213,"US","M"
2023,"SE","FT",218213,"US","M"
2024,"SE","FT",218185,"US","M"
2024,"SE","FT",218000,"US","M"
2024,"MI","FT",218000,"US","M"
2023,"SE","FT",218000,"US","M"
2023,"EX","FT",218000,"US","M"
2023,"SE","FT",218000,"US","M"
2023,"SE","FT",218000,"US","M"
2023,"SE","FT",218000,"US","M"
2023,"SE","FT",218000,"US","M"
2022,"SE","FT",218000,"US","M"
2023,"MI","FT",217600,"US","M"
2024,"SE","FT",217508,"US","M"
2024,"SE","FT",217508,"US","M"
2023,"MI","FT",217000,"US","M"
2023,"SE","FT",217000,"US","M"
2023,"SE","FT",217000,"US","M"
2024,"SE","FT",216800,"US","M"
2023,"SE","FT",216800,"US","M"
2024,"SE","FT",216700,"US","M"
2024,"SE","FT",216700,"US","M"
2024,"SE","FT",216700,"CA","M"
2024,"SE","FT",216700,"US","M"
2023,"SE","FT",216600,"CA","M"
2023,"SE","FT",216450,"US","M"
2022,"SE","FT",216200,"US","M"
2022,"MI","FT",216200,"US","M"
2023,"SE","FT",216100,"US","M"
2023,"SE","FT",216027,"US","M"
2024,"SE","FT",216000,"US","M"
2024,"SE","FT",216000,"US","M"
2023,"SE","FT",216000,"US","M"
2023,"SE","FT",216000,"US","M"
2023,"SE","FT",216000,"US","M"
2023,"SE","FT",216000,"US","M"
2023,"SE","FT",216000,"US","M"
2023,"SE","FT",216000,"US","M"
2023,"SE","FT",216000,"US","M"
2023,"SE","FT",216000,"US","M"
2023,"SE","FT",216000,"US","M"
2023,"SE","FT",216000,"US","M"
2023,"SE","FT",216000,"US","M"
2023,"SE","FT",216000,"US","M"
2023,"SE","FT",216000,"US","M"
2022,"SE","FT",216000,"US","M"
2022,"SE","FT",216000,"US","M"
2022,"SE","FT",216000,"US","M"
2022,"SE","FT",216000,"US","M"
2022,"EX","FT",216000,"US","M"
2023,"SE","FT",215625,"US","M"
2024,"SE","FT",215500,"US","M"
2024,"MI","FT",215500,"US","M"
2023,"SE","FT",215500,"US","M"
2022,"SE","FT",215300,"US","L"
2022,"SE","FT",215300,"US","L"
2023,"SE","FT",215050,"US","M"
2023,"SE","FT",215050,"US","M"
2024,"SE","FT",215000,"US","M"
2024,"SE","FT",215000,"US","M"
2024,"SE","FT",215000,"US","M"
2024,"SE","FT",165384,"CA","M"
2024,"MI","FT",215000,"US","M"
2024,"MI","FT",215000,"US","M"
2024,"MI","FT",215000,"AU","M"
2024,"SE","FT",215000,"CA","M"
2024,"EX","FT",215000,"US","M"
2024,"SE","FT",215000,"US","M"
2024,"SE","FT",215000,"US","M"
2024,"SE","FT",215000,"US","M"
2024,"SE","FT",215000,"US","M"
2024,"SE","FT",165384,"CA","M"
2024,"SE","FT",215000,"US","M"
2024,"SE","FT",165384,"CA","M"
2024,"SE","FT",215000,"US","M"
2024,"SE","FT",215000,"US","M"
2024,"EX","FT",215000,"US","M"
2023,"SE","FT",215000,"US","M"
2023,"SE","FT",215000,"US","M"
2023,"SE","FT",215000,"US","M"
2023,"SE","FT",215000,"US","M"
2023,"SE","FT",215000,"US","M"
2023,"SE","FT",215000,"US","M"
2023,"SE","FT",215000,"US","M"
2023,"SE","FT",215000,"US","M"
2023,"SE","FT",215000,"US","M"
2023,"SE","FT",215000,"US","M"
2023,"SE","FT",215000,"US","M"
2023,"SE","FT",215000,"US","M"
2023,"SE","FT",215000,"US","M"
2022,"SE","FT",215000,"US","M"
2022,"SE","FT",215000,"US","L"
2022,"SE","FT",215000,"US","M"
2023,"SE","FT",214872,"US","M"
2024,"SE","FT",214500,"US","M"
2023,"SE","FT",214500,"US","M"
2023,"SE","FT",214500,"US","M"
2023,"SE","FT",214500,"US","M"
2023,"SE","FT",214500,"US","M"
2023,"SE","FT",214500,"US","M"
2023,"SE","FT",214500,"US","M"
2023,"SE","FT",214500,"US","M"
2024,"SE","FT",214300,"US","M"
2024,"MI","FT",214300,"US","M"
2023,"MI","FT",214300,"US","M"
2023,"SE","FT",214200,"US","M"
2023,"SE","FT",214200,"US","M"
2024,"SE","FT",214000,"US","M"
2023,"SE","FT",214000,"US","M"
2023,"SE","FT",214000,"US","M"
2023,"SE","FT",214000,"GB","M"
2023,"SE","FT",214000,"US","M"
2022,"SE","FT",214000,"US","M"
2023,"MI","FT",213900,"US","M"
2023,"SE","FT",213800,"US","M"
2023,"EN","FT",213660,"US","L"
2023,"EN","FT",213660,"US","L"
2023,"SE","FT",213654,"GB","M"
2023,"SE","FT",213600,"US","M"
2023,"SE","FT",213600,"US","M"
2023,"SE","FT",213600,"US","M"
2023,"SE","FT",213580,"US","M"
2023,"SE","FT",213300,"GB","M"
2023,"SE","FT",213210,"US","M"
2023,"SE","FT",213120,"US","M"
2022,"SE","FT",213120,"US","M"
2022,"SE","FT",213000,"US","M"
2024,"MI","FT",212800,"US","L"
2024,"MI","FT",212800,"US","L"
2024,"MI","FT",212800,"US","L"
2024,"MI","FT",212800,"US","L"
2024,"MI","FT",212800,"US","L"
2024,"SE","FT",212800,"US","M"
2024,"MI","FT",212800,"US","L"
2023,"MI","FT",212800,"US","L"
2023,"SE","FT",212800,"US","L"
2023,"MI","FT",212800,"US","L"
2023,"SE","FT",212800,"US","L"
2023,"SE","FT",212800,"US","L"
2023,"SE","FT",212800,"US","L"
2023,"SE","FT",212800,"US","L"
2023,"SE","FT",212800,"US","L"
2023,"SE","FT",212800,"US","M"
2023,"SE","FT",212800,"US","L"
2023,"SE","FT",212800,"US","L"
2023,"SE","FT",212800,"US","M"
2023,"SE","FT",212800,"US","L"
2023,"SE","FT",212800,"US","L"
2023,"SE","FT",212800,"US","M"
2022,"SE","FT",212800,"US","M"
2024,"SE","FT",212780,"US","M"
2023,"SE","FT",212780,"US","M"
2023,"SE","FT",212750,"US","M"
2024,"SE","FT",212500,"US","M"
2024,"EX","FT",212500,"US","M"
2023,"SE","FT",212500,"US","M"
2023,"SE","FT",212200,"US","M"
2023,"SE","FT",212175,"US","M"
2024,"SE","PT",212000,"US","M"
2024,"SE","FT",212000,"US","M"
2024,"SE","FT",212000,"US","M"
2024,"MI","FT",212000,"US","M"
2024,"SE","FT",212000,"US","M"
2024,"SE","FT",212000,"US","M"
2024,"SE","FT",212000,"US","M"
2024,"SE","FT",212000,"US","M"
2024,"MI","FT",212000,"US","M"
2024,"SE","FT",212000,"US","M"
2024,"SE","FT",212000,"AU","M"
2024,"MI","FT",212000,"US","M"
2024,"SE","FT",212000,"US","M"
2024,"MI","FT",212000,"US","M"
2024,"SE","FT",212000,"US","M"
2024,"SE","FT",212000,"US","M"
2024,"MI","FT",212000,"EG","M"
2024,"MI","FT",212000,"EG","M"
2024,"SE","FT",212000,"EG","M"
2024,"SE","FT",212000,"US","M"
2024,"SE","FT",212000,"US","M"
2024,"MI","FT",212000,"US","M"
2024,"EX","FT",212000,"US","M"
2024,"SE","FT",212000,"US","M"
2024,"SE","FT",212000,"DE","M"
2024,"SE","FT",212000,"US","M"
2024,"SE","FT",212000,"EG","M"
2023,"MI","FT",212000,"US","M"
2023,"MI","FT",212000,"US","M"
2023,"SE","FT",212000,"US","M"
2023,"SE","FT",212000,"US","M"
2023,"MI","FT",212000,"US","M"
2023,"SE","FT",212000,"US","M"
2023,"SE","FT",212000,"US","M"
2023,"SE","FT",212000,"US","M"
2023,"SE","FT",212000,"US","M"
2023,"SE","FT",212000,"US","M"
2023,"SE","FT",212000,"US","M"
2023,"EX","FT",212000,"US","M"
2023,"SE","FT",212000,"US","M"
2023,"SE","FT",212000,"US","M"
2023,"SE","FT",212000,"US","M"
2023,"SE","FT",212000,"US","M"
2023,"EX","FT",212000,"US","M"
2023,"SE","FT",212000,"US","M"
2023,"MI","FT",212000,"US","M"
2023,"MI","FT",212000,"US","M"
2023,"SE","FT",212000,"US","M"
2023,"SE","FT",212000,"US","M"
2023,"SE","FT",212000,"US","M"
2023,"SE","FT",212000,"US","M"
2023,"SE","FT",212000,"US","M"
2023,"SE","FT",211949,"US","M"
2024,"SE","FT",211900,"US","M"
2022,"SE","FT",211500,"US","M"
2023,"SE","FT",211200,"US","M"
2023,"SE","FT",211000,"US","M"
2023,"SE","FT",211000,"US","M"
2023,"SE","FT",211000,"US","M"
2023,"SE","FT",211000,"US","M"
2023,"EX","FT",210914,"US","M"
2023,"EX","FT",210914,"US","M"
2023,"SE","FT",210600,"GB","M"
2023,"EX","FT",210600,"US","M"
2023,"SE","FT",210550,"US","M"
2023,"MI","FT",210500,"US","M"
2023,"MI","FT",210400,"US","M"
2023,"SE","FT",210200,"US","M"
2024,"MI","FT",210100,"US","M"
2024,"MI","FT",210100,"US","M"
2024,"MI","FT",210100,"US","M"
2024,"MI","FT",210100,"US","M"
2024,"MI","FT",210100,"US","M"
2024,"MI","FT",210100,"US","M"
2024,"MI","FT",210100,"US","M"
2024,"MI","FT",210100,"US","M"
2024,"MI","FT",210100,"US","M"
2024,"MI","FT",210100,"US","M"
2024,"MI","FT",210100,"US","M"
2024,"MI","FT",210100,"US","M"
2023,"SE","FT",210100,"US","M"
2024,"SE","FT",210000,"US","M"
2024,"SE","FT",210000,"US","M"
2024,"MI","FT",210000,"GB","M"
2024,"SE","FT",210000,"US","M"
2024,"SE","FT",210000,"US","M"
2024,"EX","FT",210000,"US","M"
2024,"SE","FT",210000,"US","M"
2024,"SE","FT",210000,"US","M"
2024,"SE","FT",210000,"US","M"
2024,"MI","FT",210000,"US","M"
2024,"SE","FT",210000,"US","M"
2024,"EX","FT",210000,"US","M"
2024,"EX","FT",210000,"US","M"
2024,"SE","FT",210000,"US","M"
2024,"MI","FT",210000,"US","M"
2024,"SE","FT",210000,"US","M"
2024,"SE","FT",210000,"US","M"
2024,"SE","FT",210000,"US","M"
2024,"SE","FT",210000,"US","M"
2024,"MI","FT",210000,"US","M"
2024,"SE","FT",210000,"US","M"
2024,"SE","FT",210000,"US","M"
2024,"MI","FT",210000,"US","M"
2024,"SE","FT",210000,"US","M"
2024,"SE","FT",210000,"US","M"
2024,"SE","FT",210000,"US","M"
2024,"SE","FT",210000,"US","M"
2024,"MI","FT",210000,"US","M"
2023,"SE","FT",210000,"US","M"
2023,"SE","FT",210000,"CA","M"
2023,"MI","FT",210000,"US","M"
2023,"SE","FT",210000,"US","M"
2023,"SE","FT",210000,"US","M"
2023,"SE","FT",210000,"US","M"
2023,"EX","FT",210000,"US","M"
2023,"SE","FT",210000,"US","M"
2023,"SE","FT",210000,"US","M"
2023,"SE","FT",210000,"US","M"
2023,"EX","FT",210000,"US","M"
2023,"SE","FT",210000,"US","M"
2023,"SE","FT",210000,"US","M"
2023,"SE","FT",210000,"US","M"
2023,"SE","FT",210000,"US","M"
2023,"SE","FT",210000,"US","M"
2023,"SE","FT",210000,"US","M"
2023,"SE","FT",210000,"US","M"
2023,"SE","FT",210000,"US","M"
2023,"SE","FT",210000,"US","M"
2023,"MI","FT",210000,"US","S"
2023,"SE","FT",210000,"US","M"
2023,"SE","FT",210000,"US","M"
2023,"SE","FT",210000,"US","M"
2023,"SE","FT",210000,"US","M"
2023,"SE","FT",210000,"US","M"
2023,"SE","FT",210000,"US","L"
2023,"SE","FT",210000,"US","M"
2023,"SE","FT",210000,"US","M"
2023,"SE","FT",210000,"US","M"
2023,"SE","FT",210000,"US","M"
2023,"SE","FT",210000,"US","M"
2023,"SE","FT",210000,"US","M"
2023,"SE","FT",210000,"US","M"
2023,"SE","FT",210000,"US","M"
2023,"SE","FT",210000,"GB","M"
2023,"SE","FT",210000,"US","M"
2023,"SE","FT",210000,"US","M"
2023,"SE","FT",210000,"US","M"
2023,"SE","FT",210000,"US","M"
2023,"SE","FT",210000,"US","M"
2023,"SE","FT",210000,"US","M"
2023,"SE","FT",210000,"US","M"
2023,"SE","FT",210000,"US","M"
2023,"SE","FT",210000,"US","M"
2023,"SE","FT",210000,"US","M"
2023,"SE","FT",210000,"US","M"
2023,"SE","FT",210000,"US","M"
2023,"SE","FT",210000,"US","M"
2023,"MI","FT",210000,"US","M"
2023,"SE","FT",210000,"US","M"
2023,"SE","FT",210000,"US","M"
2023,"EX","FT",210000,"US","M"
2023,"SE","FT",210000,"US","M"
2023,"SE","FT",210000,"US","M"
2023,"SE","FT",210000,"US","M"
2022,"SE","FT",210000,"US","M"
2022,"SE","FT",210000,"US","M"
2022,"SE","FT",210000,"US","M"
2022,"SE","FT",210000,"US","M"
2022,"SE","FT",210000,"US","M"
2022,"SE","FT",210000,"US","M"
2022,"SE","FT",210000,"US","M"
2022,"EX","FT",210000,"US","M"
2022,"SE","FT",161311,"CA","M"
2022,"SE","FT",210000,"US","M"
2022,"SE","FT",210000,"US","M"
2022,"SE","FT",210000,"US","M"
2022,"SE","FT",210000,"US","M"
2022,"SE","FT",210000,"US","M"
2022,"SE","FT",210000,"US","M"
2022,"SE","FT",210000,"US","M"
2022,"SE","FT",210000,"US","M"
2022,"SE","FT",210000,"US","M"
2024,"SE","FT",209990,"CA","M"
2024,"SE","FT",209943,"US","M"
2024,"EX","FT",209700,"US","M"
2024,"EX","FT",209700,"US","M"
2023,"SE","FT",209450,"US","M"
2023,"SE","FT",209450,"US","M"
2023,"SE","FT",209450,"US","M"
2024,"EX","FT",209309,"US","M"
2024,"SE","FT",209300,"US","M"
2023,"MI","FT",209300,"US","M"
2023,"SE","FT",209300,"US","M"
2022,"SE","FT",209100,"US","L"
2022,"SE","FT",209100,"US","L"
2024,"SE","FT",209000,"PL","M"
2024,"MI","FT",209000,"US","M"
2023,"SE","FT",209000,"US","M"
2023,"SE","FT",209000,"US","M"
2023,"SE","FT",209000,"US","M"
2022,"SE","FT",208775,"US","M"
2024,"SE","FT",208500,"US","M"
2024,"SE","FT",208500,"US","M"
2023,"SE","FT",208500,"US","M"
2023,"SE","FT",208500,"US","M"
2023,"SE","FT",208500,"US","M"
2023,"SE","FT",208500,"US","M"
2023,"SE","FT",208450,"US","M"
2023,"SE","FT",208450,"US","M"
2023,"SE","FT",208450,"US","M"
2023,"SE","FT",208450,"US","M"
2023,"SE","FT",208450,"US","M"
2023,"SE","FT",208450,"US","M"
2023,"SE","FT",208400,"US","M"
2023,"SE","FT",208200,"US","M"
2024,"EX","FT",208122,"US","M"
2023,"SE","FT",208049,"US","M"
2024,"SE","FT",208000,"US","M"
2024,"SE","FT",208000,"US","M"
2024,"SE","FT",208000,"US","M"
2024,"SE","FT",208000,"US","M"
2023,"SE","FT",154101,"CA","M"
2023,"SE","FT",208000,"US","M"
2023,"SE","FT",208000,"US","M"
2023,"SE","FT",208000,"US","M"
2023,"SE","FT",208000,"US","M"
2023,"SE","FT",208000,"US","M"
2023,"SE","FT",208000,"US","M"
2023,"SE","FT",208000,"US","M"
2022,"SE","FT",208000,"US","M"
2024,"SE","FT",207900,"US","M"
2023,"SE","FT",207900,"US","M"
2023,"SE","FT",207900,"US","M"
2024,"SE","FT",207760,"US","M"
2023,"SE","FT",207700,"CA","M"
2023,"SE","FT",207700,"CA","M"
2023,"SE","FT",207611,"US","M"
2023,"SE","FT",207611,"US","M"
2023,"SE","FT",207611,"US","M"
2024,"MI","FT",207600,"US","M"
2023,"SE","FT",207500,"US","M"
2023,"MI","FT",207500,"AU","M"
2023,"MI","FT",207500,"AU","M"
2023,"SE","FT",207345,"US","M"
2024,"SE","FT",207300,"US","M"
2024,"SE","FT",207300,"US","M"
2024,"SE","FT",207300,"US","M"
2023,"SE","FT",207300,"CA","M"
2024,"SE","FT",207000,"US","M"
2024,"MI","FT",207000,"US","M"
2024,"MI","FT",207000,"US","M"
2024,"SE","FT",207000,"US","M"
2024,"MI","FT",207000,"US","M"
2024,"EX","FT",207000,"US","M"
2023,"SE","FT",207000,"US","M"
2023,"EX","FT",207000,"US","M"
2023,"SE","FT",207000,"US","M"
2022,"SE","FT",207000,"US","M"
2022,"SE","FT",207000,"US","M"
2024,"SE","FT",206800,"CA","M"
2022,"SE","FT",206699,"US","M"
2022,"MI","FT",206699,"US","M"
2024,"SE","FT",206500,"US","M"
2023,"SE","FT",206500,"US","M"
2024,"SE","FT",206000,"US","M"
2024,"SE","FT",206000,"US","M"
2024,"SE","FT",206000,"US","M"
2024,"SE","FT",206000,"US","M"
2024,"MI","FT",206000,"US","M"
2024,"SE","FT",206000,"US","M"
2024,"SE","FT",206000,"US","M"
2024,"MI","FT",206000,"US","M"
2024,"SE","FT",206000,"US","M"
2023,"SE","FT",206000,"US","M"
2023,"SE","FT",206000,"US","M"
2023,"SE","FT",206000,"US","M"
2023,"SE","FT",206000,"US","M"
2023,"SE","FT",206000,"US","M"
2023,"SE","FT",206000,"US","M"
2023,"SE","FT",206000,"US","M"
2023,"SE","FT",206000,"US","M"
2023,"SE","FT",206000,"US","M"
2023,"SE","FT",206000,"US","M"
2023,"SE","FT",206000,"US","M"
2023,"SE","FT",206000,"US","M"
2023,"MI","FT",206000,"US","M"
2023,"MI","FT",206000,"US","M"
2022,"MI","FT",206000,"US","M"
2022,"MI","FT",206000,"US","M"
2022,"SE","FT",206000,"US","M"
2023,"MI","FT",205920,"US","M"
2023,"SE","FT",205920,"US","M"
2023,"EX","FT",205785,"GB","M"
2023,"SE","FT",205700,"US","M"
2023,"SE","FT",205670,"NZ","M"
2023,"SE","FT",205640,"US","M"
2024,"MI","FT",205600,"US","L"
2024,"MI","FT",205600,"US","L"
2023,"MI","FT",205600,"US","L"
2023,"SE","FT",205600,"US","M"
2023,"SE","FT",205600,"US","L"
2023,"SE","FT",205600,"US","L"
2023,"SE","FT",205600,"US","L"
2023,"SE","FT",205600,"US","L"
2023,"SE","FT",205600,"US","M"
2023,"SE","FT",205600,"US","L"
2023,"SE","FT",205600,"US","L"
2023,"SE","FT",205600,"US","M"
2023,"SE","FT",205600,"US","L"
2022,"SE","FT",205600,"US","L"
2024,"SE","FT",205500,"US","M"
2024,"MI","FT",205500,"US","M"
2024,"SE","FT",205500,"US","M"
2023,"SE","FT",205500,"US","M"
2023,"SE","FT",205500,"US","M"
2023,"SE","FT",205500,"US","M"
2023,"SE","FT",205500,"US","M"
2023,"SE","FT",205500,"US","M"
2023,"SE","FT",205500,"US","M"
2023,"SE","FT",205500,"US","M"
2023,"SE","FT",205485,"US","M"
2023,"SE","FT",205485,"US","M"
2024,"SE","FT",205400,"US","M"
2023,"SE","FT",205400,"US","M"
2023,"SE","FT",205318,"US","M"
2022,"SE","FT",205300,"US","L"
2022,"SE","FT",205300,"US","M"
2022,"SE","FT",205300,"US","M"
2023,"SE","FT",205218,"US","M"
2023,"SE","FT",205150,"US","M"
2024,"SE","FT",205000,"US","M"
2024,"SE","FT",205000,"US","M"
2024,"SE","FT",205000,"US","M"
2023,"SE","FT",205000,"US","M"
2023,"SE","FT",205000,"US","M"
2023,"SE","FT",205000,"US","M"
2023,"MI","FT",205000,"US","M"
2023,"SE","FT",205000,"US","M"
2023,"SE","FT",205000,"US","M"
2023,"SE","FT",205000,"US","M"
2023,"SE","FT",205000,"US","M"
2023,"SE","FT",205000,"US","M"
2023,"SE","FT",205000,"US","M"
2023,"SE","FT",205000,"US","M"
2023,"SE","FT",205000,"US","M"
2023,"SE","FT",205000,"US","M"
2023,"EX","FT",205000,"US","M"
2023,"SE","FT",205000,"US","M"
2023,"SE","FT",205000,"US","M"
2023,"SE","FT",205000,"US","M"
2023,"SE","FT",205000,"US","M"
2023,"SE","FT",205000,"US","M"
2022,"SE","FT",205000,"US","M"
2022,"SE","FT",205000,"US","M"
2022,"SE","FT",205000,"US","M"
2022,"SE","FT",205000,"US","M"
2022,"SE","FT",205000,"US","M"
2022,"EX","FT",205000,"US","M"
2022,"SE","FT",205000,"US","M"
2024,"SE","FT",204800,"US","M"
2023,"SE","FT",204750,"US","M"
2024,"SE","FT",204662,"US","M"
2023,"EN","FT",204620,"US","L"
2024,"SE","FT",204600,"US","M"
2024,"SE","FT",204600,"US","M"
2023,"SE","FT",204600,"US","M"
2023,"SE","FT",204600,"US","M"
2023,"SE","FT",204600,"US","M"
2023,"SE","FT",204600,"US","M"
2024,"SE","FT",204500,"US","M"
2024,"EX","FT",204500,"US","M"
2024,"EX","FT",204500,"US","M"
2024,"EX","FT",204500,"US","M"
2023,"SE","FT",204500,"US","M"
2023,"SE","FT",204500,"US","M"
2023,"MI","FT",204500,"US","M"
2023,"MI","FT",204500,"US","M"
2023,"SE","FT",204500,"US","M"
2023,"MI","FT",204500,"US","M"
2023,"SE","FT",204500,"US","M"
2023,"SE","FT",204500,"US","M"
2023,"SE","FT",204500,"US","M"
2023,"SE","FT",204500,"US","M"
2023,"SE","FT",204500,"US","M"
2023,"SE","FT",204500,"US","M"
2023,"SE","FT",204500,"US","M"
2023,"MI","FT",204500,"US","M"
2023,"SE","FT",204500,"US","M"
2023,"SE","FT",204500,"US","M"
2023,"MI","FT",204500,"US","M"
2023,"MI","FT",204500,"US","M"
2023,"SE","FT",204500,"US","M"
2023,"SE","FT",204500,"US","M"
2023,"SE","FT",204500,"US","M"
2023,"SE","FT",204500,"CA","M"
2023,"SE","FT",204500,"US","M"
2023,"SE","FT",204500,"US","M"
2023,"MI","FT",204500,"US","M"
2023,"SE","FT",204500,"US","M"
2023,"SE","FT",204500,"CA","M"
2023,"MI","FT",204500,"US","M"
2023,"SE","FT",204500,"US","M"
2023,"SE","FT",204500,"US","M"
2023,"SE","FT",204500,"US","M"
2023,"SE","FT",204500,"US","M"
2023,"SE","FT",204500,"US","M"
2023,"SE","FT",204500,"US","M"
2023,"SE","FT",204500,"US","M"
2023,"SE","FT",204500,"US","M"
2023,"SE","FT",204500,"US","M"
2023,"SE","FT",204500,"US","M"
2023,"SE","FT",204500,"US","M"
2023,"SE","FT",204500,"US","M"
2023,"MI","FT",204500,"US","M"
2023,"SE","FT",204500,"US","M"
2023,"SE","FT",204500,"US","M"
2023,"SE","FT",204500,"US","M"
2023,"SE","FT",204500,"US","M"
2023,"SE","FT",204500,"US","M"
2023,"SE","FT",204500,"US","M"
2023,"SE","FT",204500,"US","M"
2023,"SE","FT",204500,"US","M"
2023,"SE","FT",204500,"US","M"
2023,"SE","FT",204500,"US","M"
2023,"SE","FT",204500,"US","M"
2023,"EX","FT",204500,"US","M"
2023,"SE","FT",204500,"US","M"
2023,"EX","FT",204500,"US","M"
2023,"SE","FT",204500,"US","M"
2023,"SE","FT",204500,"US","M"
2023,"SE","FT",204500,"US","M"
2023,"SE","FT",204500,"US","M"
2023,"SE","FT",204500,"US","M"
2023,"SE","FT",204500,"US","M"
2023,"SE","FT",204500,"US","M"
2023,"SE","FT",204500,"DE","M"
2023,"EX","FT",204500,"US","M"
2023,"SE","FT",204500,"US","M"
2023,"SE","FT",204500,"US","M"
2023,"SE","FT",204500,"US","M"
2023,"SE","FT",204500,"US","M"
2023,"SE","FT",204500,"US","M"
2023,"SE","FT",204500,"US","M"
2023,"SE","FT",204500,"US","M"
2023,"SE","FT",204500,"US","M"
2023,"SE","FT",204500,"US","M"
2023,"SE","FT",204500,"US","M"
2023,"SE","FT",204500,"US","M"
2022,"SE","FT",204500,"US","M"
2022,"SE","FT",204500,"US","M"
2022,"SE","FT",204500,"US","M"
2022,"SE","FT",204500,"US","M"
2022,"SE","FT",204500,"US","M"
2022,"SE","FT",204500,"US","M"
2024,"SE","FT",204300,"US","M"
2023,"SE","FT",204300,"US","M"
2024,"SE","FT",204200,"US","M"
2022,"SE","FT",204100,"US","M"
2024,"SE","FT",204000,"US","M"
2024,"SE","FT",204000,"US","M"
2024,"SE","FT",204000,"US","M"
2024,"EX","FT",204000,"US","M"
2024,"SE","FT",204000,"US","M"
2023,"MI","FT",204000,"US","M"
2023,"SE","FT",204000,"US","M"
2023,"SE","FT",204000,"US","M"
2023,"SE","FT",204000,"US","M"
2023,"SE","FT",204000,"US","M"
2023,"SE","FT",204000,"US","M"
2023,"SE","FT",204000,"US","M"
2023,"MI","FT",204000,"US","M"
2023,"SE","FT",204000,"US","M"
2023,"SE","FT",204000,"US","M"
2023,"SE","FT",204000,"US","M"
2023,"SE","FT",204000,"US","M"
2023,"SE","FT",204000,"US","M"
2023,"SE","FT",204000,"US","M"
2023,"SE","FT",204000,"US","M"
2023,"MI","FT",204000,"US","M"
2023,"SE","FT",204000,"US","M"
2023,"SE","FT",204000,"US","M"
2023,"MI","FT",204000,"US","M"
2023,"SE","FT",203920,"US","M"
2024,"EX","FT",203800,"US","M"
2023,"SE","FT",203649,"US","M"
2024,"MI","FT",203500,"US","M"
2024,"MI","FT",203500,"US","M"
2023,"SE","FT",203500,"US","M"
2023,"SE","FT",203500,"US","M"
2023,"SE","FT",203500,"US","M"
2022,"SE","FT",203500,"US","M"
2022,"SE","FT",203500,"US","M"
2022,"SE","FT",203500,"US","M"
2023,"SE","FT",203300,"US","M"
2023,"SE","FT",203100,"US","M"
2024,"SE","FT",203000,"US","M"
2023,"EN","FT",203000,"US","M"
2023,"SE","FT",203000,"US","M"
2023,"SE","FT",203000,"US","M"
2023,"SE","FT",203000,"US","M"
2023,"SE","FT",203000,"US","M"
2022,"SE","FT",202900,"US","L"
2022,"SE","FT",202900,"US","L"
2024,"SE","FT",202800,"US","M"
2024,"SE","FT",202800,"US","M"
2024,"SE","FT",202800,"US","M"
2023,"SE","FT",202800,"US","L"
2023,"SE","FT",202800,"US","L"
2023,"SE","FT",202800,"US","L"
2023,"SE","FT",202800,"US","L"
2023,"SE","FT",202800,"US","L"
2023,"SE","FT",202800,"US","L"
2023,"SE","FT",202800,"US","L"
2023,"SE","FT",202800,"US","L"
2023,"SE","FT",202800,"US","L"
2023,"SE","FT",202800,"US","L"
2023,"SE","FT",202800,"US","L"
2023,"SE","FT",202800,"US","L"
2023,"SE","FT",202800,"US","L"
2023,"SE","FT",202800,"US","L"
2022,"SE","FT",202800,"US","L"
2024,"SE","FT",202600,"US","M"
2023,"SE","FT",202600,"US","M"
2023,"SE","FT",202600,"US","M"
2023,"SE","FT",202600,"US","M"
2024,"SE","FT",202500,"US","M"
2023,"SE","FT",202500,"US","M"
2023,"MI","FT",202400,"US","M"
2023,"SE","FT",202400,"US","M"
2023,"SE","FT",202353,"US","M"
2023,"SE","FT",202353,"US","M"
2024,"SE","FT",202350,"US","M"
2023,"SE","FT",202350,"US","M"
2023,"SE","FT",202350,"US","M"
2023,"SE","FT",202350,"US","M"
2024,"MI","FT",202000,"US","M"
2023,"SE","FT",202000,"US","M"
2023,"SE","FT",202000,"US","M"
2023,"SE","FT",202000,"US","M"
2023,"SE","FT",202000,"US","M"
2023,"SE","FT",202000,"US","M"
2023,"SE","FT",202000,"US","M"
2023,"SE","FT",202000,"US","M"
2023,"SE","FT",202000,"US","M"
2023,"SE","FT",202000,"US","M"
2023,"SE","FT",202000,"US","M"
2023,"SE","FT",202000,"US","M"
2023,"SE","FT",202000,"US","M"
2024,"SE","FT",201900,"US","M"
2024,"SE","FT",201900,"US","M"
2023,"EX","FT",201900,"US","M"
2023,"SE","FT",201700,"US","M"
2023,"SE","FT",201650,"US","M"
2023,"SE","FT",201650,"US","M"
2024,"MI","FT",201450,"US","M"
2023,"SE","FT",201450,"US","M"
2023,"SE","FT",201450,"US","M"
2023,"SE","FT",201450,"US","M"
2024,"SE","FT",201400,"US","M"
2024,"SE","FT",201400,"US","M"
2024,"MI","FT",201400,"US","M"
2024,"SE","FT",201400,"US","M"
2024,"MI","FT",201400,"US","M"
2024,"MI","FT",201400,"US","M"
2023,"SE","FT",201036,"US","M"
2024,"EX","FT",201000,"CA","M"
2024,"SE","FT",201000,"US","M"
2023,"SE","FT",201000,"US","M"
2023,"SE","FT",201000,"US","M"
2023,"SE","FT",201000,"US","M"
2022,"SE","FT",201000,"US","M"
2022,"SE","FT",201000,"US","M"
2022,"SE","FT",201000,"US","M"
2022,"SE","FT",201000,"US","M"
2024,"SE","FT",200800,"US","M"
2024,"MI","FT",200800,"US","M"
2024,"SE","FT",200800,"US","M"
2023,"SE","FT",200800,"US","M"
2023,"SE","FT",200800,"US","M"
2024,"SE","FT",200740,"US","M"
2024,"SE","FT",200400,"US","M"
2024,"MI","FT",200400,"US","M"
2024,"SE","FT",200400,"US","M"
2024,"MI","FT",200400,"US","M"
2024,"MI","FT",200300,"US","M"
2024,"SE","FT",200200,"US","M"
2023,"SE","FT",200160,"US","M"
2023,"SE","FT",200160,"US","M"
2022,"SE","FT",200100,"US","M"
2024,"SE","FT",200070,"CA","M"
2024,"EX","FT",200070,"CA","M"
2024,"SE","FT",200070,"CA","M"
2024,"SE","FT",200000,"US","M"
2024,"SE","FT",200000,"US","M"
2024,"EX","FT",200000,"US","M"
2024,"MI","FT",200000,"US","M"
2024,"SE","FT",200000,"US","M"
2024,"SE","FT",200000,"US","M"
2024,"SE","FT",200000,"US","M"
2024,"SE","FT",200000,"US","M"
2024,"MI","FT",200000,"US","M"
2024,"MI","FT",200000,"US","M"
2024,"MI","FT",200000,"US","M"
2024,"MI","FT",200000,"US","M"
2024,"SE","FT",200000,"CA","M"
2024,"SE","FT",200000,"US","M"
2024,"SE","FT",200000,"US","M"
2024,"MI","FT",200000,"US","M"
2024,"MI","FT",200000,"US","M"
2024,"MI","FT",200000,"US","L"
2024,"SE","FT",200000,"US","M"
2024,"MI","FT",200000,"AU","M"
2024,"MI","FT",200000,"US","M"
2024,"SE","FT",200000,"US","M"
2024,"SE","FT",200000,"US","M"
2024,"MI","FT",200000,"US","M"
2024,"EN","FT",200000,"US","M"
2024,"MI","CT",125000,"NZ","S"
2024,"SE","FT",200000,"US","M"
2024,"SE","FT",200000,"US","M"
2024,"MI","FT",200000,"US","L"
2024,"SE","FT",200000,"US","M"
2024,"SE","FT",200000,"US","M"
2024,"MI","FT",200000,"US","M"
2024,"SE","FT",200000,"US","M"
2024,"SE","FT",200000,"US","M"
2024,"SE","FT",200000,"US","M"
2024,"SE","FT",200000,"US","M"
2024,"SE","FT",200000,"US","M"
2024,"SE","FT",200000,"US","M"
2024,"SE","FT",200000,"US","M"
2024,"SE","FT",200000,"US","M"
2023,"MI","FT",200000,"US","M"
2023,"MI","FT",200000,"US","M"
2023,"SE","FT",200000,"US","M"
2023,"SE","FT",200000,"US","M"
2023,"SE","FT",200000,"US","M"
2023,"SE","FT",200000,"US","M"
2023,"EX","FT",200000,"US","M"
2023,"SE","FT",200000,"US","M"
2023,"SE","FT",200000,"US","M"
2023,"SE","FT",200000,"US","M"
2023,"MI","FT",200000,"US","M"
2023,"SE","FT",200000,"US","M"
2023,"SE","FT",200000,"US","M"
2023,"SE","FT",200000,"US","M"
2023,"SE","FT",200000,"US","M"
2023,"SE","FT",200000,"US","M"
2023,"SE","FT",200000,"US","M"
2023,"SE","FT",200000,"US","M"
2023,"SE","FT",200000,"US","M"
2023,"SE","FT",200000,"US","M"
2023,"SE","FT",200000,"US","M"
2023,"EX","FT",246080,"GB","M"
2023,"SE","FT",200000,"US","M"
2023,"SE","FT",200000,"US","M"
2023,"SE","FT",200000,"US","M"
2023,"SE","FT",200000,"US","M"
2023,"SE","FT",200000,"US","M"
2023,"EX","FT",200000,"US","M"
2023,"SE","FT",200000,"US","M"
2023,"EX","FT",200000,"US","M"
2023,"MI","FT",200000,"US","M"
2023,"SE","FT",200000,"US","M"
2023,"SE","FT",200000,"US","M"
2023,"SE","FT",200000,"US","M"
2023,"SE","FT",200000,"US","M"
2023,"EX","FT",246080,"GB","M"
2023,"SE","FT",200000,"US","M"
2023,"SE","FT",200000,"US","L"
2023,"SE","FT",200000,"US","M"
2023,"SE","FT",200000,"US","M"
2023,"SE","FT",200000,"US","M"
2023,"MI","FT",200000,"US","M"
2023,"EX","FT",200000,"US","M"
2023,"SE","FT",200000,"US","M"
2023,"SE","FT",200000,"US","M"
2023,"SE","FT",200000,"CA","M"
2023,"SE","FT",200000,"US","M"
2023,"EX","FT",200000,"US","M"
2023,"SE","FT",200000,"US","M"
2023,"MI","FT",200000,"US","M"
2023,"MI","FT",200000,"US","M"
2023,"MI","FT",200000,"US","M"
2023,"SE","FT",200000,"US","M"
2023,"SE","FT",200000,"US","M"
2023,"SE","FT",200000,"US","M"
2023,"SE","FT",200000,"US","M"
2023,"SE","FT",200000,"US","M"
2023,"SE","FT",200000,"US","M"
2023,"EN","FT",200000,"US","M"
2023,"SE","FT",200000,"US","M"
2023,"SE","FT",200000,"US","M"
2023,"EX","FT",215936,"US","L"
2023,"SE","FT",200000,"US","M"
2023,"SE","FT",200000,"US","L"
2023,"MI","FT",200000,"GB","M"
2023,"SE","FT",200000,"US","M"
2023,"SE","FT",200000,"US","M"
2023,"SE","FT",200000,"US","M"
2023,"SE","FT",200000,"US","M"
2023,"SE","FT",200000,"US","M"
2023,"SE","FT",200000,"US","M"
2023,"SE","FT",200000,"US","M"
2023,"SE","FT",46565,"PL","L"
2023,"MI","FT",200000,"US","M"
2023,"SE","FT",200000,"US","M"
2023,"EX","FT",200000,"US","M"
2023,"SE","FT",200000,"US","M"
2023,"SE","FT",200000,"US","M"
2023,"SE","FT",200000,"US","M"
2023,"EX","FT",246080,"GB","M"
2023,"SE","FT",200000,"US","M"
2023,"SE","FT",200000,"US","M"
2023,"SE","FT",200000,"US","M"
2023,"SE","FT",200000,"US","M"
2023,"MI","FT",200000,"US","M"
2023,"SE","FT",200000,"US","M"
2023,"SE","FT",200000,"US","M"
2023,"MI","FT",200000,"US","M"
2023,"SE","FT",200000,"US","M"
2023,"EX","FT",200000,"US","M"
2023,"SE","FT",200000,"US","M"
2023,"MI","FT",200000,"US","M"
2023,"SE","FT",200000,"US","M"
2023,"SE","FT",200000,"US","M"
2023,"MI","FT",200000,"US","M"
2023,"SE","FT",200000,"US","M"
2023,"SE","FT",200000,"US","M"
2023,"EX","FT",200000,"US","M"
2023,"SE","FT",200000,"US","M"
2023,"SE","FT",200000,"US","M"
2023,"SE","FT",200000,"US","M"
2023,"SE","FT",200000,"US","M"
2023,"SE","FT",200000,"US","M"
2023,"EX","FT",200000,"US","M"
2023,"MI","FT",200000,"US","M"
2023,"EN","FT",215936,"DE","L"
2023,"MI","FT",200000,"US","S"
2023,"MI","FT",200000,"US","M"
2023,"SE","FT",200000,"US","M"
2023,"SE","FT",200000,"US","M"
2023,"MI","FT",200000,"US","M"
2023,"SE","FT",200000,"US","M"
2023,"SE","FT",200000,"US","M"
2023,"SE","FT",200000,"US","M"
2023,"SE","FT",200000,"US","M"
2023,"SE","FT",200000,"US","M"
2023,"EX","FT",200000,"US","M"
2023,"SE","FT",200000,"US","M"
2023,"SE","FT",200000,"US","M"
2023,"SE","FT",200000,"US","S"
2023,"EX","FT",200000,"US","M"
2023,"SE","FT",200000,"US","M"
2023,"SE","FT",200000,"US","M"
2023,"SE","FT",200000,"US","M"
2023,"SE","FT",200000,"US","M"
2022,"EX","FT",200000,"US","M"
2022,"EN","FT",200000,"CA","L"
2022,"SE","FT",200000,"US","M"
2022,"SE","FT",200000,"US","M"
2022,"SE","FT",200000,"GB","S"
2022,"SE","FT",200000,"US","M"
2022,"SE","FT",200000,"US","M"
2022,"SE","FT",200000,"NG","S"
2022,"SE","FT",200000,"US","M"
2022,"SE","FT",200000,"US","M"
2022,"SE","FT",200000,"PR","M"
2022,"EX","FT",200000,"US","S"
2022,"EX","FT",200000,"US","S"
2022,"EX","FT",200000,"US","M"
2022,"SE","FT",200000,"US","L"
2022,"SE","FT",200000,"PR","M"
2022,"MI","FT",200000,"US","M"
2022,"SE","FT",200000,"US","M"
2022,"MI","FT",200000,"US","M"
2022,"SE","FT",200000,"US","M"
2022,"MI","FT",200000,"US","L"
2022,"EX","FT",200000,"US","M"
2022,"MI","FT",200000,"US","M"
2022,"SE","FT",200000,"US","M"
2021,"SE","FT",200000,"US","M"
2021,"MI","FT",200000,"US","L"
2021,"MI","FT",200000,"US","L"
2021,"SE","FT",200000,"US","L"
2021,"SE","FT",200000,"US","L"
2021,"SE","FT",200000,"US","L"
2024,"SE","FT",199700,"US","M"
2024,"SE","FT",199700,"US","M"
2024,"SE","FT",199700,"US","M"
2024,"MI","FT",199700,"US","M"
2024,"SE","FT",199700,"US","M"
2023,"MI","FT",199700,"US","M"
2023,"SE","FT",199600,"US","M"
2024,"SE","FT",199467,"US","M"
2024,"SE","FT",199200,"US","M"
2024,"SE","FT",199200,"US","M"
2023,"SE","FT",199200,"US","M"
2023,"SE","FT",199200,"US","M"
2023,"SE","FT",199200,"GB","M"
2023,"SE","FT",199200,"GB","M"
2023,"SE","FT",199200,"GB","M"
2024,"SE","FT",199100,"US","M"
2023,"SE","FT",199098,"US","M"
2023,"SE","FT",199098,"US","M"
2024,"SE","FT",199000,"US","M"
2023,"SE","FT",199000,"US","M"
2023,"SE","FT",199000,"US","M"
2023,"SE","FT",199000,"US","M"
2023,"SE","FT",199000,"GB","M"
2023,"SE","FT",199000,"US","M"
2023,"SE","FT",199000,"US","M"
2023,"SE","FT",199000,"FR","M"
2023,"SE","FT",199000,"US","M"
2023,"SE","FT",199000,"US","M"
2023,"SE","FT",199000,"US","M"
2023,"SE","FT",199000,"US","M"
2023,"SE","FT",199000,"US","M"
2023,"SE","FT",199000,"US","M"
2024,"SE","FT",198900,"US","M"
2023,"MI","FT",198900,"US","M"
2024,"MI","FT",198800,"US","M"
2023,"SE","FT",198800,"US","M"
2023,"SE","FT",198800,"US","M"
2023,"SE","FT",198800,"US","M"
2023,"SE","FT",198800,"US","M"
2023,"SE","FT",198800,"US","M"
2023,"SE","FT",198800,"US","M"
2022,"SE","FT",198800,"US","M"
2022,"SE","FT",198800,"US","M"
2024,"SE","FT",198650,"US","M"
2022,"SE","FT",198440,"US","L"
2022,"SE","FT",198440,"US","M"
2022,"SE","FT",198440,"US","M"
2022,"SE","FT",198440,"US","L"
2024,"SE","FT",198433,"US","M"
2023,"SE","FT",198300,"US","M"
2024,"SE","FT",198200,"US","M"
2023,"SE","FT",198200,"US","M"
2023,"SE","FT",198200,"US","M"
2023,"SE","FT",198200,"US","M"
2023,"SE","FT",198200,"US","M"
2023,"SE","FT",198200,"US","M"
2023,"SE","FT",198200,"US","M"
2023,"SE","FT",198200,"US","M"
2023,"SE","FT",198200,"US","M"
2023,"SE","FT",198200,"US","M"
2023,"SE","FT",198200,"US","M"
2023,"SE","FT",198200,"US","M"
2023,"SE","FT",198200,"US","M"
2023,"SE","FT",198200,"US","M"
2023,"SE","FT",198200,"US","M"
2023,"SE","FT",198200,"US","M"
2022,"SE","FT",198200,"US","M"
2024,"SE","FT",198000,"US","M"
2024,"MI","FT",198000,"US","M"
2024,"MI","FT",198000,"US","M"
2024,"SE","FT",198000,"US","M"
2024,"EN","FT",198000,"US","M"
2024,"SE","FT",198000,"US","M"
2024,"MI","FT",198000,"US","M"
2024,"MI","FT",198000,"US","M"
2024,"EN","FT",198000,"US","M"
2024,"SE","FT",198000,"US","M"
2024,"MI","FT",198000,"US","M"
2024,"SE","FT",198000,"US","M"
2024,"SE","FT",198000,"US","M"
2023,"SE","FT",198000,"US","M"
2023,"SE","FT",198000,"US","M"
2023,"SE","FT",198000,"US","M"
2023,"MI","FT",198000,"US","M"
2023,"SE","FT",198000,"US","M"
2023,"SE","FT",198000,"US","M"
2022,"MI","FT",44365,"PL","S"
2023,"SE","FT",197802,"US","M"
2023,"SE","FT",197600,"US","M"
2024,"SE","FT",197500,"US","M"
2023,"SE","FT",197500,"US","M"
2023,"SE","FT",197500,"US","M"
2023,"SE","FT",197500,"US","M"
2022,"SE","FT",197430,"US","M"
2023,"SE","FT",197400,"US","M"
2023,"SE","FT",197400,"US","M"
2023,"SE","FT",197400,"US","M"
2023,"MI","FT",197400,"US","M"
2023,"MI","FT",197400,"US","M"
2024,"SE","FT",197100,"US","M"
2024,"SE","FT",197011,"US","M"
2024,"SE","FT",197000,"US","M"
2024,"MI","FT",197000,"US","M"
2024,"SE","FT",197000,"US","M"
2023,"SE","FT",197000,"US","M"
2023,"SE","FT",197000,"CA","M"
2023,"SE","FT",197000,"US","M"
2023,"SE","FT",197000,"US","M"
2022,"SE","FT",197000,"US","M"
2022,"SE","FT",197000,"US","M"
2023,"SE","FT",196900,"US","M"
2023,"SE","FT",196760,"US","M"
2024,"SE","FT",196720,"US","M"
2023,"SE","FT",196685,"US","M"
2023,"SE","FT",196500,"US","M"
2024,"SE","FT",196350,"US","M"
2024,"SE","FT",196350,"US","M"
2024,"SE","FT",196350,"US","M"
2024,"SE","FT",196350,"US","M"
2023,"EX","FT",196200,"US","M"
2024,"SE","FT",196000,"US","M"
2024,"MI","FT",196000,"US","M"
2023,"SE","FT",196000,"US","M"
2023,"SE","FT",196000,"US","M"
2023,"SE","FT",196000,"US","M"
2023,"SE","FT",196000,"US","M"
2023,"SE","FT",196000,"US","M"
2023,"SE","FT",196000,"US","M"
2023,"SE","FT",196000,"US","M"
2023,"SE","FT",196000,"US","M"
2023,"SE","FT",196000,"US","M"
2023,"SE","FT",196000,"US","M"
2023,"SE","FT",196000,"US","M"
2023,"SE","FT",196000,"US","M"
2023,"SE","FT",196000,"US","M"
2023,"SE","FT",196000,"US","M"
2023,"SE","FT",196000,"US","M"
2023,"SE","FT",196000,"US","M"
2023,"SE","FT",196000,"US","M"
2023,"SE","FT",196000,"US","M"
2022,"SE","FT",196000,"US","M"
2022,"SE","FT",196000,"US","M"
2022,"SE","FT",196000,"US","M"
2023,"SE","FT",195800,"US","M"
2023,"SE","FT",195800,"US","M"
2023,"SE","FT",195800,"US","M"
2023,"EX","FT",195800,"US","M"
2024,"SE","FT",195700,"US","M"
2022,"SE","FT",195700,"US","M"
2022,"SE","FT",195700,"US","M"
2024,"MI","FT",195600,"US","M"
2024,"SE","FT",195500,"US","M"
2024,"SE","FT",195500,"US","M"
2024,"MI","FT",195500,"US","M"
2024,"SE","FT",195500,"US","M"
2024,"SE","FT",195500,"US","M"
2024,"SE","FT",195500,"US","M"
2024,"EN","FT",195500,"US","M"
2024,"SE","FT",195500,"US","M"
2023,"SE","FT",195500,"US","M"
2022,"SE","FT",195400,"US","L"
2022,"SE","FT",195400,"US","L"
2022,"SE","FT",195400,"US","L"
2022,"SE","FT",195400,"US","L"
2024,"MI","FT",195200,"US","L"
2024,"MI","FT",195200,"US","M"
2023,"EN","FT",195200,"US","L"
2024,"SE","FT",195000,"US","M"
2024,"SE","FT",195000,"US","M"
2024,"SE","FT",195000,"US","M"
2024,"SE","FT",195000,"US","M"
2024,"SE","FT",195000,"US","M"
2024,"SE","FT",195000,"US","M"
2024,"SE","FT",195000,"US","M"
2024,"SE","FT",195000,"US","M"
2024,"SE","FT",195000,"US","M"
2024,"SE","FT",195000,"US","M"
2024,"EX","FT",195000,"US","M"
2024,"SE","FT",195000,"US","M"
2024,"SE","FT",195000,"US","M"
2024,"SE","FT",195000,"US","M"
2024,"SE","FT",195000,"US","M"
2024,"SE","FT",195000,"US","M"
2024,"SE","FT",195000,"US","M"
2023,"SE","FT",195000,"US","M"
2023,"SE","FT",195000,"US","M"
2023,"SE","FT",195000,"US","M"
2023,"SE","FT",195000,"US","L"
2023,"SE","FT",195000,"US","M"
2023,"SE","FT",195000,"US","M"
2023,"SE","FT",195000,"US","M"
2023,"SE","FT",195000,"US","M"
2023,"SE","FT",195000,"US","M"
2023,"SE","FT",38290,"BR","L"
2023,"SE","FT",195000,"US","M"
2023,"SE","FT",195000,"US","M"
2023,"MI","FT",195000,"US","M"
2023,"SE","FT",195000,"US","M"
2023,"SE","FT",195000,"US","M"
2023,"SE","FT",195000,"US","M"
2023,"MI","FT",195000,"US","M"
2022,"SE","FT",195000,"US","M"
2021,"SE","FT",195000,"US","M"
2024,"SE","FT",194992,"US","M"
2023,"SE","FT",194992,"US","M"
2023,"SE","FT",194595,"US","M"
2023,"SE","FT",194521,"US","M"
2024,"SE","FT",194500,"US","M"
2024,"SE","FT",194500,"US","M"
2024,"MI","FT",194500,"US","M"
2024,"SE","FT",194500,"US","M"
2024,"SE","FT",194500,"US","M"
2023,"SE","FT",194500,"US","M"
2023,"SE","FT",194500,"US","M"
2023,"EX","FT",194500,"US","M"
2023,"EX","FT",194500,"US","M"
2023,"EX","FT",194500,"US","M"
2023,"SE","FT",194400,"US","M"
2023,"SE","FT",194400,"US","M"
2024,"MI","FT",194200,"US","M"
2023,"SE","FT",194100,"US","M"
2024,"SE","FT",194063,"US","M"
2024,"MI","FT",194000,"US","M"
2023,"SE","FT",194000,"US","M"
2023,"SE","FT",194000,"US","M"
2023,"SE","FT",194000,"US","M"
2022,"SE","FT",194000,"US","M"
2022,"SE","FT",194000,"US","M"
2023,"SE","FT",193900,"US","M"
2023,"SE","FT",193900,"US","M"
2022,"SE","FT",193900,"US","M"
2022,"SE","FT",193900,"US","M"
2022,"MI","FT",193900,"US","M"
2023,"SE","FT",193800,"US","M"
2022,"SE","FT",193750,"US","M"
2022,"SE","FT",193750,"US","M"
2023,"SE","FT",193600,"US","M"
2023,"SE","FT",193600,"US","M"
2023,"SE","FT",193600,"US","M"
2023,"SE","FT",193600,"US","M"
2023,"SE","FT",193600,"US","M"
2023,"SE","FT",193600,"US","M"
2024,"EN","FT",193500,"US","M"
2023,"MI","FT",193500,"US","M"
2023,"MI","FT",193500,"US","M"
2023,"SE","FT",193500,"US","M"
2024,"MI","FT",193412,"CA","M"
2023,"SE","FT",193200,"US","M"
2023,"MI","FT",193170,"US","M"
2024,"SE","FT",193000,"US","M"
2024,"SE","FT",193000,"US","M"
2024,"SE","FT",193000,"US","M"
2024,"SE","FT",193000,"US","M"
2024,"MI","FT",193000,"US","M"
2023,"SE","FT",193000,"US","M"
2023,"SE","FT",193000,"US","M"
2023,"SE","FT",193000,"US","M"
2023,"SE","FT",193000,"US","M"
2023,"SE","FT",193000,"US","M"
2023,"SE","FT",193000,"CA","M"
2023,"SE","FT",193000,"US","M"
2023,"SE","FT",193000,"US","M"
2022,"SE","FT",193000,"US","M"
2022,"SE","FT",133766,"AU","L"
2024,"SE","FT",192780,"US","M"
2024,"SE","FT",192700,"US","M"
2024,"SE","FT",192700,"US","M"
2024,"SE","FT",192700,"US","M"
2024,"SE","FT",192700,"US","M"
2022,"SE","FT",192600,"US","M"
2022,"SE","FT",192564,"US","M"
2022,"SE","FT",192564,"US","M"
2024,"SE","FT",192500,"US","M"
2024,"SE","FT",192500,"US","M"
2024,"SE","FT",192500,"US","M"
2024,"EN","FT",192500,"US","M"
2024,"MI","FT",192500,"US","M"
2024,"SE","FT",192500,"US","M"
2024,"SE","FT",192500,"US","M"
2023,"SE","FT",192500,"US","M"
2023,"SE","FT",192500,"US","M"
2023,"SE","FT",192500,"US","M"
2022,"SE","FT",192500,"US","M"
2023,"SE","FT",192400,"US","M"
2022,"SE","FT",192400,"CA","M"
2023,"SE","FT",192351,"US","M"
2024,"EN","FT",192300,"US","M"
2023,"SE","FT",192300,"US","M"
2024,"SE","FT",192000,"US","M"
2024,"SE","FT",192000,"US","M"
2023,"SE","FT",192000,"US","M"
2023,"SE","FT",192000,"US","M"
2023,"SE","FT",192000,"US","M"
2023,"SE","FT",192000,"US","M"
2023,"SE","FT",192000,"US","M"
2023,"SE","FT",192000,"CA","M"
2023,"SE","FT",192000,"US","M"
2023,"SE","FT",192000,"US","M"
2023,"SE","FT",192000,"US","M"
2023,"MI","FT",192000,"US","M"
2023,"SE","FT",192000,"US","M"
2023,"SE","FT",192000,"US","M"
2023,"SE","FT",192000,"US","M"
2023,"SE","FT",192000,"US","M"
2023,"SE","FT",192000,"US","M"
2023,"SE","FT",192000,"US","M"
2023,"SE","FT",192000,"US","M"
2023,"SE","FT",192000,"CA","M"
2023,"SE","FT",192000,"US","M"
2023,"SE","FT",192000,"US","M"
2023,"SE","FT",192000,"US","M"
2023,"SE","FT",192000,"US","M"
2023,"SE","FT",192000,"US","M"
2023,"SE","FT",192000,"US","M"
2023,"SE","FT",192000,"US","M"
2023,"SE","FT",192000,"US","M"
2023,"SE","FT",192000,"US","M"
2023,"SE","FT",192000,"US","M"
2023,"EX","FT",192000,"US","M"
2023,"SE","FT",192000,"US","M"
2023,"SE","FT",192000,"US","M"
2023,"SE","FT",192000,"US","M"
2023,"SE","FT",192000,"US","M"
2022,"SE","FT",192000,"US","L"
2023,"SE","FT",192000,"US","M"
2022,"SE","FT",192000,"US","M"
2022,"SE","FT",192000,"US","M"
2022,"SE","FT",192000,"US","M"
2024,"EX","FT",191857,"US","M"
2024,"SE","FT",191857,"US","M"
2023,"SE","FT",191765,"US","M"
2023,"MI","FT",191765,"US","M"
2023,"SE","FT",191765,"US","M"
2023,"SE","FT",191765,"US","M"
2023,"SE","FT",191600,"US","M"
2024,"SE","FT",191500,"US","M"
2022,"SE","FT",191475,"US","M"
2022,"SE","FT",191475,"US","M"
2022,"SE","FT",191475,"US","M"
2022,"SE","FT",191475,"US","M"
2022,"SE","FT",191475,"US","M"
2022,"SE","FT",191475,"US","M"
2022,"SE","FT",191475,"US","M"
2022,"SE","FT",191475,"US","M"
2022,"SE","FT",191475,"US","M"
2022,"SE","FT",191475,"US","M"
2022,"SE","FT",191475,"US","M"
2022,"SE","FT",191475,"US","M"
2022,"SE","FT",191475,"US","M"
2022,"SE","FT",191475,"US","M"
2022,"SE","FT",191475,"US","M"
2022,"SE","FT",191475,"US","M"
2022,"SE","FT",191475,"US","M"
2022,"SE","FT",191475,"US","M"
2022,"SE","FT",191475,"US","M"
2022,"SE","FT",191475,"US","M"
2022,"SE","FT",191475,"US","M"
2022,"SE","FT",191475,"US","M"
2022,"SE","FT",191475,"US","M"
2023,"SE","FT",191400,"US","M"
2023,"SE","FT",191400,"US","M"
2024,"SE","FT",191311,"US","M"
2023,"SE","FT",191200,"US","M"
2022,"SE","FT",191200,"US","M"
2022,"SE","FT",191200,"US","M"
2022,"SE","FT",191200,"US","M"
2022,"SE","FT",191200,"US","M"
2024,"SE","FT",191027,"US","M"
2024,"SE","CT",191027,"US","M"
2023,"SE","FT",191000,"US","M"
2023,"SE","FT",190900,"US","M"
2024,"SE","FT",190600,"US","M"
2024,"SE","FT",190500,"CA","M"
2024,"EX","FT",190500,"US","M"
2024,"SE","FT",190400,"US","M"
2023,"SE","FT",190400,"US","M"
2023,"SE","FT",190400,"US","M"
2023,"SE","FT",190400,"US","M"
2023,"SE","FT",190200,"US","M"
2020,"SE","FT",190200,"US","M"
2024,"SE","FT",190196,"US","M"
2024,"SE","FT",190196,"US","M"
2024,"SE","FT",190100,"US","M"
2023,"SE","FT",190100,"US","M"
2023,"SE","FT",190027,"US","M"
2024,"SE","FT",190000,"US","M"
2024,"SE","FT",190000,"US","M"
2024,"SE","FT",190000,"US","M"
2024,"SE","FT",190000,"US","M"
2024,"MI","FT",190000,"US","M"
2024,"SE","FT",190000,"US","M"
2024,"SE","FT",190000,"US","M"
2024,"SE","FT",190000,"US","M"
2024,"SE","FT",190000,"US","M"
2024,"SE","FT",190000,"US","M"
2024,"SE","FT",190000,"US","M"
2024,"SE","FT",190000,"US","M"
2024,"EX","FT",190000,"US","M"
2024,"SE","FT",190000,"US","M"
2024,"SE","FT",190000,"AU","M"
2024,"MI","FT",190000,"US","M"
2024,"SE","FT",190000,"US","M"
2024,"SE","FT",190000,"US","M"
2024,"SE","FT",190000,"CA","M"
2024,"SE","FT",190000,"US","M"
2024,"SE","FT",190000,"US","M"
2024,"MI","FT",190000,"US","M"
2024,"MI","FT",190000,"US","M"
2024,"SE","FT",190000,"US","M"
2024,"SE","FT",190000,"US","M"
2024,"SE","FT",190000,"US","M"
2024,"SE","FT",190000,"US","M"
2024,"SE","FT",190000,"US","M"
2024,"SE","FT",190000,"US","M"
2024,"SE","FT",190000,"US","M"
2024,"SE","FT",190000,"US","M"
2024,"SE","FT",190000,"US","M"
2024,"SE","FT",190000,"US","M"
2024,"SE","FT",190000,"US","M"
2024,"SE","FT",190000,"US","M"
2024,"EX","FT",190000,"US","M"
2024,"SE","FT",190000,"US","M"
2024,"MI","FT",190000,"US","M"
2024,"MI","FT",190000,"US","M"
2023,"MI","FT",190000,"US","M"
2023,"MI","FT",190000,"CA","M"
2023,"SE","FT",190000,"US","M"
2023,"MI","FT",190000,"CA","M"
2023,"MI","FT",190000,"CA","M"
2023,"SE","FT",190000,"US","M"
2023,"SE","FT",190000,"US","M"
2023,"EX","FT",190000,"US","M"
2023,"SE","FT",190000,"US","M"
2023,"SE","FT",190000,"US","M"
2023,"SE","FT",190000,"US","M"
2023,"EX","FT",190000,"US","M"
2023,"SE","FT",190000,"CA","M"
2023,"SE","FT",190000,"US","M"
2023,"SE","FT",190000,"US","M"
2023,"SE","FT",190000,"US","M"
2023,"SE","FT",190000,"US","M"
2023,"MI","FT",190000,"US","M"
2023,"SE","FT",190000,"US","M"
2023,"SE","FT",190000,"US","M"
2023,"SE","FT",190000,"US","M"
2023,"MI","FT",190000,"US","L"
2023,"SE","FT",190000,"US","M"
2023,"SE","FT",190000,"US","M"
2023,"SE","FT",190000,"US","M"
2023,"SE","FT",190000,"US","M"
2023,"SE","FT",190000,"US","M"
2023,"SE","FT",190000,"US","M"
2023,"SE","FT",190000,"US","M"
2023,"SE","FT",190000,"US","M"
2023,"SE","FT",190000,"US","M"
2023,"SE","FT",190000,"US","M"
2023,"SE","FT",190000,"US","M"
2023,"SE","FT",190000,"US","M"
2023,"SE","FT",190000,"US","M"
2023,"SE","FT",190000,"US","M"
2023,"SE","FT",190000,"CA","M"
2023,"SE","FT",190000,"US","M"
2023,"SE","FT",190000,"US","M"
2023,"SE","FT",190000,"US","M"
2023,"SE","FT",190000,"US","M"
2023,"MI","FT",190000,"US","M"
2023,"MI","FT",190000,"US","M"
2023,"MI","FT",190000,"US","M"
2023,"SE","FT",190000,"CA","M"
2023,"MI","FT",190000,"CA","M"
2023,"SE","FT",190000,"US","M"
2022,"SE","FT",190000,"US","L"
2023,"SE","FT",190000,"CA","M"
2023,"SE","FT",190000,"US","M"
2023,"SE","FT",190000,"US","M"
2023,"SE","FT",190000,"US","M"
2023,"SE","FT",190000,"US","M"
2023,"SE","FT",190000,"US","M"
2023,"SE","FT",190000,"US","M"
2023,"SE","FT",190000,"US","M"
2023,"SE","FT",190000,"US","M"
2023,"SE","FT",190000,"US","M"
2023,"SE","FT",190000,"US","M"
2023,"SE","FT",190000,"CA","M"
2023,"SE","FT",190000,"US","M"
2023,"EN","FT",190000,"US","M"
2023,"SE","FT",190000,"CA","M"
2023,"SE","FT",190000,"US","M"
2023,"SE","FT",190000,"US","M"
2023,"MI","FT",190000,"US","M"
2023,"MI","FT",190000,"US","M"
2023,"SE","FT",190000,"US","M"
2022,"SE","FT",190000,"US","M"
2022,"SE","FT",190000,"US","M"
2022,"SE","FT",190000,"US","M"
2022,"SE","FT",190000,"US","M"
2022,"SE","FT",190000,"US","M"
2022,"SE","FT",190000,"US","L"
2022,"SE","FT",190000,"US","M"
2022,"SE","FT",190000,"US","M"
2022,"SE","FT",190000,"US","M"
2022,"SE","FT",190000,"US","M"
2022,"SE","FT",190000,"US","M"
2020,"SE","FT",190000,"US","S"
2023,"SE","FT",189750,"US","M"
2023,"SE","FT",189750,"US","M"
2023,"SE","FT",189750,"CA","M"
2023,"SE","FT",189750,"US","M"
2023,"MI","FT",189750,"US","M"
2023,"SE","FT",189750,"US","M"
2022,"EN","FT",189750,"US","M"
2022,"SE","FT",189650,"US","M"
2022,"SE","FT",189650,"US","M"
2022,"SE","FT",189650,"US","M"
2022,"SE","FT",189500,"US","L"
2024,"SE","FT",189400,"US","M"
2023,"SE","FT",189400,"GB","M"
2024,"SE","FT",189360,"US","M"
2023,"SE","FT",189360,"US","M"
2023,"SE","FT",189110,"US","M"
2023,"SE","FT",189110,"US","M"
2023,"SE","FT",189110,"US","M"
2024,"SE","FT",189100,"US","M"
2023,"SE","FT",189100,"US","M"
2024,"MI","FT",189000,"US","M"
2024,"MI","FT",189000,"US","M"
2024,"SE","FT",189000,"US","M"
2024,"SE","FT",189000,"US","M"
2024,"SE","FT",189000,"US","M"
2023,"SE","FT",189000,"US","M"
2023,"MI","FT",189000,"US","M"
2023,"SE","FT",189000,"US","M"
2023,"SE","FT",189000,"US","M"
2023,"SE","FT",204060,"DE","M"
2023,"SE","FT",189000,"US","M"
2023,"SE","FT",188800,"US","M"
2023,"SE","FT",188800,"US","M"
2023,"SE","FT",188800,"US","M"
2023,"SE","FT",188800,"US","M"
2023,"SE","FT",188700,"US","M"
2022,"SE","FT",188700,"US","M"
2023,"SE","FT",188600,"US","M"
2023,"SE","FT",188600,"US","M"
2024,"SE","FT",188500,"US","M"
2024,"MI","FT",188500,"US","M"
2024,"SE","FT",188500,"US","M"
2024,"MI","FT",188500,"US","M"
2024,"SE","FT",188500,"US","M"
2024,"MI","FT",188500,"US","M"
2023,"SE","FT",188500,"US","M"
2023,"SE","FT",188500,"US","M"
2023,"SE","FT",188200,"US","M"
2023,"SE","FT",188200,"US","M"
2022,"SE","FT",188100,"US","M"
2024,"SE","FT",188000,"US","M"
2024,"SE","FT",188000,"US","M"
2024,"SE","FT",188000,"US","M"
2024,"SE","FT",188000,"US","M"
2023,"SE","FT",188000,"US","M"
2023,"SE","FT",188000,"US","M"
2023,"SE","FT",188000,"US","M"
2023,"EX","FT",188000,"US","M"
2020,"SE","FT",188000,"US","L"
2024,"SE","FT",187770,"US","M"
2024,"EN","FT",187500,"US","M"
2024,"SE","FT",187500,"US","M"
2023,"MI","FT",187500,"US","M"
2023,"SE","FT",187500,"US","M"
2023,"SE","FT",187415,"US","M"
2023,"SE","FT",187415,"US","M"
2023,"SE","FT",187415,"US","M"
2023,"SE","FT",187415,"US","M"
2024,"SE","FT",187370,"US","M"
2023,"SE","FT",187259,"US","M"
2023,"SE","FT",187259,"US","M"
2024,"MI","FT",187200,"CA","M"
2023,"SE","FT",187200,"US","M"
2022,"SE","FT",187200,"CA","M"
2022,"EX","FT",187200,"US","M"
2024,"SE","FT",187165,"CA","M"
2024,"SE","FT",187158,"US","M"
2023,"SE","FT",187100,"US","M"
2024,"SE","FT",187000,"FR","M"
2024,"MI","FT",187000,"US","M"
2024,"MI","FT",187000,"US","M"
2024,"SE","FT",187000,"US","M"
2024,"SE","FT",187000,"US","M"
2024,"SE","FT",187000,"US","M"
2024,"SE","FT",187000,"US","M"
2024,"MI","FT",187000,"US","M"
2024,"SE","FT",187000,"US","M"
2024,"SE","FT",187000,"US","M"
2024,"SE","FT",187000,"US","M"
2023,"SE","FT",187000,"US","M"
2023,"SE","FT",187000,"US","M"
2023,"MI","FT",187000,"US","M"
2023,"SE","FT",187000,"US","M"
2023,"EN","FT",187000,"US","M"
2023,"EN","FT",187000,"US","M"
2023,"SE","FT",187000,"US","M"
2023,"SE","FT",187000,"US","M"
2023,"SE","FT",187000,"US","M"
2022,"MI","FT",187000,"US","M"
2024,"MI","FT",186846,"US","M"
2024,"MI","FT",186846,"US","M"
2023,"SE","FT",186846,"US","M"
2024,"SE","FT",186754,"US","M"
2023,"SE","FT",186754,"US","M"
2023,"SE","FT",186700,"US","M"
2023,"SE","FT",186600,"US","M"
2023,"SE","FT",186600,"US","M"
2023,"SE","FT",186600,"US","M"
2023,"MI","FT",186600,"US","M"
2023,"SE","FT",186300,"US","M"
2023,"SE","FT",186300,"US","M"
2023,"SE","FT",186200,"US","M"
2023,"SE","FT",186030,"US","M"
2024,"SE","FT",186000,"US","M"
2024,"SE","FT",186000,"US","M"
2023,"MI","FT",186000,"US","M"
2023,"SE","FT",186000,"US","M"
2023,"SE","FT",186000,"US","M"
2023,"SE","FT",186000,"US","M"
2023,"MI","FT",186000,"US","M"
2023,"SE","FT",186000,"US","M"
2023,"SE","FT",186000,"US","M"
2023,"SE","FT",186000,"US","M"
2023,"MI","FT",186000,"US","M"
2023,"SE","FT",186000,"US","M"
2023,"SE","FT",186000,"US","M"
2023,"SE","FT",186000,"US","M"
2022,"SE","FT",186000,"US","M"
2022,"SE","FT",186000,"US","M"
2022,"SE","FT",186000,"US","M"
2024,"SE","FT",185900,"US","M"
2024,"SE","FT",185900,"US","M"
2024,"SE","FT",185900,"US","M"
2024,"SE","FT",185900,"US","M"
2023,"SE","FT",185900,"US","M"
2023,"SE","FT",185900,"US","M"
2023,"SE","FT",185900,"US","M"
2023,"SE","FT",185900,"US","M"
2023,"SE","FT",185900,"US","M"
2023,"SE","FT",185900,"US","M"
2023,"SE","FT",185900,"US","M"
2023,"SE","FT",185900,"US","M"
2023,"SE","FT",185900,"US","M"
2023,"SE","FT",185900,"US","M"
2023,"MI","FT",185900,"US","M"
2023,"MI","FT",185900,"US","M"
2023,"MI","FT",185900,"US","M"
2023,"MI","FT",185900,"US","M"
2023,"SE","FT",185900,"US","M"
2023,"SE","FT",185900,"US","M"
2023,"SE","FT",185900,"US","M"
2023,"SE","FT",185900,"US","M"
2023,"SE","FT",185900,"US","M"
2023,"SE","FT",185900,"US","M"
2023,"SE","FT",185900,"US","M"
2023,"SE","FT",185900,"US","M"
2023,"SE","FT",185900,"US","M"
2023,"SE","FT",185900,"US","M"
2023,"SE","FT",185900,"US","M"
2023,"SE","FT",185900,"US","M"
2023,"SE","FT",185900,"US","M"
2023,"SE","FT",185900,"US","M"
2023,"SE","FT",185900,"US","M"
2023,"SE","FT",185900,"US","M"
2023,"SE","FT",185900,"US","M"
2023,"SE","FT",185900,"US","M"
2023,"SE","FT",185900,"US","M"
2023,"SE","FT",185900,"US","M"
2023,"SE","FT",185900,"US","M"
2023,"SE","FT",185900,"US","M"
2023,"SE","FT",185900,"US","M"
2023,"SE","FT",185900,"US","M"
2023,"SE","FT",185900,"US","M"
2023,"SE","FT",185900,"US","M"
2023,"SE","FT",185900,"US","M"
2023,"SE","FT",185900,"US","M"
2023,"SE","FT",185900,"US","M"
2023,"SE","FT",185900,"US","M"
2023,"SE","FT",185900,"US","M"
2023,"SE","FT",185900,"US","M"
2023,"SE","FT",185900,"US","M"
2023,"SE","FT",185900,"US","M"
2023,"SE","FT",185900,"US","M"
2023,"SE","FT",185900,"US","M"
2022,"SE","FT",185900,"US","M"
2022,"SE","FT",185900,"US","M"
2022,"SE","FT",185900,"US","M"
2022,"SE","FT",185900,"US","M"
2022,"SE","FT",185900,"US","M"
2022,"SE","FT",185900,"US","M"
2022,"SE","FT",185900,"US","M"
2022,"SE","FT",185900,"US","M"
2022,"SE","FT",185900,"US","M"
2022,"SE","FT",185900,"US","M"
2022,"SE","FT",185900,"US","M"
2022,"SE","FT",185900,"US","M"
2022,"SE","FT",185900,"US","M"
2022,"SE","FT",185900,"US","M"
2022,"SE","FT",185900,"US","M"
2022,"SE","FT",185900,"US","M"
2022,"SE","FT",185900,"US","M"
2022,"SE","FT",185900,"US","M"
2022,"SE","FT",185900,"US","M"
2024,"MI","FT",185800,"US","M"
2024,"SE","FT",185800,"US","M"
2024,"SE","FT",185800,"US","M"
2024,"EN","FT",185800,"US","M"
2024,"MI","FT",185800,"US","M"
2022,"SE","FT",185800,"CA","M"
2023,"MI","FT",185700,"US","M"
2024,"SE","FT",185500,"US","M"
2024,"SE","FT",185490,"US","M"
2024,"SE","FT",185400,"US","M"
2024,"SE","FT",185400,"US","M"
2023,"SE","FT",185400,"US","M"
2022,"SE","FT",185400,"US","M"
2023,"SE","FT",185100,"US","M"
2023,"SE","FT",185100,"US","M"
2023,"SE","FT",185100,"US","M"
2022,"SE","FT",185100,"US","M"
2024,"SE","FT",185000,"US","M"
2024,"SE","FT",185000,"US","M"
2024,"SE","FT",185000,"US","M"
2024,"SE","FT",185000,"US","M"
2024,"SE","FT",185000,"US","M"
2024,"MI","FT",185000,"US","L"
2024,"MI","FT",185000,"US","L"
2024,"SE","FT",185000,"US","L"
2024,"SE","FT",185000,"US","M"
2024,"SE","FT",185000,"US","M"
2024,"SE","FT",185000,"US","L"
2024,"MI","FT",185000,"US","L"
2024,"SE","FT",185000,"US","M"
2024,"SE","FT",185000,"US","M"
2024,"SE","FT",185000,"US","L"
2024,"SE","FT",185000,"US","M"
2024,"SE","FT",185000,"US","M"
2024,"MI","FT",185000,"US","L"
2024,"SE","FT",185000,"US","M"
2024,"SE","FT",185000,"US","M"
2024,"SE","FT",185000,"US","M"
2024,"SE","FT",185000,"US","L"
2024,"SE","FT",185000,"US","M"
2023,"SE","FT",185000,"CA","M"
2023,"MI","FT",185000,"US","M"
2023,"MI","FT",185000,"US","M"
2023,"SE","FT",185000,"US","M"
2023,"SE","FT",185000,"US","M"
2023,"SE","FT",185000,"US","M"
2023,"MI","FT",185000,"US","L"
2023,"SE","FT",185000,"US","M"
2023,"MI","FT",185000,"US","L"
2023,"SE","FT",185000,"US","M"
2023,"SE","FT",185000,"US","M"
2023,"MI","FT",185000,"US","L"
2023,"SE","FT",185000,"US","M"
2023,"SE","FT",185000,"US","M"
2023,"EX","FT",185000,"US","M"
2023,"SE","FT",185000,"US","L"
2023,"SE","FT",185000,"US","L"
2023,"SE","FT",185000,"US","L"
2023,"EX","FT",185000,"US","M"
2023,"SE","FT",185000,"US","L"
2023,"SE","FT",185000,"US","M"
2023,"SE","FT",185000,"US","M"
2023,"SE","FT",185000,"US","M"
2023,"SE","FT",185000,"US","L"
2023,"SE","FT",185000,"US","M"
2023,"SE","FT",185000,"US","M"
2023,"SE","FT",185000,"US","L"
2023,"SE","FT",185000,"US","M"
2023,"SE","FT",185000,"US","M"
2023,"SE","FT",185000,"US","M"
2023,"SE","FT",185000,"US","M"
2023,"SE","FT",185000,"US","L"
2023,"SE","FT",185000,"US","L"
2023,"SE","FT",185000,"US","M"
2023,"SE","FT",185000,"US","M"
2023,"SE","FT",185000,"US","M"
2023,"SE","FT",185000,"US","M"
2023,"SE","FT",185000,"US","L"
2023,"SE","FT",185000,"US","M"
2023,"SE","FT",185000,"US","M"
2023,"SE","FT",185000,"US","L"
2023,"SE","FT",185000,"US","M"
2023,"SE","FT",185000,"US","M"
2023,"SE","FT",185000,"US","M"
2023,"SE","FT",185000,"US","L"
2023,"SE","FT",185000,"US","M"
2023,"SE","FT",185000,"US","M"
2023,"SE","FT",185000,"US","M"
2023,"SE","FT",185000,"US","M"
2023,"MI","FT",185000,"US","M"
2023,"SE","FT",185000,"US","M"
2023,"MI","FT",185000,"US","M"
2023,"SE","FT",185000,"US","L"
2023,"SE","FT",185000,"US","M"
2023,"SE","FT",185000,"US","M"
2023,"SE","FT",185000,"US","L"
2021,"SE","FT",185000,"US","M"
2023,"SE","FT",185000,"US","M"
2023,"SE","FT",185000,"US","L"
2023,"SE","FT",185000,"US","L"
2023,"SE","FT",185000,"US","M"
2023,"EX","FT",185000,"US","M"
2023,"SE","FT",185000,"US","L"
2023,"SE","FT",185000,"US","L"
2023,"SE","FT",185000,"US","M"
2023,"SE","FT",185000,"US","L"
2023,"SE","FT",185000,"US","L"
2023,"SE","FT",185000,"US","M"
2023,"SE","FT",185000,"US","L"
2023,"SE","FT",185000,"US","L"
2023,"EX","FT",185000,"US","M"
2023,"SE","FT",185000,"US","M"
2023,"SE","FT",185000,"US","M"
2023,"SE","FT",185000,"US","M"
2023,"SE","FT",185000,"US","M"
2023,"EX","FT",185000,"US","M"
2023,"SE","FT",185000,"US","M"
2023,"SE","FT",185000,"US","M"
2023,"SE","FT",185000,"US","M"
2023,"SE","FT",185000,"US","M"
2023,"SE","FT",185000,"US","M"
2023,"SE","FT",185000,"US","M"
2023,"MI","FT",185000,"US","M"
2023,"MI","FT",185000,"US","M"
2023,"SE","FT",185000,"US","M"
2023,"SE","FT",185000,"US","M"
2023,"SE","FT",185000,"GB","M"
2023,"SE","FT",185000,"US","M"
2023,"SE","FT",185000,"US","M"
2023,"SE","FT",185000,"US","M"
2023,"SE","FT",185000,"US","M"
2022,"SE","FT",185000,"US","M"
2022,"SE","FT",185000,"MX","M"
2022,"SE","FT",185000,"US","M"
2022,"SE","FT",185000,"US","M"
2022,"SE","FT",185000,"US","M"
2022,"SE","FT",185000,"US","M"
2021,"SE","FT",185000,"US","L"
2021,"SE","FT",185000,"US","L"
2023,"SE","FT",184950,"US","M"
2023,"SE","FT",184950,"US","M"
2024,"SE","FT",184900,"US","M"
2024,"SE","FT",184800,"CA","M"
2024,"MI","FT",184800,"US","M"
2024,"SE","FT",184800,"US","M"
2023,"SE","FT",184800,"US","M"
2023,"SE","FT",184800,"US","M"
2023,"SE","FT",184800,"US","M"
2023,"SE","FT",184800,"US","M"
2023,"SE","FT",184800,"US","M"
2023,"SE","FT",184800,"US","M"
2024,"SE","FT",184700,"US","M"
2023,"SE","FT",184700,"US","M"
2023,"SE","FT",184700,"US","M"
2023,"SE","FT",184700,"US","M"
2023,"SE","FT",184700,"US","M"
2023,"SE","FT",184700,"US","M"
2023,"SE","FT",184700,"US","M"
2023,"SE","FT",184700,"US","M"
2023,"SE","FT",184700,"US","M"
2023,"SE","FT",184700,"US","M"
2023,"SE","FT",184700,"US","M"
2022,"SE","FT",184700,"US","M"
2024,"SE","FT",184662,"US","M"
2023,"SE","FT",184600,"US","M"
2023,"SE","FT",184590,"US","M"
2023,"SE","FT",184250,"US","M"
2023,"SE","FT",184184,"US","M"
2024,"EN","FT",184180,"US","M"
2022,"SE","FT",184100,"US","M"
2022,"SE","FT",184100,"US","M"
2024,"SE","FT",184000,"US","M"
2024,"SE","FT",184000,"US","M"
2024,"SE","FT",184000,"US","M"
2024,"MI","FT",184000,"US","M"
2024,"MI","FT",184000,"US","M"
2024,"SE","FT",184000,"US","M"
2024,"MI","FT",184000,"US","M"
2023,"SE","FT",184000,"US","M"
2023,"SE","FT",184000,"US","M"
2023,"MI","FT",184000,"US","M"
2023,"SE","FT",184000,"US","M"
2023,"MI","FT",184000,"US","M"
2023,"SE","FT",184000,"US","M"
2023,"SE","FT",184000,"US","M"
2023,"SE","FT",184000,"US","M"
2023,"SE","FT",184000,"US","M"
2023,"SE","FT",184000,"US","M"
2023,"SE","FT",184000,"US","M"
2023,"SE","FT",184000,"US","M"
2023,"SE","FT",184000,"US","M"
2023,"SE","FT",184000,"US","M"
2023,"SE","FT",184000,"US","M"
2023,"SE","FT",184000,"US","M"
2023,"SE","FT",184000,"US","M"
2023,"SE","FT",184000,"US","M"
2023,"SE","FT",184000,"US","M"
2023,"SE","FT",184000,"US","M"
2023,"SE","FT",184000,"US","M"
2023,"SE","FT",184000,"US","M"
2023,"SE","FT",184000,"US","M"
2023,"SE","FT",184000,"US","M"
2023,"SE","FT",184000,"US","M"
2023,"SE","FT",184000,"US","M"
2023,"SE","FT",184000,"US","M"
2023,"SE","FT",184000,"US","M"
2023,"SE","FT",184000,"US","M"
2023,"SE","FT",184000,"US","M"
2023,"SE","FT",184000,"US","M"
2023,"SE","FT",184000,"US","M"
2023,"SE","FT",184000,"US","M"
2022,"SE","FT",184000,"US","M"
2022,"SE","FT",184000,"US","M"
2022,"SE","FT",184000,"US","M"
2022,"SE","FT",184000,"US","M"
2023,"SE","FT",183924,"US","M"
2023,"SE","FT",183900,"US","M"
2023,"SE","FT",183750,"US","M"
2023,"SE","FT",183600,"US","M"
2022,"SE","FT",183600,"CA","M"
2022,"SE","FT",183600,"US","L"
2023,"SE","FT",183540,"US","M"
2023,"SE","FT",183500,"US","M"
2023,"SE","FT",183500,"US","M"
2023,"SE","FT",183500,"US","M"
2023,"SE","FT",183500,"US","M"
2023,"SE","FT",183500,"US","M"
2023,"SE","FT",183500,"US","M"
2023,"SE","FT",183500,"US","M"
2023,"SE","FT",183500,"US","M"
2023,"SE","FT",183500,"US","M"
2023,"SE","FT",183500,"US","M"
2023,"SE","FT",183500,"US","M"
2023,"SE","FT",183414,"US","M"
2023,"SE","FT",183414,"US","M"
2024,"EX","FT",183400,"US","M"
2024,"EX","FT",183400,"US","M"
2023,"MI","FT",183310,"US","M"
2023,"MI","FT",183310,"US","M"
2023,"MI","FT",183310,"US","M"
2023,"MI","FT",183310,"US","M"
2023,"SE","FT",183284,"US","M"
2023,"MI","FT",183200,"US","M"
2024,"SE","FT",183000,"US","M"
2024,"SE","FT",183000,"US","M"
2024,"SE","FT",183000,"US","M"
2023,"SE","FT",183000,"US","M"
2023,"MI","FT",183000,"CA","M"
2023,"SE","FT",183000,"US","M"
2023,"SE","FT",183000,"CA","M"
2023,"SE","FT",183000,"US","M"
2023,"SE","FT",183000,"US","M"
2023,"SE","FT",183000,"US","M"
2022,"SE","FT",183000,"US","M"
2022,"SE","FT",183000,"US","L"
2023,"SE","FT",182850,"US","M"
2023,"SE","FT",182850,"US","M"
2023,"SE","FT",182750,"US","M"
2023,"SE","FT",182750,"US","M"
2023,"SE","FT",182750,"US","M"
2022,"SE","FT",182750,"US","M"
2024,"SE","FT",182600,"US","M"
2023,"SE","FT",182500,"US","M"
2023,"SE","FT",182500,"US","M"
2023,"SE","FT",182500,"US","M"
2023,"MI","FT",182500,"US","M"
2022,"SE","FT",182500,"US","M"
2023,"SE","FT",182250,"US","M"
2023,"SE","FT",182200,"US","M"
2023,"SE","FT",182200,"US","M"
2023,"SE","FT",182200,"US","M"
2023,"SE","FT",182200,"US","M"
2023,"SE","FT",182200,"US","M"
2022,"EX","FT",182160,"US","M"
2024,"SE","FT",182000,"US","M"
2024,"SE","FT",182000,"US","M"
2024,"SE","FT",182000,"US","M"
2024,"EX","FT",182000,"US","M"
2023,"SE","FT",182000,"US","M"
2023,"SE","FT",182000,"US","M"
2023,"SE","FT",182000,"US","M"
2023,"SE","FT",182000,"US","M"
2023,"SE","FT",182000,"US","M"
2022,"SE","FT",182000,"US","M"
2022,"SE","FT",181940,"US","M"
2024,"EX","FT",181900,"US","M"
2023,"MI","FT",181700,"US","M"
2024,"EN","FT",181610,"US","M"
2023,"SE","FT",181500,"US","M"
2023,"SE","FT",181500,"US","M"
2023,"SE","FT",181500,"US","M"
2023,"SE","FT",181500,"US","M"
2023,"SE","FT",181500,"US","M"
2023,"SE","FT",181500,"US","M"
2023,"MI","FT",181500,"US","M"
2024,"MI","FT",181280,"US","M"
2024,"SE","FT",181100,"US","M"
2024,"SE","FT",181000,"US","M"
2024,"SE","FT",181000,"US","M"
2023,"SE","FT",181000,"CA","M"
2023,"SE","FT",181000,"CA","M"
2023,"SE","FT",181000,"CA","M"
2023,"SE","FT",181000,"US","M"
2024,"SE","FT",180700,"US","M"
2024,"EN","FT",180700,"US","M"
2023,"SE","FT",180560,"US","M"
2023,"SE","FT",180514,"GB","M"
2023,"SE","FT",180514,"US","M"
2023,"SE","FT",180514,"GB","M"
2023,"SE","FT",180514,"US","M"
2023,"SE","FT",180514,"GB","M"
2023,"SE","FT",180514,"GB","M"
2023,"SE","FT",180514,"GB","M"
2023,"SE","FT",180514,"GB","M"
2024,"SE","FT",180500,"US","M"
2024,"SE","FT",180500,"US","M"
2023,"SE","FT",180500,"US","M"
2023,"SE","FT",180500,"US","M"
2023,"EX","FT",180500,"US","M"
2024,"SE","FT",180400,"US","M"
2023,"SE","FT",180400,"US","M"
2023,"SE","FT",180400,"US","M"
2023,"SE","FT",180400,"US","M"
2023,"SE","FT",180400,"US","M"
2023,"SE","FT",180300,"US","M"
2023,"SE","FT",180300,"US","M"
2023,"SE","FT",180250,"US","M"
2023,"SE","FT",180240,"US","M"
2023,"SE","FT",180200,"US","M"
2023,"SE","FT",180180,"US","M"
2023,"SE","FT",180180,"US","M"
2023,"SE","FT",180180,"US","M"
2023,"SE","FT",180180,"US","M"
2023,"SE","FT",180180,"US","M"
2024,"MI","FT",180000,"US","M"
2024,"EX","FT",180000,"US","M"
2024,"SE","FT",180000,"US","M"
2024,"SE","FT",180000,"US","M"
2024,"MI","FT",180000,"US","M"
2024,"MI","FT",180000,"US","M"
2024,"SE","FT",180000,"US","M"
2024,"SE","FT",180000,"US","M"
2024,"SE","FT",180000,"US","M"
2024,"SE","FT",180000,"CA","M"
2024,"SE","FT",180000,"US","M"
2024,"SE","FT",180000,"US","M"
2024,"SE","FT",180000,"US","M"
2024,"SE","FT",180000,"US","M"
2024,"MI","FT",180000,"US","M"
2024,"SE","FT",180000,"US","M"
2024,"SE","FT",180000,"US","M"
2024,"SE","FT",180000,"US","M"
2024,"SE","FT",180000,"US","M"
2024,"SE","FT",180000,"US","M"
2024,"EX","FT",180000,"US","M"
2024,"SE","FT",180000,"US","M"
2024,"SE","FT",180000,"US","M"
2024,"MI","FT",180000,"US","M"
2024,"SE","FT",180000,"US","M"
2024,"SE","FT",180000,"US","M"
2024,"SE","FT",180000,"CA","M"
2024,"SE","FT",180000,"US","M"
2024,"SE","FT",180000,"US","M"
2024,"SE","FT",180000,"US","M"
2024,"MI","FT",180000,"US","M"
2024,"MI","FT",180000,"US","M"
2024,"SE","FT",180000,"US","M"
2024,"MI","FT",180000,"US","M"
2024,"EX","FT",180000,"US","M"
2024,"MI","FT",180000,"US","M"
2024,"SE","FT",180000,"US","M"
2024,"SE","FT",180000,"US","M"
2024,"SE","FT",180000,"US","M"
2024,"SE","FT",180000,"US","M"
2024,"MI","FT",180000,"US","M"
2024,"SE","FT",180000,"US","M"
2024,"MI","FT",180000,"CA","M"
2024,"MI","FT",180000,"US","M"
2024,"SE","FT",180000,"US","M"
2024,"SE","FT",180000,"US","M"
2024,"SE","FT",180000,"US","M"
2024,"MI","FT",180000,"US","M"
2024,"SE","FT",180000,"US","M"
2024,"SE","FT",180000,"US","M"
2024,"SE","FT",180000,"US","M"
2024,"SE","FT",180000,"US","M"
2024,"SE","FT",180000,"US","M"
2024,"SE","FT",180000,"US","M"
2024,"MI","FT",180000,"US","M"
2024,"EX","FT",180000,"US","M"
2024,"SE","FT",180000,"US","M"
2024,"SE","FT",180000,"US","M"
2024,"SE","FT",180000,"US","M"
2024,"SE","FT",180000,"US","M"
2024,"SE","FT",180000,"US","M"
2024,"SE","FT",180000,"US","M"
2024,"SE","FT",180000,"US","M"
2023,"SE","FT",180000,"US","M"
2023,"MI","FT",180000,"US","M"
2023,"SE","FT",180000,"US","M"
2023,"SE","FT",180000,"US","M"
2023,"MI","FT",180000,"US","M"
2023,"SE","FT",180000,"US","M"
2023,"SE","FT",180000,"US","M"
2023,"MI","FT",180000,"US","M"
2023,"MI","FT",180000,"US","M"
2023,"SE","FT",180000,"US","M"
2023,"SE","FT",180000,"US","M"
2023,"SE","FT",180000,"US","M"
2023,"SE","FT",180000,"US","M"
2023,"MI","FT",180000,"US","M"
2023,"EX","FT",180000,"US","M"
2023,"SE","FT",180000,"US","M"
2023,"SE","FT",180000,"US","M"
2023,"SE","FT",180000,"US","M"
2023,"SE","FT",180000,"US","M"
2023,"SE","FT",180000,"US","M"
2023,"EX","FT",180000,"US","M"
2023,"MI","FT",180000,"US","M"
2023,"SE","FT",180000,"US","M"
2023,"SE","FT",180000,"US","M"
2023,"SE","FT",180000,"US","M"
2023,"MI","FT",180000,"US","M"
2023,"EX","FT",180000,"US","M"
2023,"SE","FT",180000,"US","M"
2023,"SE","FT",180000,"US","M"
2023,"SE","FT",180000,"US","M"
2023,"MI","FT",180000,"US","M"
2023,"SE","FT",180000,"US","M"
2023,"MI","FT",180000,"US","M"
2023,"SE","FT",180000,"US","M"
2023,"SE","FT",180000,"US","M"
2023,"SE","FT",180000,"US","M"
2023,"SE","FT",180000,"US","M"
2023,"SE","FT",180000,"US","M"
2023,"SE","FT",180000,"US","M"
2023,"SE","FT",180000,"US","M"
2023,"SE","FT",180000,"US","M"
2023,"EX","FT",180000,"US","M"
2023,"MI","FT",180000,"US","M"
2023,"SE","FT",180000,"US","M"
2023,"SE","FT",180000,"US","M"
2023,"SE","FT",180000,"US","M"
2023,"SE","FT",180000,"US","L"
2023,"SE","FT",180000,"US","M"
2023,"SE","FT",180000,"US","M"
2023,"SE","FT",180000,"US","M"
2023,"MI","FT",180000,"US","M"
2023,"SE","FT",180000,"US","M"
2023,"SE","FT",180000,"US","M"
2023,"SE","FT",180000,"US","M"
2023,"MI","FT",180000,"US","M"
2023,"MI","FT",180000,"US","M"
2023,"SE","FT",180000,"US","M"
2023,"SE","FT",180000,"US","M"
2023,"SE","FT",180000,"US","M"
2023,"SE","FT",180000,"US","M"
2023,"SE","FT",180000,"US","M"
2023,"SE","FT",180000,"US","M"
2023,"SE","FT",180000,"US","M"
2023,"SE","FT",180000,"US","M"
2023,"MI","FT",180000,"US","M"
2023,"MI","CT",180000,"US","S"
2023,"SE","FT",180000,"US","M"
2023,"SE","FT",180000,"US","M"
2023,"SE","FT",180000,"US","M"
2023,"EX","FT",180000,"US","M"
2023,"SE","FT",180000,"US","M"
2023,"SE","FT",180000,"US","M"
2023,"SE","FT",180000,"US","M"
2023,"MI","FT",180000,"US","M"
2023,"SE","FT",180000,"US","M"
2023,"MI","FT",180000,"US","M"
2023,"EX","FT",180000,"US","M"
2023,"SE","FT",180000,"US","M"
2023,"SE","FT",180000,"US","M"
2023,"SE","FT",180000,"US","M"
2023,"SE","FT",180000,"US","M"
2023,"SE","FT",180000,"US","M"
2023,"SE","FT",180000,"US","M"
2023,"SE","FT",180000,"US","M"
2023,"SE","FT",180000,"US","M"
2023,"SE","FT",180000,"US","M"
2023,"SE","FT",180000,"US","M"
2022,"EN","FT",180000,"US","M"
2023,"SE","FT",180000,"US","M"
2023,"MI","FT",180000,"US","M"
2023,"SE","FT",180000,"US","M"
2023,"SE","FT",180000,"US","M"
2023,"SE","FT",180000,"US","M"
2023,"SE","FT",180000,"US","M"
2023,"SE","FT",180000,"US","M"
2022,"MI","FT",180000,"US","M"
2022,"MI","FT",180000,"US","M"
2022,"SE","FT",180000,"US","M"
2022,"SE","FT",180000,"US","M"
2022,"MI","FT",180000,"US","M"
2022,"SE","FT",180000,"US","M"
2022,"SE","FT",180000,"US","M"
2022,"EN","FT",180000,"US","M"
2022,"SE","FT",180000,"US","M"
2022,"SE","FT",180000,"US","M"
2022,"SE","FT",180000,"US","M"
2022,"SE","FT",180000,"US","M"
2022,"SE","FT",180000,"US","L"
2022,"SE","FT",180000,"US","M"
2022,"EX","FT",180000,"US","S"
2022,"SE","FT",180000,"US","M"
2022,"SE","FT",180000,"US","L"
2022,"SE","FT",180000,"US","M"
2022,"EN","FT",180000,"US","L"
2022,"SE","FT",180000,"US","M"
2022,"SE","FT",180000,"US","M"
2022,"SE","FT",180000,"US","L"
2022,"SE","FT",180000,"US","M"
2021,"MI","FT",180000,"US","L"
2021,"SE","FT",20171,"TR","L"
2021,"MI","FT",46597,"PL","L"
2021,"EN","PT",28609,"DK","S"
2023,"MI","FT",179998,"SA","S"
2023,"SE","FT",179975,"US","M"
2024,"MI","FT",179900,"US","M"
2024,"SE","FT",179900,"US","M"
2023,"SE","FT",179820,"US","M"
2023,"SE","FT",179820,"US","M"
2023,"SE","FT",179820,"US","M"
2023,"SE","FT",179820,"US","M"
2022,"SE","FT",179775,"US","M"
2024,"MI","FT",179700,"US","M"
2022,"SE","FT",179500,"US","M"
2022,"SE","FT",179400,"US","M"
2022,"SE","FT",179400,"US","M"
2022,"SE","FT",179305,"US","M"
2024,"EX","FT",179200,"US","M"
2023,"SE","FT",179170,"US","M"
2024,"SE","FT",179000,"US","M"
2024,"SE","FT",179000,"US","M"
2024,"SE","FT",179000,"US","M"
2024,"SE","FT",179000,"US","M"
2024,"MI","FT",179000,"US","M"
2024,"SE","FT",179000,"US","M"
2024,"SE","FT",179000,"US","M"
2024,"MI","FT",179000,"US","M"
2024,"SE","FT",179000,"US","M"
2024,"MI","FT",179000,"US","M"
2024,"EN","FT",179000,"US","M"
2024,"MI","FT",179000,"GB","M"
2024,"MI","FT",179000,"US","M"
2024,"MI","FT",179000,"US","M"
2024,"MI","FT",179000,"US","M"
2024,"MI","FT",179000,"US","M"
2024,"EX","FT",179000,"US","M"
2024,"SE","FT",179000,"US","M"
2024,"SE","FT",179000,"US","M"
2024,"MI","FT",179000,"US","M"
2024,"MI","FT",179000,"US","M"
2024,"MI","FT",179000,"US","M"
2024,"MI","FT",179000,"US","M"
2024,"SE","FT",179000,"US","M"
2024,"SE","FT",179000,"US","M"
2024,"EN","FT",179000,"US","M"
2024,"EN","FT",179000,"US","M"
2024,"MI","FT",179000,"US","M"
2024,"MI","FT",179000,"US","M"
2024,"EX","FT",179000,"US","M"
2024,"EN","FT",179000,"US","M"
2024,"MI","FT",179000,"US","M"
2024,"MI","FT",179000,"US","M"
2023,"MI","FT",179000,"US","M"
2023,"MI","FT",179000,"US","M"
2023,"SE","FT",179000,"US","M"
2023,"SE","FT",179000,"US","M"
2023,"MI","FT",179000,"US","M"
2023,"MI","FT",179000,"US","M"
2023,"MI","FT",179000,"US","M"
2023,"EN","FT",179000,"US","M"
2023,"SE","FT",179000,"US","M"
2023,"SE","FT",179000,"US","M"
2023,"EN","FT",179000,"US","M"
2023,"SE","FT",179000,"US","M"
2023,"MI","FT",179000,"US","M"
2023,"MI","FT",179000,"US","M"
2023,"SE","FT",179000,"US","M"
2023,"SE","FT",179000,"US","M"
2022,"SE","FT",178800,"US","L"
2022,"SE","FT",178800,"US","L"
2022,"SE","FT",178750,"US","M"
2024,"SE","FT",178600,"US","M"
2024,"SE","FT",178600,"US","M"
2023,"SE","FT",178600,"US","M"
2023,"SE","FT",178600,"US","M"
2023,"SE","FT",178600,"US","M"
2023,"SE","FT",178600,"US","M"
2023,"SE","FT",178560,"US","M"
2023,"SE","FT",178560,"US","M"
2024,"SE","FT",178538,"US","M"
2023,"SE","FT",178538,"US","M"
2023,"SE","FT",178538,"US","M"
2024,"SE","FT",178500,"US","M"
2024,"SE","FT",178500,"US","M"
2023,"SE","FT",178500,"US","M"
2023,"SE","FT",178500,"US","M"
2023,"SE","FT",178500,"US","M"
2023,"SE","FT",178500,"US","M"
2023,"SE","FT",178492,"US","M"
2023,"MI","FT",178300,"US","M"
2024,"MI","FT",178250,"US","M"
2024,"SE","FT",178250,"US","M"
2024,"SE","FT",178250,"US","M"
2023,"SE","FT",178250,"US","M"
2023,"SE","FT",178200,"US","M"
2023,"SE","FT",178000,"US","M"
2023,"SE","FT",178000,"US","M"
2023,"SE","FT",178000,"US","M"
2023,"SE","FT",178000,"US","M"
2023,"SE","FT",178000,"US","M"
2023,"SE","FT",178000,"US","M"
2023,"SE","FT",178000,"US","M"
2022,"SE","FT",178000,"CA","M"
2024,"SE","FT",177961,"US","M"
2024,"SE","FT",177961,"US","M"
2024,"SE","FT",177700,"US","M"
2023,"SE","FT",177700,"US","M"
2023,"SE","FT",177700,"US","M"
2023,"SE","FT",177700,"US","M"
2022,"SE","FT",177600,"US","L"
2024,"EX","FT",177500,"US","M"
2023,"SE","FT",177500,"US","M"
2022,"SE","FT",177500,"US","M"
2024,"SE","FT",177300,"US","M"
2024,"SE","FT",177300,"US","M"
2023,"SE","FT",177300,"US","M"
2023,"SE","FT",177300,"GB","M"
2023,"EX","FT",177200,"US","M"
2024,"MI","FT",177100,"US","M"
2024,"MI","FT",177000,"US","M"
2024,"SE","FT",177000,"US","M"
2023,"SE","FT",177000,"US","M"
2023,"MI","FT",177000,"US","M"
2023,"MI","FT",177000,"US","M"
2023,"MI","FT",177000,"US","M"
2023,"MI","FT",177000,"US","M"
2023,"MI","FT",177000,"US","M"
2023,"SE","FT",177000,"GB","M"
2023,"SE","FT",177000,"US","M"
2022,"SE","FT",177000,"US","M"
2022,"SE","FT",177000,"US","L"
2024,"EX","FT",176900,"US","M"
2024,"EX","FT",176900,"US","M"
2024,"SE","FT",176875,"US","M"
2023,"SE","FT",176875,"US","M"
2023,"SE","FT",176875,"US","M"
2023,"SE","FT",176838,"US","M"
2024,"SE","FT",176700,"US","M"
2024,"SE","FT",176700,"US","M"
2024,"SE","FT",176700,"US","M"
2023,"MI","FT",176490,"US","M"
2023,"SE","FT",176300,"US","M"
2023,"SE","FT",176100,"US","L"
2023,"SE","FT",176080,"US","M"
2024,"SE","FT",176000,"US","M"
2024,"MI","FT",176000,"US","M"
2024,"MI","FT",176000,"US","M"
2024,"MI","FT",176000,"US","M"
2024,"MI","FT",176000,"US","M"
2024,"MI","FT",176000,"US","M"
2024,"SE","FT",176000,"US","M"
2024,"MI","FT",176000,"US","M"
2024,"MI","FT",176000,"US","M"
2024,"SE","FT",176000,"US","M"
2023,"SE","FT",176000,"US","M"
2023,"SE","FT",176000,"US","M"
2023,"SE","FT",176000,"US","M"
2023,"SE","FT",176000,"US","M"
2023,"SE","FT",176000,"US","M"
2023,"SE","FT",176000,"US","M"
2023,"SE","FT",176000,"US","M"
2023,"SE","FT",176000,"US","M"
2023,"SE","FT",176000,"US","M"
2023,"SE","FT",176000,"US","M"
2023,"SE","FT",176000,"US","M"
2023,"SE","FT",176000,"US","M"
2023,"SE","FT",176000,"US","M"
2023,"SE","FT",176000,"US","M"
2023,"SE","FT",176000,"US","M"
2023,"SE","FT",176000,"US","M"
2023,"SE","FT",176000,"US","M"
2023,"SE","FT",176000,"US","M"
2023,"SE","FT",176000,"US","M"
2023,"SE","FT",176000,"US","M"
2023,"SE","FT",176000,"US","M"
2023,"SE","FT",176000,"US","M"
2023,"SE","FT",176000,"US","M"
2023,"SE","FT",176000,"US","M"
2023,"SE","FT",176000,"US","M"
2023,"SE","FT",176000,"CA","M"
2022,"SE","FT",176000,"US","M"
2022,"SE","FT",175950,"US","M"
2024,"EX","FT",175762,"US","M"
2024,"EX","FT",175762,"US","M"
2023,"SE","FT",175750,"US","M"
2023,"SE","FT",175564,"US","M"
2024,"SE","FT",175520,"US","M"
2023,"SE","FT",175308,"US","M"
2024,"SE","FT",175100,"US","M"
2024,"EN","FT",175100,"US","M"
2024,"EN","FT",175100,"US","M"
2024,"MI","FT",175100,"US","M"
2023,"SE","FT",175100,"US","M"
2022,"SE","FT",175100,"US","M"
2022,"EX","FT",175100,"US","M"
2022,"SE","FT",175100,"US","M"
2024,"SE","FT",175000,"US","M"
2024,"SE","FT",175000,"US","M"
2024,"SE","FT",175000,"US","M"
2024,"SE","FT",175000,"US","M"
2024,"SE","FT",175000,"US","M"
2024,"MI","FT",175000,"US","M"
2024,"EX","FT",175000,"US","M"
2024,"SE","FT",175000,"US","M"
2024,"SE","FT",175000,"AU","M"
2024,"SE","FT",175000,"US","M"
2024,"MI","FT",175000,"US","M"
2024,"SE","FT",175000,"US","M"
2024,"SE","FT",175000,"US","M"
2024,"SE","FT",175000,"US","M"
2024,"SE","FT",175000,"US","M"
2024,"SE","FT",175000,"US","M"
2024,"SE","FT",175000,"US","M"
2024,"SE","FT",175000,"US","M"
2024,"SE","FT",175000,"US","M"
2024,"SE","FT",175000,"US","M"
2024,"SE","FT",175000,"US","M"
2024,"SE","FT",175000,"US","M"
2024,"SE","FT",175000,"US","M"
2024,"SE","FT",175000,"US","M"
2024,"MI","FT",175000,"US","M"
2024,"SE","FT",175000,"US","M"
2024,"SE","FT",175000,"US","M"
2024,"SE","FT",175000,"US","M"
2024,"SE","FT",175000,"US","M"
2024,"MI","FT",175000,"US","M"
2024,"SE","FT",175000,"US","M"
2024,"SE","FT",175000,"US","M"
2024,"SE","FT",175000,"US","M"
2024,"SE","FT",175000,"US","M"
2024,"SE","FT",175000,"US","M"
2024,"SE","FT",175000,"US","M"
2023,"SE","FT",175000,"US","M"
2023,"SE","FT",175000,"CA","M"
2023,"SE","FT",175000,"US","M"
2023,"SE","FT",175000,"US","M"
2023,"SE","FT",175000,"US","M"
2023,"SE","FT",175000,"US","M"
2023,"MI","FT",175000,"US","M"
2023,"SE","FT",175000,"US","M"
2023,"SE","FT",175000,"US","M"
2023,"SE","FT",175000,"US","M"
2023,"SE","FT",175000,"US","M"
2023,"SE","FT",175000,"US","M"
2023,"SE","FT",175000,"US","M"
2023,"SE","FT",175000,"US","M"
2023,"SE","FT",175000,"US","M"
2023,"SE","FT",175000,"US","M"
2023,"SE","FT",175000,"US","M"
2023,"SE","FT",175000,"US","M"
2023,"SE","FT",175000,"US","M"
2023,"SE","FT",175000,"US","M"
2023,"SE","FT",175000,"US","M"
2023,"MI","FT",175000,"US","M"
2023,"SE","FT",175000,"US","M"
2023,"SE","FT",175000,"US","M"
2023,"SE","FT",175000,"US","M"
2023,"SE","FT",175000,"US","M"
2023,"SE","FT",175000,"US","M"
2023,"MI","FT",175000,"US","M"
2023,"SE","FT",175000,"US","M"
2023,"SE","FT",175000,"US","M"
2023,"MI","FT",175000,"US","M"
2023,"SE","FT",175000,"US","M"
2023,"SE","FT",175000,"US","M"
2023,"MI","FT",175000,"US","M"
2023,"SE","FT",175000,"US","M"
2023,"SE","FT",175000,"US","M"
2023,"MI","FT",175000,"US","M"
2023,"MI","FT",175000,"US","M"
2023,"SE","FT",175000,"US","M"
2023,"SE","FT",175000,"US","M"
2023,"SE","FT",175000,"US","M"
2023,"SE","FT",175000,"US","M"
2023,"SE","FT",175000,"US","M"
2023,"SE","FT",175000,"US","M"
2023,"SE","FT",175000,"US","M"
2023,"SE","FT",175000,"US","M"
2023,"MI","FT",175000,"US","M"
2023,"SE","FT",175000,"US","M"
2023,"MI","FT",175000,"US","M"
2023,"SE","FT",175000,"US","M"
2023,"EX","FT",175000,"US","M"
2023,"SE","FT",175000,"US","M"
2023,"SE","FT",175000,"US","M"
2023,"SE","FT",175000,"US","M"
2023,"SE","FT",175000,"CA","M"
2023,"SE","FT",175000,"US","M"
2023,"SE","FT",175000,"US","M"
2023,"EX","FT",175000,"US","M"
2023,"SE","FT",175000,"US","M"
2023,"SE","FT",175000,"US","M"
2023,"SE","FT",175000,"CA","M"
2023,"SE","FT",175000,"US","M"
2023,"SE","FT",175000,"US","M"
2023,"SE","FT",175000,"US","M"
2023,"SE","FT",175000,"US","M"
2023,"SE","FT",175000,"US","M"
2023,"SE","FT",175000,"US","M"
2023,"SE","FT",175000,"US","M"
2023,"SE","FT",175000,"US","M"
2023,"MI","FT",175000,"US","M"
2023,"MI","FT",175000,"US","M"
2023,"SE","FT",175000,"US","M"
2023,"SE","FT",175000,"US","M"
2023,"MI","FT",175000,"US","M"
2023,"SE","FT",175000,"US","M"
2023,"SE","FT",175000,"US","M"
2023,"SE","FT",175000,"US","M"
2023,"EX","FT",175000,"US","M"
2023,"SE","FT",175000,"US","M"
2023,"SE","FT",175000,"US","M"
2023,"MI","FT",175000,"US","M"
2023,"MI","FT",175000,"US","M"
2023,"SE","FT",175000,"US","M"
2023,"SE","FT",175000,"US","M"
2022,"SE","FT",175000,"US","M"
2022,"SE","FT",175000,"US","M"
2022,"MI","FT",175000,"US","M"
2022,"SE","FT",175000,"US","M"
2022,"SE","FT",175000,"US","M"
2022,"SE","FT",175000,"US","M"
2022,"SE","FT",175000,"US","M"
2022,"SE","FT",175000,"US","M"
2022,"SE","FT",175000,"US","M"
2022,"SE","FT",175000,"US","M"
2022,"MI","FT",175000,"US","M"
2022,"SE","FT",175000,"US","M"
2022,"SE","FT",175000,"US","M"
2022,"SE","FT",175000,"US","M"
2022,"SE","FT",175000,"US","M"
2022,"SE","FT",175000,"US","M"
2022,"SE","FT",175000,"US","M"
2022,"SE","FT",175000,"US","M"
2022,"SE","FT",175000,"US","M"
2022,"SE","FT",175000,"US","M"
2022,"EX","FT",175000,"US","M"
2023,"SE","FT",174990,"US","M"
2023,"SE","FT",174800,"US","M"
2024,"MI","FT",174500,"US","M"
2024,"SE","FT",174500,"US","M"
2023,"EX","FT",174500,"US","M"
2023,"EX","FT",174500,"US","M"
2023,"EX","FT",174500,"US","M"
2023,"EX","FT",174500,"US","M"
2023,"SE","FT",174500,"US","M"
2023,"SE","FT",174500,"US","M"
2023,"SE","FT",174500,"US","M"
2023,"SE","FT",174500,"US","M"
2023,"SE","FT",174500,"US","M"
2023,"SE","FT",174350,"US","M"
2023,"SE","FT",174350,"US","M"
2023,"SE","FT",174350,"US","M"
2023,"SE","FT",174350,"US","M"
2024,"SE","FT",174300,"US","M"
2023,"SE","FT",174250,"US","M"
2024,"MI","FT",174000,"US","M"
2024,"MI","FT",174000,"US","M"
2024,"SE","FT",174000,"US","M"
2024,"SE","FT",174000,"US","M"
2024,"SE","FT",174000,"US","M"
2024,"SE","FT",174000,"US","M"
2023,"SE","FT",174000,"US","M"
2023,"SE","FT",174000,"US","M"
2023,"SE","FT",174000,"US","M"
2023,"SE","FT",174000,"US","M"
2023,"SE","FT",174000,"US","M"
2023,"SE","FT",174000,"US","M"
2023,"SE","FT",174000,"US","M"
2023,"SE","FT",174000,"US","M"
2023,"SE","FT",174000,"DE","M"
2023,"SE","FT",174000,"DE","M"
2021,"SE","FT",174000,"US","L"
2021,"SE","FT",174000,"US","L"
2023,"SE","FT",173800,"US","M"
2023,"SE","FT",173650,"US","M"
2024,"SE","FT",173400,"US","M"
2024,"MI","FT",173400,"US","M"
2023,"SE","FT",173400,"US","M"
2023,"SE","FT",173300,"US","M"
2023,"SE","FT",173200,"US","M"
2023,"SE","FT",173175,"CA","M"
2023,"SE","FT",173100,"US","M"
2024,"SE","FT",173000,"US","M"
2024,"SE","FT",173000,"US","M"
2024,"SE","FT",173000,"US","M"
2024,"SE","FT",173000,"US","M"
2024,"SE","FT",173000,"US","M"
2024,"SE","FT",173000,"US","M"
2024,"SE","FT",173000,"US","M"
2023,"SE","FT",173000,"US","M"
2023,"SE","FT",173000,"US","M"
2023,"SE","FT",173000,"US","M"
2023,"SE","FT",173000,"US","M"
2023,"SE","FT",173000,"US","M"
2023,"SE","FT",173000,"US","M"
2023,"SE","FT",173000,"US","M"
2022,"SE","FT",173000,"US","M"
2022,"MI","FT",173000,"US","M"
2023,"SE","FT",172900,"US","M"
2023,"SE","FT",172900,"US","M"
2024,"EN","FT",172800,"US","M"
2024,"SE","FT",172800,"US","M"
2024,"SE","FT",172800,"US","M"
2023,"SE","FT",172800,"US","M"
2023,"SE","FT",172800,"US","M"
2023,"SE","FT",172800,"GB","M"
2023,"SE","FT",172800,"GB","M"
2023,"SE","FT",172800,"US","M"
2023,"SE","FT",172758,"US","M"
2023,"SE","FT",172750,"US","M"
2024,"SE","FT",172700,"US","M"
2023,"SE","FT",172700,"IN","M"
2023,"SE","FT",172600,"US","M"
2024,"SE","FT",172500,"US","M"
2023,"SE","FT",172500,"US","M"
2023,"SE","FT",172500,"US","M"
2023,"SE","FT",172500,"US","M"
2023,"SE","FT",172500,"US","M"
2023,"SE","FT",172500,"US","M"
2024,"MI","FT",172400,"US","M"
2023,"MI","FT",172300,"US","M"
2024,"MI","FT",172200,"US","M"
2024,"SE","FT",172200,"US","M"
2024,"MI","FT",172200,"US","M"
2024,"SE","FT",172200,"US","M"
2024,"MI","FT",172200,"US","M"
2024,"SE","FT",172200,"US","M"
2024,"SE","FT",172200,"US","M"
2023,"SE","FT",172200,"US","M"
2023,"MI","FT",172200,"US","M"
2023,"MI","FT",172200,"US","M"
2023,"MI","FT",172200,"US","M"
2023,"EX","FT",172200,"US","M"
2023,"MI","FT",172200,"US","M"
2023,"EX","FT",172200,"US","M"
2023,"SE","FT",172200,"US","M"
2023,"SE","FT",172200,"US","M"
2023,"MI","FT",172200,"US","M"
2023,"SE","FT",172200,"US","M"
2023,"MI","FT",172200,"US","M"
2023,"SE","FT",172200,"US","M"
2023,"MI","FT",172200,"US","M"
2023,"EX","FT",172200,"US","M"
2023,"SE","FT",172200,"US","M"
2023,"SE","FT",172200,"US","M"
2023,"EX","FT",172200,"US","M"
2023,"SE","FT",172200,"US","M"
2023,"SE","FT",172200,"US","M"
2023,"SE","FT",172200,"US","M"
2023,"SE","FT",172200,"US","M"
2023,"SE","FT",172200,"US","M"
2023,"SE","FT",172200,"US","M"
2023,"SE","FT",172200,"US","M"
2023,"SE","FT",172200,"US","M"
2023,"SE","FT",172200,"US","M"
2023,"SE","FT",172200,"US","M"
2023,"SE","FT",172200,"US","M"
2023,"SE","FT",172200,"US","M"
2023,"SE","FT",172200,"US","M"
2023,"SE","FT",172200,"US","M"
2023,"SE","FT",172200,"US","M"
2022,"SE","FT",172200,"US","M"
2022,"SE","FT",172200,"US","M"
2022,"SE","FT",172200,"US","M"
2022,"SE","FT",172200,"US","M"
2024,"MI","FT",172100,"US","M"
2023,"SE","FT",172100,"US","M"
2023,"SE","FT",172100,"US","M"
2023,"SE","FT",172040,"US","M"
2023,"SE","FT",172040,"US","M"
2023,"SE","FT",172040,"US","M"
2024,"SE","FT",172000,"US","M"
2024,"SE","FT",172000,"US","M"
2023,"SE","FT",172000,"US","M"
2023,"SE","FT",172000,"US","M"
2023,"SE","FT",172000,"US","M"
2023,"SE","FT",172000,"US","M"
2023,"SE","FT",172000,"US","M"
2023,"SE","FT",172000,"US","M"
2023,"SE","FT",172000,"GB","M"
2023,"SE","FT",172000,"US","M"
2022,"SE","FT",172000,"US","M"
2024,"MI","FT",171816,"US","M"
2024,"EN","FT",171600,"US","M"
2024,"MI","FT",171600,"US","M"
2023,"MI","FT",171600,"US","M"
2023,"SE","FT",171600,"US","M"
2023,"SE","FT",171500,"US","M"
2023,"SE","FT",171250,"US","M"
2023,"SE","FT",171250,"US","M"
2023,"SE","FT",171250,"US","M"
2023,"SE","FT",171250,"IE","M"
2023,"SE","FT",171250,"US","M"
2024,"MI","FT",171240,"US","M"
2024,"SE","FT",171210,"CA","M"
2024,"SE","FT",171210,"CA","M"
2024,"SE","FT",171210,"CA","M"
2023,"SE","FT",171050,"US","M"
2023,"SE","FT",171050,"US","M"
2024,"MI","FT",171000,"US","M"
2024,"MI","FT",171000,"US","M"
2024,"SE","FT",171000,"US","M"
2023,"SE","FT",171000,"US","M"
2023,"MI","FT",171000,"US","M"
2023,"SE","FT",171000,"US","M"
2023,"SE","FT",171000,"US","M"
2023,"SE","FT",171000,"US","M"
2023,"SE","FT",171000,"US","M"
2023,"SE","FT",171000,"US","M"
2023,"SE","FT",210398,"GB","M"
2023,"SE","FT",171000,"US","M"
2023,"MI","FT",171000,"US","M"
2022,"SE","FT",171000,"AU","L"
2022,"SE","FT",171000,"US","M"
2023,"MI","FT",170884,"US","M"
2024,"SE","FT",170800,"US","M"
2023,"SE","FT",170730,"US","M"
2023,"SE","FT",170730,"US","M"
2024,"SE","FT",170700,"US","M"
2023,"SE","FT",170700,"US","M"
2023,"SE","FT",170625,"US","M"
2023,"SE","FT",170600,"US","M"
2023,"SE","FT",170550,"US","M"
2023,"SE","FT",170550,"US","M"
2023,"MI","FT",170500,"US","M"
2023,"MI","FT",170500,"US","M"
2023,"SE","FT",170500,"CA","M"
2023,"SE","FT",170500,"US","M"
2024,"MI","FT",170400,"US","M"
2024,"SE","FT",170375,"US","M"
2024,"MI","FT",170200,"US","M"
2024,"MI","FT",170200,"US","M"
2024,"MI","FT",170200,"US","M"
2024,"MI","FT",170200,"US","M"
2024,"MI","FT",170200,"US","M"
2023,"SE","FT",170200,"US","M"
2023,"MI","FT",170200,"US","M"
2023,"SE","FT",170200,"US","M"
2023,"SE","FT",170200,"US","M"
2023,"SE","FT",170200,"US","M"
2023,"SE","FT",170200,"US","M"
2023,"SE","FT",170200,"US","M"
2023,"SE","FT",170186,"US","M"
2023,"SE","FT",170112,"US","M"
2023,"SE","FT",170045,"US","M"
2023,"SE","FT",170045,"US","M"
2024,"SE","FT",170000,"US","M"
2024,"MI","FT",170000,"US","M"
2024,"MI","FT",170000,"US","M"
2024,"MI","FT",170000,"US","M"
2024,"SE","FT",170000,"US","M"
2024,"SE","FT",170000,"US","M"
2024,"MI","FT",170000,"US","M"
2024,"SE","FT",170000,"US","M"
2024,"SE","FT",170000,"US","M"
2024,"SE","FT",170000,"US","M"
2024,"SE","FT",170000,"US","M"
2024,"MI","FT",170000,"US","M"
2024,"SE","FT",170000,"US","M"
2024,"MI","FT",170000,"US","M"
2024,"SE","FT",170000,"US","M"
2024,"MI","FT",170000,"US","M"
2024,"SE","FT",170000,"US","M"
2024,"EN","FT",170000,"US","M"
2024,"SE","FT",170000,"US","M"
2024,"MI","FT",170000,"US","M"
2024,"SE","FT",170000,"US","M"
2024,"SE","FT",170000,"US","M"
2024,"SE","FT",170000,"US","M"
2024,"EN","FT",170000,"US","M"
2024,"SE","FT",170000,"US","M"
2024,"MI","FT",170000,"US","M"
2024,"SE","FT",170000,"US","M"
2024,"MI","FT",170000,"US","M"
2024,"SE","FT",170000,"US","M"
2024,"SE","FT",170000,"US","M"
2024,"SE","FT",170000,"US","M"
2024,"SE","FT",170000,"US","M"
2024,"SE","FT",170000,"US","M"
2024,"SE","FT",170000,"US","M"
2024,"SE","FT",170000,"US","M"
2024,"MI","FT",170000,"US","M"
2024,"SE","FT",170000,"US","M"
2024,"SE","FT",170000,"US","M"
2024,"SE","FT",170000,"US","M"
2024,"SE","FT",170000,"US","M"
2024,"MI","FT",170000,"US","M"
2024,"SE","FT",170000,"US","M"
2024,"SE","FT",170000,"US","M"
2024,"SE","FT",170000,"US","M"
2024,"SE","FT",170000,"US","M"
2024,"SE","FT",170000,"US","M"
2024,"SE","FT",170000,"US","M"
2024,"SE","FT",170000,"US","M"
2024,"MI","FT",170000,"US","M"
2024,"SE","FT",170000,"US","M"
2024,"SE","FT",170000,"US","M"
2024,"SE","FT",170000,"US","M"
2024,"SE","FT",170000,"US","M"
2024,"SE","FT",170000,"US","M"
2024,"SE","FT",170000,"US","M"
2024,"MI","FT",170000,"US","M"
2024,"SE","FT",170000,"US","M"
2023,"SE","FT",170000,"US","M"
2023,"MI","FT",170000,"US","M"
2023,"SE","FT",170000,"US","M"
2023,"SE","FT",170000,"US","M"
2023,"SE","FT",170000,"US","M"
2023,"SE","FT",170000,"US","M"
2023,"SE","FT",170000,"US","M"
2023,"SE","FT",170000,"US","M"
2023,"SE","FT",170000,"US","M"
2023,"SE","FT",170000,"US","M"
2023,"SE","FT",170000,"US","M"
2023,"SE","FT",170000,"US","M"
2023,"EX","FT",170000,"US","M"
2023,"SE","FT",170000,"US","M"
2023,"MI","FT",170000,"US","M"
2023,"SE","FT",170000,"US","M"
2023,"SE","FT",170000,"US","M"
2023,"SE","FT",170000,"US","M"
2023,"SE","FT",170000,"US","M"
2023,"SE","FT",170000,"US","M"
2023,"SE","FT",170000,"US","M"
2023,"SE","FT",170000,"US","M"
2023,"SE","FT",114979,"AU","L"
2023,"SE","FT",170000,"US","M"
2023,"SE","FT",170000,"US","M"
2023,"SE","FT",170000,"US","M"
2023,"SE","FT",170000,"US","M"
2023,"EX","FT",170000,"US","M"
2023,"SE","FT",170000,"US","M"
2023,"MI","FT",170000,"US","M"
2023,"SE","FT",170000,"US","M"
2023,"SE","FT",170000,"US","M"
2023,"SE","FT",170000,"US","M"
2023,"SE","FT",170000,"US","M"
2023,"MI","FT",170000,"US","S"
2023,"SE","FT",170000,"US","M"
2023,"SE","FT",170000,"US","M"
2023,"SE","FT",170000,"US","M"
2023,"SE","FT",170000,"US","M"
2023,"SE","FT",170000,"US","M"
2023,"SE","FT",170000,"US","M"
2023,"SE","FT",170000,"US","M"
2023,"SE","FT",170000,"US","M"
2023,"SE","FT",170000,"US","M"
2023,"SE","FT",170000,"US","M"
2023,"SE","FT",170000,"US","M"
2023,"SE","FT",170000,"US","M"
2023,"SE","FT",170000,"US","M"
2023,"SE","FT",170000,"GB","M"
2023,"SE","FT",170000,"US","M"
2023,"SE","FT",170000,"US","M"
2023,"SE","FT",170000,"US","M"
2023,"SE","FT",170000,"US","M"
2023,"SE","FT",170000,"US","M"
2023,"SE","FT",170000,"US","M"
2023,"MI","FT",170000,"US","M"
2023,"MI","FT",170000,"US","M"
2023,"SE","FT",170000,"US","M"
2023,"SE","FT",170000,"US","M"
2023,"SE","FT",170000,"US","M"
2023,"SE","FT",170000,"US","M"
2023,"MI","FT",170000,"US","M"
2023,"MI","FT",170000,"US","M"
2023,"SE","FT",170000,"US","M"
2023,"SE","FT",170000,"US","M"
2023,"SE","FT",170000,"US","M"
2023,"SE","FT",170000,"US","M"
2023,"SE","FT",170000,"US","M"
2023,"SE","FT",170000,"US","M"
2023,"SE","FT",170000,"US","M"
2023,"SE","FT",170000,"US","M"
2023,"SE","FT",170000,"US","M"
2023,"SE","FT",170000,"US","M"
2023,"SE","FT",170000,"US","M"
2023,"SE","FT",170000,"US","L"
2023,"SE","FT",170000,"US","M"
2023,"SE","FT",170000,"US","M"
2023,"SE","FT",170000,"US","M"
2023,"SE","FT",170000,"US","M"
2023,"MI","FT",170000,"US","M"
2023,"SE","FT",170000,"US","M"
2023,"SE","FT",170000,"US","M"
2023,"SE","FT",125948,"CA","M"
2023,"SE","FT",170000,"US","M"
2023,"SE","FT",170000,"US","M"
2023,"SE","FT",170000,"US","M"
2023,"SE","FT",170000,"US","M"
2023,"SE","FT",170000,"US","M"
2023,"SE","FT",170000,"US","M"
2023,"SE","FT",170000,"US","M"
2022,"SE","FT",170000,"US","M"
2022,"SE","FT",170000,"US","M"
2022,"MI","FT",170000,"US","M"
2022,"SE","FT",170000,"US","M"
2022,"SE","FT",170000,"US","M"
2022,"SE","FT",170000,"US","M"
2022,"SE","FT",170000,"US","M"
2022,"SE","FT",170000,"US","M"
2022,"SE","FT",170000,"US","M"
2022,"SE","FT",170000,"US","M"
2022,"SE","FT",170000,"US","M"
2022,"SE","FT",170000,"US","M"
2022,"SE","FT",170000,"US","M"
2022,"MI","FT",170000,"US","M"
2022,"SE","FT",170000,"US","M"
2022,"SE","FT",170000,"US","M"
2022,"SE","FT",170000,"US","M"
2021,"MI","FT",170000,"US","L"
2021,"SE","FT",170000,"US","L"
2021,"SE","FT",170000,"US","M"
2024,"SE","FT",169900,"US","M"
2023,"SE","FT",169900,"US","M"
2023,"MI","FT",169900,"US","M"
2023,"SE","FT",169900,"US","M"
2023,"SE","FT",169850,"US","M"
2024,"SE","FT",169767,"NZ","M"
2024,"SE","FT",169700,"US","M"
2023,"SE","FT",169500,"US","M"
2023,"SE","FT",169374,"US","M"
2023,"SE","FT",169280,"US","M"
2024,"SE","FT",169200,"US","M"
2024,"SE","FT",169200,"US","M"
2023,"SE","FT",169200,"ES","M"
2023,"SE","FT",169200,"ES","M"
2024,"SE","FT",169000,"US","M"
2023,"MI","FT",169000,"US","M"
2023,"SE","FT",169000,"US","M"
2023,"MI","FT",169000,"US","M"
2023,"MI","FT",169000,"US","M"
2023,"MI","FT",169000,"US","M"
2023,"SE","FT",169000,"US","M"
2023,"SE","FT",169000,"US","M"
2023,"MI","FT",169000,"US","M"
2023,"SE","FT",169000,"US","M"
2023,"SE","FT",169000,"US","M"
2023,"SE","FT",169000,"US","M"
2023,"SE","FT",169000,"US","M"
2023,"SE","FT",169000,"US","M"
2023,"SE","FT",169000,"US","M"
2023,"SE","FT",169000,"US","M"
2023,"SE","FT",169000,"US","M"
2023,"SE","FT",169000,"US","M"
2023,"SE","FT",169000,"US","M"
2023,"SE","FT",169000,"US","M"
2023,"SE","FT",169000,"US","M"
2023,"SE","FT",169000,"US","M"
2023,"SE","FT",169000,"US","M"
2023,"SE","FT",169000,"US","M"
2023,"SE","FT",169000,"US","M"
2022,"SE","FT",169000,"US","M"
2022,"SE","FT",169000,"US","M"
2022,"SE","FT",169000,"US","M"
2022,"SE","FT",169000,"US","M"
2022,"SE","FT",169000,"US","M"
2022,"SE","FT",169000,"US","M"
2022,"SE","FT",169000,"US","M"
2022,"SE","FT",169000,"US","M"
2024,"EX","FT",168854,"US","M"
2024,"SE","FT",168800,"US","M"
2023,"SE","FT",168800,"US","M"
2023,"SE","FT",168800,"US","M"
2023,"SE","FT",168800,"US","M"
2023,"SE","FT",168700,"CA","M"
2024,"SE","FT",168600,"US","M"
2024,"SE","FT",168600,"US","M"
2024,"SE","FT",168500,"US","M"
2023,"SE","FT",168400,"US","M"
2023,"SE","FT",168400,"US","M"
2023,"SE","FT",168400,"US","M"
2023,"SE","FT",168400,"US","M"
2023,"SE","FT",168400,"US","M"
2023,"SE","FT",168400,"US","M"
2023,"SE","FT",168400,"US","M"
2023,"SE","FT",168400,"US","M"
2023,"SE","FT",168400,"US","M"
2023,"SE","FT",168400,"US","M"
2023,"SE","FT",168400,"US","M"
2023,"SE","FT",168400,"US","M"
2022,"SE","FT",168400,"US","M"
2023,"SE","FT",168100,"US","M"
2023,"SE","FT",168100,"US","M"
2024,"SE","FT",168000,"US","M"
2024,"MI","FT",168000,"US","M"
2024,"MI","FT",168000,"US","M"
2024,"MI","FT",168000,"US","M"
2024,"MI","FT",168000,"US","M"
2024,"SE","FT",168000,"US","M"
2024,"MI","FT",168000,"US","M"
2024,"MI","FT",168000,"US","M"
2023,"EX","FT",168000,"US","M"
2023,"SE","FT",168000,"US","M"
2023,"EX","FT",168000,"US","M"
2023,"SE","FT",168000,"US","M"
2023,"SE","FT",168000,"US","M"
2023,"SE","FT",168000,"US","M"
2023,"SE","FT",168000,"US","M"
2023,"SE","FT",168000,"US","M"
2023,"SE","FT",168000,"US","M"
2023,"SE","FT",168000,"US","M"
2023,"SE","FT",168000,"US","M"
2023,"SE","FT",168000,"CA","M"
2023,"SE","FT",168000,"US","M"
2023,"SE","FT",168000,"US","M"
2023,"SE","FT",168000,"US","M"
2023,"SE","FT",168000,"US","L"
2023,"SE","FT",168000,"US","M"
2023,"SE","FT",168000,"US","M"
2023,"SE","FT",168000,"US","M"
2023,"SE","FT",168000,"US","M"
2023,"SE","FT",168000,"US","M"
2023,"SE","FT",168000,"FR","M"
2022,"EN","FT",168000,"US","M"
2023,"SE","FT",168000,"US","M"
2022,"SE","FT",168000,"CA","M"
2022,"SE","FT",168000,"US","M"
2022,"SE","FT",168000,"US","M"
2021,"SE","FT",168000,"JP","S"
2023,"EX","FT",167954,"US","M"
2022,"EX","FT",167875,"US","M"
2023,"SE","FT",167850,"US","M"
2023,"SE","FT",167580,"US","M"
2023,"SE","FT",167580,"US","M"
2023,"SE","FT",167560,"US","M"
2023,"SE","FT",167560,"US","M"
2024,"MI","FT",167500,"US","M"
2024,"MI","FT",167500,"US","M"
2024,"SE","FT",167500,"US","M"
2024,"MI","FT",167500,"US","M"
2023,"SE","FT",167500,"US","M"
2023,"SE","FT",167500,"US","M"
2023,"SE","FT",167500,"US","M"
2023,"MI","FT",167500,"US","M"
2023,"SE","FT",167500,"US","M"
2023,"MI","FT",167500,"US","M"
2023,"SE","FT",167500,"US","M"
2023,"SE","FT",167500,"US","M"
2023,"MI","FT",167500,"US","M"
2023,"MI","FT",167500,"US","M"
2023,"EX","FT",167500,"US","M"
2023,"SE","FT",167500,"US","M"
2023,"SE","FT",167500,"US","M"
2023,"MI","FT",167500,"US","M"
2023,"SE","FT",167500,"US","M"
2023,"MI","FT",167500,"US","M"
2023,"MI","FT",167500,"US","M"
2023,"MI","FT",167500,"US","M"
2023,"MI","FT",167500,"US","M"
2023,"SE","FT",167500,"US","M"
2023,"EX","FT",167500,"US","M"
2023,"SE","FT",167500,"US","M"
2022,"SE","FT",167500,"US","M"
2023,"SE","FT",167441,"US","M"
2024,"SE","FT",167400,"US","M"
2023,"SE","FT",167310,"US","M"
2023,"SE","FT",167310,"US","M"
2024,"SE","FT",167200,"US","M"
2024,"SE","FT",167200,"US","M"
2023,"SE","FT",167200,"US","M"
2023,"EN","FT",167200,"US","M"
2023,"SE","FT",167200,"US","M"
2023,"EN","FT",167200,"US","M"
2023,"EN","FT",167200,"US","M"
2023,"SE","FT",167200,"US","M"
2023,"SE","FT",167200,"US","M"
2023,"MI","FT",167100,"US","M"
2022,"SE","FT",167100,"US","M"
2024,"SE","FT",167000,"US","M"
2024,"MI","FT",167000,"US","M"
2024,"MI","FT",167000,"US","M"
2023,"MI","FT",167000,"US","M"
2023,"SE","FT",167000,"US","M"
2023,"SE","FT",167000,"US","M"
2023,"SE","FT",167000,"US","M"
2023,"MI","FT",167000,"US","M"
2023,"SE","FT",167000,"US","M"
2023,"MI","FT",167000,"US","M"
2023,"SE","FT",167000,"US","M"
2022,"SE","FT",167000,"US","M"
2022,"MI","FT",167000,"US","M"
2024,"SE","FT",166700,"US","L"
2024,"SE","FT",166700,"US","M"
2022,"SE","FT",166700,"US","M"
2022,"SE","FT",166700,"US","M"
2023,"SE","FT",166600,"US","M"
2023,"SE","FT",166600,"US","M"
2023,"SE","FT",166600,"US","M"
2023,"SE","FT",166600,"US","M"
2023,"SE","FT",166600,"US","M"
2023,"SE","FT",166600,"US","M"
2023,"SE","FT",166600,"US","M"
2024,"SE","FT",166551,"US","M"
2024,"SE","FT",128076,"CA","M"
2023,"MI","FT",166500,"US","M"
2023,"SE","FT",166500,"US","M"
2023,"SE","FT",166500,"US","M"
2023,"SE","FT",166500,"US","M"
2023,"SE","FT",166500,"US","M"
2023,"SE","FT",166500,"US","M"
2023,"SE","FT",166500,"US","M"
2023,"SE","FT",166400,"US","M"
2023,"SE","FT",166375,"US","M"
2023,"SE","FT",166364,"US","M"
2024,"MI","FT",166363,"US","M"
2024,"MI","FT",166363,"US","M"
2024,"SE","FT",166358,"US","M"
2024,"MI","FT",166000,"US","M"
2024,"MI","FT",166000,"US","M"
2024,"MI","FT",166000,"US","M"
2024,"EN","FT",166000,"US","M"
2024,"MI","FT",166000,"US","M"
2024,"MI","FT",166000,"US","M"
2024,"MI","FT",166000,"US","M"
2024,"MI","FT",166000,"US","M"
2024,"SE","FT",166000,"US","M"
2024,"MI","FT",166000,"US","M"
2024,"MI","FT",166000,"US","M"
2024,"MI","FT",166000,"US","M"
2024,"MI","FT",166000,"US","M"
2024,"MI","FT",166000,"EG","M"
2024,"EN","FT",166000,"US","M"
2024,"MI","FT",166000,"US","M"
2024,"MI","FT",166000,"US","M"
2024,"SE","FT",166000,"US","M"
2024,"SE","FT",166000,"US","M"
2024,"MI","FT",166000,"US","M"
2024,"MI","FT",166000,"US","M"
2024,"MI","FT",166000,"US","M"
2024,"SE","FT",166000,"US","M"
2024,"MI","FT",166000,"US","M"
2024,"MI","FT",166000,"US","M"
2024,"EN","FT",166000,"US","M"
2024,"MI","FT",166000,"US","M"
2024,"MI","FT",166000,"US","M"
2024,"MI","FT",166000,"US","M"
2024,"MI","FT",166000,"US","M"
2024,"MI","FT",166000,"US","M"
2023,"MI","FT",166000,"US","M"
2023,"SE","FT",166000,"US","M"
2023,"MI","FT",166000,"US","M"
2023,"SE","FT",166000,"US","M"
2023,"MI","FT",166000,"US","M"
2023,"MI","FT",166000,"US","M"
2023,"MI","FT",166000,"US","M"
2023,"MI","FT",166000,"US","M"
2023,"MI","FT",166000,"US","M"
2023,"MI","FT",166000,"US","M"
2023,"MI","FT",166000,"US","M"
2023,"SE","FT",166000,"US","M"
2023,"SE","FT",166000,"US","M"
2023,"SE","FT",166000,"US","M"
2023,"SE","FT",166000,"US","M"
2023,"EN","FT",166000,"US","M"
2023,"MI","FT",166000,"US","M"
2023,"SE","FT",166000,"US","M"
2023,"MI","FT",166000,"US","M"
2023,"MI","FT",166000,"US","M"
2023,"MI","FT",166000,"US","M"
2023,"MI","FT",166000,"US","M"
2023,"SE","FT",166000,"CA","M"
2023,"SE","FT",166000,"US","M"
2023,"SE","FT",166000,"US","M"
2023,"SE","FT",166000,"GB","M"
2023,"SE","FT",166000,"US","M"
2023,"SE","FT",166000,"US","M"
2023,"MI","FT",166000,"US","M"
2023,"SE","FT",166000,"US","M"
2023,"SE","FT",166000,"US","M"
2023,"SE","FT",166000,"US","M"
2023,"SE","FT",166000,"US","M"
2023,"SE","FT",166000,"US","M"
2023,"SE","FT",166000,"US","M"
2023,"SE","FT",166000,"US","M"
2022,"SE","FT",166000,"US","M"
2024,"SE","FT",165900,"US","M"
2023,"SE","FT",165750,"US","M"
2023,"SE","FT",165750,"US","M"
2024,"MI","FT",165600,"US","L"
2024,"MI","FT",165600,"US","L"
2024,"SE","FT",165600,"US","L"
2024,"MI","FT",165600,"US","L"
2023,"SE","FT",165600,"US","L"
2023,"MI","FT",165600,"US","L"
2023,"MI","FT",165600,"US","L"
2024,"MI","FT",165500,"US","M"
2023,"SE","FT",165500,"US","M"
2023,"SE","FT",165500,"US","M"
2023,"SE","FT",165400,"US","M"
2023,"SE","FT",165400,"GB","M"
2023,"SE","FT",165400,"US","M"
2022,"SE","FT",165400,"US","M"
2022,"SE","FT",165400,"US","M"
2022,"SE","FT",165220,"US","M"
2023,"EX","FT",165200,"US","M"
2024,"SE","FT",165100,"US","M"
2024,"SE","FT",165100,"US","M"
2024,"SE","FT",165100,"US","M"
2024,"SE","FT",165100,"US","M"
2024,"SE","FT",165100,"US","M"
2024,"MI","FT",165100,"US","M"
2024,"SE","FT",165100,"US","M"
2024,"MI","FT",165100,"US","M"
2024,"SE","FT",165100,"US","M"
2024,"SE","FT",165000,"US","M"
2024,"SE","FT",165000,"US","M"
2024,"SE","FT",165000,"US","M"
2024,"SE","FT",165000,"CA","M"
2024,"MI","FT",165000,"US","M"
2024,"SE","FT",165000,"US","M"
2024,"SE","FT",165000,"US","M"
2024,"MI","FT",165000,"US","M"
2024,"MI","FT",165000,"US","M"
2024,"SE","FT",165000,"US","M"
2024,"SE","FT",165000,"US","M"
2024,"SE","FT",165000,"US","M"
2024,"SE","FT",165000,"US","M"
2024,"MI","FT",165000,"US","M"
2024,"MI","FT",165000,"US","M"
2024,"SE","FT",165000,"AU","M"
2024,"SE","FT",165000,"US","M"
2024,"MI","FT",165000,"US","M"
2024,"SE","FT",165000,"US","M"
2024,"MI","FT",165000,"US","M"
2024,"SE","FT",165000,"US","M"
2024,"MI","FT",165000,"US","M"
2024,"SE","FT",165000,"US","M"
2024,"SE","FT",165000,"US","M"
2024,"SE","FT",165000,"US","M"
2024,"SE","FT",165000,"US","M"
2024,"SE","FT",165000,"US","M"
2024,"SE","FT",165000,"US","M"
2024,"MI","FT",165000,"US","M"
2024,"SE","FT",165000,"US","M"
2024,"SE","FT",165000,"US","M"
2024,"SE","FT",165000,"US","M"
2024,"SE","FT",165000,"US","M"
2023,"MI","FT",165000,"US","M"
2023,"SE","FT",165000,"US","M"
2023,"MI","FT",165000,"US","M"
2023,"MI","FT",165000,"US","M"
2023,"SE","FT",165000,"US","M"
2023,"MI","FT",165000,"US","M"
2023,"SE","FT",165000,"US","M"
2023,"MI","FT",165000,"US","M"
2023,"MI","FT",165000,"US","M"
2023,"SE","FT",165000,"US","M"
2023,"SE","FT",165000,"US","M"
2023,"SE","FT",165000,"US","M"
2023,"SE","FT",165000,"US","M"
2023,"SE","FT",165000,"US","M"
2023,"SE","FT",165000,"US","M"
2023,"SE","FT",165000,"US","M"
2023,"SE","FT",165000,"US","M"
2023,"SE","FT",165000,"US","M"
2023,"SE","FT",165000,"US","M"
2023,"SE","FT",165000,"US","M"
2023,"SE","FT",165000,"US","M"
2023,"SE","FT",165000,"US","M"
2023,"SE","FT",165000,"US","M"
2023,"MI","FT",165000,"US","M"
2023,"SE","FT",165000,"US","M"
2023,"SE","FT",165000,"US","M"
2023,"SE","FT",165000,"US","M"
2023,"SE","FT",165000,"US","M"
2023,"MI","FT",165000,"US","M"
2023,"SE","FT",165000,"US","M"
2023,"MI","FT",165000,"AU","M"
2023,"SE","FT",165000,"US","M"
2023,"SE","FT",165000,"US","M"
2023,"SE","FT",165000,"US","M"
2023,"SE","FT",165000,"US","M"
2023,"EX","FT",203016,"GB","M"
2023,"SE","FT",165000,"US","M"
2023,"SE","FT",165000,"US","M"
2023,"MI","FT",165000,"US","M"
2023,"SE","FT",165000,"US","M"
2023,"EN","FT",165000,"US","M"
2023,"SE","FT",165000,"US","M"
2023,"SE","FT",165000,"US","M"
2023,"SE","FT",165000,"US","M"
2023,"SE","FT",165000,"US","M"
2023,"SE","FT",165000,"US","M"
2023,"SE","FT",165000,"US","M"
2023,"SE","FT",165000,"US","M"
2023,"MI","FT",165000,"US","M"
2023,"SE","FT",165000,"US","M"
2023,"SE","FT",165000,"US","M"
2023,"MI","FT",165000,"US","M"
2023,"SE","FT",165000,"US","M"
2023,"SE","FT",165000,"US","M"
2023,"SE","FT",165000,"US","M"
2023,"MI","FT",165000,"US","M"
2022,"SE","FT",165000,"US","M"
2022,"MI","FT",165000,"US","M"
2022,"MI","FT",165000,"US","M"
2022,"MI","FT",165000,"US","M"
2022,"MI","FT",165000,"US","M"
2022,"SE","FT",165000,"US","S"
2022,"SE","FT",165000,"US","M"
2022,"SE","FT",165000,"US","L"
2022,"SE","FT",165000,"US","M"
2022,"SE","FT",165000,"US","M"
2021,"SE","FT",165000,"US","L"
2021,"SE","FT",165000,"US","M"
2021,"SE","FT",165000,"US","L"
2022,"SE","FT",164996,"US","M"
2022,"SE","FT",164996,"US","M"
2022,"SE","FT",164996,"US","M"
2024,"MI","FT",164850,"US","M"
2024,"SE","FT",164845,"US","M"
2024,"MI","FT",164800,"US","M"
2024,"MI","FT",164700,"US","M"
2024,"SE","FT",164640,"US","M"
2023,"SE","FT",164640,"US","M"
2023,"SE","FT",164500,"US","M"
2023,"SE","FT",164500,"US","M"
2024,"SE","FT",164300,"US","M"
2023,"SE","FT",164100,"US","M"
2024,"SE","FT",164000,"US","M"
2024,"MI","FT",164000,"US","M"
2024,"SE","FT",164000,"US","M"
2024,"SE","FT",164000,"US","M"
2024,"SE","FT",164000,"US","M"
2024,"SE","FT",164000,"US","M"
2024,"SE","FT",164000,"US","M"
2024,"SE","FT",164000,"US","M"
2024,"SE","FT",164000,"US","M"
2024,"SE","FT",164000,"US","M"
2024,"SE","FT",164000,"US","M"
2024,"SE","FT",164000,"US","M"
2024,"SE","FT",164000,"CA","M"
2023,"SE","FT",164000,"US","M"
2023,"SE","FT",164000,"US","M"
2023,"SE","FT",164000,"US","M"
2023,"SE","FT",164000,"US","M"
2023,"SE","FT",164000,"US","M"
2023,"SE","FT",164000,"US","M"
2023,"SE","FT",164000,"US","M"
2023,"SE","FT",164000,"US","M"
2023,"SE","FT",164000,"US","M"
2023,"SE","FT",164000,"US","M"
2023,"SE","FT",164000,"US","M"
2023,"SE","FT",164000,"US","M"
2023,"SE","FT",164000,"US","M"
2023,"SE","FT",164000,"US","M"
2023,"SE","FT",164000,"US","M"
2023,"SE","FT",164000,"US","M"
2023,"SE","FT",164000,"US","M"
2023,"SE","FT",164000,"US","M"
2023,"SE","FT",164000,"US","M"
2023,"SE","FT",164000,"US","M"
2020,"SE","FT",164000,"US","M"
2023,"SE","FT",164000,"US","M"
2023,"SE","FT",164000,"US","M"
2023,"SE","FT",164000,"US","M"
2023,"SE","FT",164000,"US","M"
2023,"SE","FT",164000,"US","M"
2023,"SE","FT",164000,"US","M"
2023,"SE","FT",164000,"US","M"
2022,"SE","FT",172309,"IE","L"
2022,"SE","FT",164000,"US","M"
2022,"SE","FT",164000,"US","M"
2022,"EX","FT",125976,"CA","L"
2022,"SE","FT",164000,"US","M"
2022,"SE","FT",164000,"US","M"
2023,"EN","FT",163800,"US","M"
2023,"SE","FT",163800,"US","M"
2023,"SE","FT",163800,"US","M"
2023,"SE","FT",163800,"US","M"
2023,"SE","FT",163800,"US","M"
2023,"SE","FT",163800,"US","M"
2023,"SE","FT",163800,"US","M"
2023,"SE","FT",163800,"US","M"
2023,"SE","FT",163800,"US","M"
2023,"SE","FT",163800,"US","M"
2023,"SE","FT",163800,"US","M"
2023,"SE","FT",163800,"US","M"
2024,"SE","FT",163700,"US","M"
2023,"SE","FT",163625,"US","M"
2024,"EX","FT",163500,"US","M"
2024,"SE","FT",163200,"US","M"
2023,"SE","FT",163200,"US","M"
2023,"SE","FT",163200,"US","M"
2023,"SE","FT",163200,"US","M"
2023,"SE","FT",163200,"US","M"
2023,"SE","FT",163200,"US","M"
2023,"EN","FT",163196,"US","M"
2023,"SE","FT",163152,"US","M"
2024,"SE","FT",163000,"US","M"
2024,"SE","FT",163000,"US","M"
2024,"EX","FT",163000,"US","M"
2024,"SE","FT",163000,"US","M"
2024,"SE","FT",163000,"US","M"
2023,"SE","FT",163000,"US","M"
2023,"SE","FT",163000,"US","M"
2024,"SE","FT",162900,"US","M"
2024,"SE","FT",162819,"US","M"
2023,"SE","FT",162540,"US","M"
2023,"SE","FT",162540,"US","M"
2023,"EX","FT",162500,"US","M"
2023,"MI","FT",162500,"US","M"
2023,"MI","FT",162500,"US","M"
2023,"MI","FT",162500,"US","M"
2023,"MI","FT",162500,"US","M"
2023,"MI","FT",162500,"US","M"
2023,"SE","FT",162500,"US","M"
2023,"MI","FT",162500,"US","M"
2023,"SE","FT",162500,"US","M"
2023,"SE","FT",162500,"US","M"
2023,"SE","FT",162500,"US","M"
2023,"MI","FT",162500,"US","M"
2024,"EN","FT",162240,"US","M"
2024,"EN","FT",162240,"US","M"
2024,"EN","FT",162240,"US","M"
2024,"EN","FT",162240,"US","M"
2023,"EN","FT",162240,"US","M"
2023,"EN","FT",162240,"US","M"
2023,"EN","FT",162240,"US","M"
2023,"EN","FT",162240,"US","M"
2023,"MI","FT",162170,"US","M"
2023,"EN","FT",162170,"US","M"
2023,"SE","FT",162170,"US","M"
2024,"SE","FT",162000,"US","M"
2024,"SE","FT",162000,"US","M"
2024,"SE","FT",162000,"US","M"
2024,"SE","FT",162000,"US","M"
2024,"SE","FT",162000,"US","M"
2024,"SE","FT",162000,"US","M"
2024,"MI","FT",162000,"US","M"
2024,"SE","FT",162000,"US","M"
2024,"SE","FT",162000,"US","M"
2024,"SE","FT",162000,"US","M"
2024,"MI","FT",162000,"US","M"
2023,"MI","FT",162000,"US","M"
2023,"MI","FT",162000,"US","M"
2023,"SE","FT",162000,"US","M"
2023,"SE","FT",162000,"US","M"
2023,"MI","FT",162000,"US","M"
2023,"SE","FT",162000,"US","M"
2023,"SE","FT",162000,"US","M"
2023,"MI","FT",162000,"US","M"
2023,"MI","FT",162000,"US","M"
2023,"SE","FT",162000,"US","M"
2023,"SE","FT",162000,"US","M"
2023,"MI","FT",162000,"US","M"
2023,"SE","FT",162000,"US","M"
2023,"SE","FT",162000,"US","M"
2023,"SE","FT",162000,"US","M"
2023,"SE","FT",162000,"US","M"
2023,"SE","FT",162000,"US","M"
2023,"SE","FT",162000,"GB","M"
2023,"SE","FT",162000,"US","M"
2023,"SE","FT",162000,"US","M"
2023,"SE","FT",162000,"US","M"
2023,"SE","FT",162000,"US","M"
2022,"SE","FT",162000,"US","M"
2024,"SE","FT",161900,"US","M"
2023,"SE","FT",161900,"US","M"
2023,"SE","FT",161900,"US","M"
2023,"SE","FT",161900,"US","M"
2023,"SE","FT",161900,"US","M"
2023,"SE","FT",161900,"US","M"
2023,"SE","FT",161900,"US","M"
2024,"MI","FT",161875,"US","M"
2023,"SE","FT",161800,"US","M"
2023,"SE","FT",161800,"US","M"
2023,"SE","FT",161800,"US","M"
2024,"SE","FT",161500,"US","M"
2024,"SE","FT",161500,"US","M"
2023,"MI","FT",161500,"US","M"
2023,"MI","FT",161500,"US","M"
2023,"SE","FT",161500,"US","M"
2022,"SE","FT",161500,"US","M"
2022,"SE","FT",161342,"US","M"
2024,"EX","FT",161300,"US","M"
2024,"EX","FT",161300,"US","M"
2024,"MI","FT",161250,"US","M"
2024,"MI","FT",161250,"US","M"
2023,"MI","FT",198340,"GB","M"
2024,"SE","FT",161000,"US","M"
2024,"SE","FT",161000,"US","M"
2023,"MI","FT",161000,"US","M"
2023,"SE","FT",161000,"US","M"
2023,"SE","FT",161000,"US","M"
2023,"MI","FT",161000,"US","M"
2023,"SE","FT",161000,"US","M"
2023,"SE","FT",161000,"US","M"
2023,"SE","FT",161000,"US","M"
2023,"SE","FT",161000,"US","M"
2023,"SE","FT",161000,"US","M"
2023,"SE","FT",198094,"GB","M"
2022,"MI","FT",161000,"US","M"
2022,"SE","FT",161000,"US","M"
2023,"EN","FT",160800,"US","M"
2023,"EN","FT",160800,"GB","M"
2024,"SE","FT",160700,"US","M"
2023,"SE","FT",160667,"US","M"
2024,"MI","FT",160480,"US","M"
2022,"SE","FT",160395,"US","M"
2024,"SE","FT",160100,"US","M"
2023,"SE","FT",160080,"US","M"
2022,"SE","FT",160080,"US","M"
2022,"SE","FT",160080,"US","M"
2024,"MI","FT",160000,"US","M"
2024,"SE","FT",160000,"US","M"
2024,"EN","FT",160000,"US","M"
2024,"SE","FT",160000,"US","M"
2024,"MI","FT",160000,"US","M"
2024,"MI","FT",160000,"US","M"
2024,"SE","FT",160000,"US","M"
2024,"EN","FT",160000,"US","M"
2024,"SE","FT",160000,"US","M"
2024,"SE","FT",160000,"US","M"
2024,"SE","FT",160000,"US","M"
2024,"SE","FT",160000,"US","M"
2024,"SE","FT",160000,"US","M"
2024,"MI","FT",160000,"US","M"
2024,"SE","FT",160000,"US","M"
2024,"MI","FT",160000,"US","M"
2024,"MI","FT",160000,"US","M"
2024,"SE","FT",160000,"US","M"
2024,"SE","FT",160000,"US","M"
2024,"SE","FT",160000,"US","M"
2024,"SE","FT",160000,"US","M"
2024,"MI","FT",160000,"US","M"
2024,"EN","FT",160000,"US","M"
2024,"SE","FT",160000,"US","M"
2024,"SE","FT",160000,"US","M"
2024,"SE","FT",160000,"US","M"
2024,"EN","FT",160000,"US","M"
2024,"SE","FT",160000,"US","M"
2024,"EX","FT",160000,"US","M"
2024,"EX","FT",160000,"US","M"
2024,"MI","FT",160000,"US","M"
2024,"MI","FT",160000,"US","M"
2024,"SE","FT",160000,"US","M"
2024,"SE","FT",160000,"US","M"
2024,"SE","FT",160000,"US","M"
2024,"SE","FT",160000,"US","M"
2024,"MI","FT",160000,"US","M"
2024,"MI","FT",160000,"US","M"
2024,"SE","FT",160000,"US","M"
2024,"MI","FT",160000,"US","M"
2024,"SE","FT",160000,"US","M"
2024,"MI","FT",160000,"US","M"
2024,"SE","FT",160000,"US","M"
2024,"EX","FT",160000,"US","M"
2024,"SE","FT",160000,"US","M"
2024,"SE","FT",160000,"US","M"
2024,"MI","FT",160000,"US","M"
2024,"MI","FT",160000,"US","M"
2024,"SE","FT",160000,"US","M"
2024,"MI","FT",160000,"US","M"
2024,"MI","FT",160000,"US","M"
2024,"SE","FT",160000,"US","M"
2024,"SE","FT",160000,"US","M"
2024,"SE","FT",160000,"US","M"
2024,"SE","FT",160000,"US","M"
2024,"SE","FT",160000,"US","M"
2024,"SE","FT",160000,"US","M"
2023,"MI","FT",160000,"US","M"
2023,"MI","FT",160000,"US","M"
2023,"SE","FT",160000,"US","M"
2023,"SE","FT",160000,"US","M"
2023,"SE","FT",160000,"US","M"
2023,"SE","FT",160000,"CA","M"
2023,"MI","FT",160000,"US","M"
2023,"SE","FT",160000,"US","M"
2023,"SE","FT",160000,"US","M"
2023,"SE","FT",160000,"US","M"
2023,"SE","FT",160000,"US","M"
2023,"MI","FT",160000,"US","M"
2023,"SE","FT",160000,"US","M"
2023,"SE","FT",160000,"US","M"
2023,"SE","FT",160000,"US","M"
2023,"SE","FT",160000,"US","M"
2023,"MI","FT",160000,"US","M"
2023,"SE","FT",160000,"US","M"
2023,"MI","FT",160000,"US","M"
2023,"SE","FT",160000,"US","M"
2023,"MI","FT",160000,"US","M"
2023,"EN","FT",160000,"US","M"
2023,"MI","FT",160000,"US","M"
2023,"MI","FT",160000,"US","M"
2023,"SE","FT",160000,"US","M"
2023,"SE","FT",160000,"CA","M"
2023,"SE","FT",160000,"US","M"
2023,"SE","FT",160000,"US","M"
2023,"MI","FT",160000,"US","M"
2023,"SE","FT",160000,"US","M"
2023,"SE","FT",160000,"US","M"
2023,"SE","FT",160000,"US","M"
2023,"SE","FT",160000,"US","M"
2023,"SE","FT",160000,"US","M"
2023,"SE","FT",160000,"US","M"
2023,"SE","FT",160000,"US","M"
2023,"SE","FT",160000,"US","M"
2023,"EX","FT",160000,"US","M"
2023,"SE","FT",160000,"US","M"
2023,"SE","FT",160000,"US","M"
2023,"SE","FT",160000,"US","M"
2023,"SE","FT",160000,"US","M"
2023,"MI","FT",160000,"US","M"
2023,"SE","FT",160000,"US","M"
2023,"SE","FT",160000,"US","M"
2023,"SE","FT",160000,"US","M"
2023,"SE","FT",160000,"US","M"
2023,"SE","FT",160000,"US","M"
2023,"SE","FT",160000,"US","M"
2023,"SE","FT",160000,"US","M"
2023,"SE","FT",160000,"US","M"
2023,"SE","FT",160000,"US","M"
2023,"SE","FT",160000,"US","M"
2023,"SE","FT",160000,"US","M"
2023,"SE","FT",160000,"US","M"
2023,"SE","FT",160000,"US","M"
2023,"SE","FT",160000,"US","M"
2023,"SE","FT",160000,"US","M"
2023,"SE","FT",160000,"US","M"
2023,"EX","FT",160000,"US","M"
2023,"SE","FT",160000,"US","M"
2023,"SE","FT",160000,"US","M"
2023,"SE","FT",160000,"US","M"
2023,"SE","FT",160000,"US","M"
2023,"SE","FT",160000,"US","M"
2023,"MI","FT",160000,"US","M"
2023,"SE","FT",160000,"US","M"
2023,"SE","FT",160000,"US","M"
2023,"SE","FT",160000,"US","M"
2023,"SE","FT",160000,"US","M"
2023,"MI","FT",160000,"US","M"
2023,"SE","FT",160000,"CA","M"
2023,"SE","FT",160000,"GB","M"
2023,"SE","FT",160000,"IN","L"
2023,"SE","FT",160000,"US","M"
2023,"EX","FT",160000,"US","M"
2023,"SE","FT",160000,"US","M"
2023,"SE","FT",160000,"US","M"
2023,"SE","FT",160000,"US","M"
2023,"MI","FT",160000,"US","M"
2023,"SE","FT",160000,"US","M"
2023,"SE","FT",160000,"US","L"
2023,"SE","FT",160000,"US","M"
2023,"SE","FT",160000,"US","M"
2023,"SE","CT",118539,"CA","L"
2023,"SE","FT",160000,"US","M"
2023,"SE","FT",160000,"US","M"
2023,"SE","FT",160000,"US","M"
2023,"SE","FT",160000,"US","M"
2023,"SE","FT",160000,"US","M"
2023,"SE","FT",160000,"US","M"
2023,"SE","FT",160000,"US","M"
2023,"SE","FT",160000,"US","M"
2023,"SE","FT",160000,"US","M"
2023,"SE","FT",160000,"US","M"
2023,"EX","FT",160000,"US","M"
2023,"SE","FT",160000,"US","M"
2023,"SE","FT",160000,"US","M"
2023,"SE","FT",160000,"US","M"
2023,"SE","FT",160000,"US","M"
2023,"SE","FT",160000,"US","M"
2023,"SE","FT",160000,"JP","L"
2023,"SE","FT",160000,"US","M"
2023,"SE","FT",160000,"US","M"
2023,"SE","FT",160000,"US","M"
2023,"SE","FT",160000,"US","M"
2023,"SE","FT",160000,"US","M"
2023,"SE","FT",160000,"US","M"
2023,"SE","FT",160000,"US","M"
2023,"SE","FT",160000,"US","M"
2023,"SE","FT",160000,"US","M"
2023,"SE","FT",160000,"US","M"
2023,"SE","FT",160000,"US","M"
2023,"SE","FT",160000,"US","M"
2023,"MI","FT",160000,"US","M"
2023,"SE","FT",160000,"US","M"
2023,"SE","FT",160000,"US","M"
2023,"SE","FT",160000,"US","M"
2023,"SE","FT",160000,"US","M"
2023,"SE","FT",160000,"US","M"
2023,"SE","FT",160000,"US","M"
2023,"SE","FT",160000,"US","M"
2023,"SE","FT",160000,"US","M"
2023,"EN","FT",160000,"US","M"
2023,"SE","FT",160000,"CA","M"
2023,"SE","FT",160000,"US","M"
2023,"SE","FT",160000,"US","M"
2023,"MI","FT",160000,"US","M"
2023,"SE","FT",160000,"US","M"
2023,"MI","FT",160000,"US","M"
2023,"SE","FT",160000,"US","M"
2023,"SE","FT",160000,"US","M"
2023,"SE","FT",160000,"US","M"
2023,"SE","FT",160000,"US","M"
2023,"SE","FT",160000,"US","M"
2023,"MI","FT",160000,"US","M"
2023,"SE","FT",160000,"US","M"
2023,"SE","FT",160000,"US","M"
2023,"SE","FT",160000,"US","M"
2023,"SE","FT",160000,"US","M"
2023,"SE","FT",160000,"US","M"
2023,"EN","FT",160000,"US","M"
2023,"EN","FT",160000,"US","M"
2023,"SE","FT",160000,"US","M"
2023,"MI","FT",160000,"US","M"
2023,"SE","FT",160000,"US","M"
2023,"SE","FT",160000,"US","M"
2023,"SE","FT",160000,"US","M"
2023,"SE","FT",160000,"US","M"
2023,"EN","FT",160000,"US","M"
2023,"SE","FT",160000,"US","M"
2023,"SE","FT",160000,"US","M"
2023,"EN","FT",160000,"US","M"
2023,"EN","FT",160000,"US","M"
2023,"SE","FT",160000,"US","M"
2023,"SE","FT",160000,"US","M"
2023,"EN","FT",160000,"US","M"
2022,"SE","FT",160000,"US","M"
2022,"EN","FT",160000,"US","M"
2022,"SE","FT",160000,"US","M"
2022,"MI","FT",160000,"US","M"
2022,"EN","FT",160000,"US","M"
2022,"EN","FT",160000,"US","M"
2022,"SE","FT",160000,"US","M"
2022,"MI","FT",160000,"US","M"
2022,"MI","FT",160000,"US","M"
2022,"MI","FT",160000,"US","M"
2022,"EN","FT",160000,"US","M"
2022,"MI","FT",160000,"US","M"
2022,"SE","FT",160000,"US","M"
2022,"EN","FT",160000,"US","M"
2022,"EN","FT",160000,"US","M"
2022,"MI","FT",160000,"US","M"
2022,"MI","FT",160000,"US","M"
2022,"MI","FT",160000,"US","M"
2022,"EX","FT",160000,"US","M"
2022,"SE","FT",160000,"US","M"
2022,"SE","FT",160000,"US","M"
2022,"SE","FT",160000,"US","M"
2022,"SE","FT",160000,"US","M"
2022,"SE","FT",160000,"US","M"
2022,"SE","FT",160000,"US","M"
2022,"SE","FT",160000,"US","M"
2022,"SE","FT",160000,"US","L"
2022,"MI","FT",160000,"US","M"
2022,"SE","FT",160000,"US","L"
2022,"SE","FT",160000,"US","L"
2022,"SE","FT",160000,"US","M"
2022,"SE","FT",160000,"US","L"
2022,"SE","FT",160000,"US","L"
2022,"SE","FT",160000,"US","M"
2022,"MI","FT",160000,"US","L"
2022,"SE","FT",160000,"US","L"
2022,"SE","FT",160000,"US","M"
2022,"SE","FT",160000,"US","M"
2022,"MI","FT",160000,"US","M"
2021,"SE","FT",160000,"US","S"
2021,"SE","FT",160000,"US","S"
2021,"MI","FT",160000,"US","L"
2021,"MI","FT",119059,"IL","M"
2023,"SE","FT",159900,"US","M"
2024,"EN","FT",159870,"US","M"
2023,"SE","FT",159832,"US","M"
2023,"SE","FT",159832,"US","M"
2022,"SE","FT",159699,"US","M"
2023,"SE","FT",159600,"US","M"
2023,"SE","FT",159500,"US","M"
2023,"SE","FT",159500,"US","M"
2021,"SE","FT",127221,"CA","L"
2023,"SE","FT",159408,"US","M"
2023,"SE","FT",159375,"US","M"
2023,"SE","FT",159350,"US","M"
2024,"SE","FT",159300,"US","M"
2024,"SE","FT",159300,"US","M"
2024,"SE","FT",159300,"US","M"
2024,"SE","FT",159300,"US","M"
2024,"SE","FT",159300,"US","M"
2024,"SE","FT",159300,"US","M"
2024,"SE","FT",159300,"US","M"
2024,"SE","FT",159300,"US","M"
2024,"SE","FT",159300,"US","M"
2024,"SE","FT",159300,"US","M"
2024,"SE","FT",159300,"US","M"
2023,"SE","FT",159300,"US","M"
2023,"SE","FT",159300,"US","M"
2023,"SE","FT",159300,"US","M"
2023,"SE","FT",159300,"US","M"
2023,"SE","FT",159300,"US","M"
2023,"SE","FT",159300,"US","M"
2023,"SE","FT",159300,"US","M"
2023,"SE","FT",159300,"US","M"
2023,"SE","FT",159300,"US","M"
2024,"MI","FT",159250,"US","M"
2022,"SE","FT",159200,"US","L"
2023,"SE","FT",159100,"US","L"
2023,"SE","FT",159100,"US","M"
2023,"SE","FT",159100,"US","L"
2023,"SE","FT",159100,"US","L"
2023,"SE","FT",159100,"US","L"
2023,"SE","FT",159100,"US","L"
2023,"SE","FT",159100,"US","L"
2023,"SE","FT",159100,"US","L"
2023,"SE","FT",159090,"US","M"
2023,"SE","FT",159090,"US","M"
2024,"SE","FT",159000,"US","M"
2024,"SE","FT",159000,"US","M"
2024,"SE","FT",159000,"US","M"
2024,"SE","FT",159000,"CA","M"
2024,"SE","FT",159000,"US","M"
2024,"MI","FT",159000,"US","M"
2024,"SE","FT",159000,"US","M"
2024,"MI","FT",159000,"US","M"
2024,"SE","FT",159000,"US","M"
2024,"SE","FT",159000,"US","M"
2024,"SE","FT",159000,"US","M"
2024,"SE","FT",159000,"US","M"
2023,"SE","FT",159000,"US","M"
2023,"SE","FT",159000,"US","M"
2023,"SE","FT",159000,"US","M"
2023,"SE","FT",159000,"US","M"
2023,"SE","FT",159000,"US","M"
2023,"SE","FT",159000,"US","M"
2023,"SE","FT",159000,"US","M"
2023,"SE","FT",159000,"US","M"
2023,"SE","FT",159000,"US","M"
2023,"SE","FT",159000,"US","M"
2022,"EX","FT",159000,"US","M"
2022,"SE","FT",159000,"US","L"
2022,"MI","FT",159000,"US","M"
2023,"SE","FT",158900,"US","M"
2023,"SE","FT",158700,"US","M"
2024,"SE","FT",158680,"US","M"
2023,"SE","FT",158677,"US","M"
2023,"SE","FT",158620,"US","M"
2023,"MI","FT",158600,"US","M"
2023,"SE","FT",158600,"US","M"
2023,"SE","FT",158600,"US","M"
2024,"SE","FT",158500,"CA","M"
2024,"SE","FT",158500,"US","M"
2024,"MI","FT",158500,"US","M"
2023,"SE","FT",158500,"CA","M"
2024,"SE","FT",158494,"US","M"
2023,"SE","FT",158494,"US","M"
2023,"SE","FT",158400,"US","M"
2023,"MI","FT",158400,"US","M"
2023,"SE","FT",158400,"US","M"
2023,"MI","FT",158200,"US","M"
2022,"SE","FT",158200,"US","L"
2024,"MI","FT",158100,"US","M"
2024,"EN","FT",158100,"US","M"
2023,"MI","FT",158080,"US","M"
2024,"MI","FT",158000,"US","M"
2024,"EN","FT",158000,"US","M"
2024,"MI","FT",158000,"US","M"
2024,"MI","FT",158000,"US","M"
2024,"MI","FT",158000,"US","M"
2023,"SE","FT",158000,"US","M"
2023,"SE","FT",158000,"US","M"
2023,"MI","FT",158000,"US","M"
2023,"SE","FT",158000,"US","M"
2023,"SE","FT",158000,"US","M"
2023,"SE","FT",158000,"US","M"
2023,"SE","FT",158000,"CA","M"
2022,"MI","FT",158000,"US","M"
2024,"EN","FT",157900,"CA","M"
2024,"EN","FT",157900,"CA","M"
2024,"SE","FT",157900,"CA","M"
2024,"MI","FT",157900,"US","M"
2024,"EN","FT",157900,"CA","M"
2024,"SE","FT",157850,"US","M"
2023,"SE","FT",157750,"US","M"
2023,"SE","FT",157750,"US","M"
2024,"EN","FT",157600,"US","M"
2024,"EN","FT",157600,"US","M"
2023,"SE","FT",157550,"US","M"
2023,"SE","FT",157550,"US","M"
2023,"SE","FT",157550,"US","M"
2023,"SE","FT",157550,"US","M"
2024,"SE","FT",157500,"US","M"
2024,"SE","FT",157500,"US","M"
2024,"SE","FT",157500,"US","M"
2023,"EX","FT",157500,"US","M"
2023,"SE","FT",157500,"US","M"
2023,"SE","FT",157500,"US","M"
2024,"SE","FT",157476,"US","M"
2023,"SE","FT",157250,"US","M"
2023,"SE","FT",157250,"US","M"
2023,"SE","FT",157250,"US","M"
2023,"SE","FT",157250,"US","M"
2023,"SE","FT",157250,"US","M"
2024,"SE","FT",157144,"US","M"
2024,"SE","FT",157000,"US","M"
2023,"MI","FT",157000,"US","M"
2023,"SE","FT",157000,"US","M"
2023,"SE","FT",157000,"US","M"
2023,"SE","FT",157000,"US","M"
2023,"SE","FT",157000,"CA","M"
2023,"SE","FT",157000,"US","M"
2022,"EX","FT",157000,"US","M"
2020,"SE","FT",117104,"CA","L"
2022,"MI","FT",157000,"US","L"
2022,"SE","FT",156868,"US","L"
2023,"SE","FT",156600,"US","M"
2022,"SE","FT",156600,"US","M"
2022,"SE","FT",156600,"US","M"
2023,"SE","FT",156560,"US","M"
2023,"SE","FT",156560,"US","M"
2024,"SE","FT",156476,"US","M"
2023,"SE","FT",156453,"US","M"
2024,"MI","FT",156450,"US","M"
2023,"EN","FT",156450,"US","M"
2023,"EN","FT",156450,"US","M"
2023,"EN","FT",156450,"US","M"
2024,"SE","FT",156400,"US","M"
2023,"SE","FT",156400,"US","M"
2023,"SE","FT",156400,"US","M"
2023,"SE","FT",156400,"US","M"
2023,"SE","FT",156400,"US","M"
2023,"SE","FT",156400,"US","M"
2023,"SE","FT",156400,"US","M"
2023,"SE","FT",156400,"US","M"
2023,"SE","FT",156400,"US","M"
2023,"SE","FT",156400,"US","M"
2023,"SE","FT",156400,"US","M"
2023,"SE","FT",156400,"US","M"
2023,"SE","FT",156400,"US","M"
2023,"SE","FT",156400,"US","M"
2023,"SE","FT",156400,"US","M"
2023,"SE","FT",156400,"US","M"
2023,"SE","FT",156400,"US","M"
2023,"SE","FT",156400,"US","M"
2023,"SE","FT",156400,"US","M"
2023,"SE","FT",156400,"US","M"
2023,"SE","FT",156400,"US","M"
2023,"SE","FT",156400,"US","M"
2023,"SE","FT",156400,"US","M"
2023,"SE","FT",156400,"US","M"
2023,"SE","FT",156400,"US","M"
2023,"SE","FT",156400,"US","M"
2023,"SE","FT",156400,"US","M"
2023,"SE","FT",156400,"US","M"
2023,"SE","FT",156400,"US","M"
2023,"SE","FT",156400,"US","M"
2023,"SE","FT",156400,"US","M"
2023,"SE","FT",156400,"US","M"
2023,"SE","FT",156400,"US","M"
2023,"SE","FT",156400,"US","M"
2023,"SE","FT",156400,"US","M"
2022,"SE","FT",156400,"US","M"
2022,"SE","FT",156400,"US","M"
2022,"SE","FT",156400,"US","M"
2022,"SE","FT",156400,"US","M"
2024,"SE","FT",156300,"US","M"
2023,"SE","FT",156275,"US","M"
2024,"MI","FT",156200,"CA","M"
2023,"SE","FT",156150,"US","M"
2023,"SE","FT",156100,"CA","M"
2023,"SE","FT",156100,"CA","M"
2024,"SE","FT",156000,"US","M"
2024,"SE","FT",156000,"US","M"
2024,"SE","FT",156000,"US","M"
2024,"SE","FT",156000,"US","M"
2024,"SE","FT",156000,"US","M"
2024,"SE","FT",156000,"US","M"
2024,"EN","FT",156000,"US","M"
2023,"SE","FT",156000,"US","M"
2023,"SE","FT",156000,"US","M"
2023,"SE","FT",156000,"US","M"
2023,"SE","FT",156000,"US","M"
2023,"SE","FT",156000,"CA","M"
2023,"SE","FT",156000,"CA","M"
2023,"SE","FT",156000,"CA","M"
2023,"MI","FT",156000,"US","M"
2023,"SE","FT",156000,"US","M"
2023,"SE","FT",155850,"US","M"
2023,"MI","FT",155810,"US","M"
2023,"SE","FT",155800,"US","M"
2023,"EN","FT",155750,"US","M"
2024,"SE","FT",155615,"US","M"
2024,"SE","FT",155615,"US","M"
2024,"SE","FT",155600,"US","M"
2023,"SE","FT",155600,"US","M"
2023,"SE","FT",155500,"US","M"
2023,"SE","FT",155500,"US","M"
2023,"SE","FT",155400,"US","M"
2024,"SE","FT",155175,"US","M"
2024,"SE","FT",155000,"US","M"
2024,"SE","FT",155000,"US","M"
2024,"SE","FT",155000,"US","M"
2024,"SE","FT",155000,"US","M"
2024,"SE","FT",155000,"PL","M"
2024,"EX","FT",155000,"CA","M"
2024,"SE","FT",155000,"US","M"
2024,"SE","FT",155000,"US","M"
2024,"SE","FT",155000,"US","M"
2024,"SE","FT",155000,"US","M"
2024,"MI","FT",155000,"US","M"
2024,"MI","FT",155000,"US","M"
2024,"SE","FT",155000,"CA","M"
2024,"SE","FT",155000,"US","M"
2024,"MI","FT",155000,"US","M"
2024,"SE","FT",155000,"US","M"
2024,"SE","FT",155000,"US","M"
2024,"SE","FT",155000,"US","M"
2024,"MI","FT",155000,"US","M"
2024,"SE","FT",155000,"US","M"
2024,"SE","FT",155000,"US","M"
2024,"SE","FT",155000,"US","M"
2024,"SE","FT",155000,"US","M"
2024,"SE","FT",155000,"US","M"
2023,"SE","FT",155000,"US","M"
2023,"MI","FT",155000,"US","M"
2023,"MI","FT",155000,"US","M"
2023,"MI","FT",155000,"US","M"
2023,"SE","FT",155000,"US","M"
2023,"MI","FT",155000,"US","M"
2023,"SE","FT",155000,"US","M"
2023,"SE","FT",155000,"US","M"
2023,"SE","FT",155000,"US","M"
2023,"SE","FT",155000,"US","M"
2023,"SE","FT",155000,"CA","M"
2023,"SE","FT",155000,"US","M"
2023,"MI","FT",155000,"US","M"
2023,"SE","FT",155000,"US","M"
2023,"SE","FT",155000,"US","L"
2023,"SE","FT",155000,"US","M"
2023,"SE","FT",155000,"US","M"
2023,"MI","FT",155000,"US","M"
2023,"SE","FT",155000,"US","M"
2023,"SE","FT",155000,"US","M"
2023,"SE","FT",155000,"US","M"
2023,"SE","FT",155000,"US","M"
2023,"SE","FT",155000,"US","M"
2023,"SE","FT",155000,"US","M"
2023,"SE","FT",155000,"US","M"
2023,"SE","FT",155000,"US","M"
2023,"SE","FT",155000,"US","M"
2023,"SE","FT",155000,"US","M"
2023,"SE","FT",155000,"US","M"
2023,"SE","FT",155000,"US","M"
2023,"SE","FT",155000,"US","M"
2023,"SE","FT",155000,"US","M"
2023,"SE","FT",155000,"US","M"
2023,"SE","FT",155000,"US","M"
2023,"MI","FT",155000,"US","M"
2023,"MI","FT",155000,"US","M"
2023,"SE","FT",155000,"US","M"
2023,"SE","FT",155000,"GB","M"
2023,"SE","FT",155000,"US","M"
2023,"MI","FT",155000,"US","M"
2023,"SE","FT",155000,"GB","M"
2023,"MI","FT",155000,"US","M"
2023,"SE","FT",155000,"US","M"
2023,"MI","FT",155000,"US","M"
2023,"EN","FT",155000,"US","M"
2023,"MI","FT",155000,"US","M"
2023,"SE","FT",155000,"US","M"
2023,"SE","FT",155000,"US","M"
2023,"SE","FT",155000,"US","M"
2023,"EN","FT",155000,"US","M"
2023,"EX","FT",155000,"US","M"
2023,"EN","FT",155000,"US","M"
2023,"MI","FT",155000,"US","M"
2023,"SE","FT",155000,"US","M"
2023,"MI","FT",155000,"US","M"
2023,"SE","FT",155000,"US","M"
2023,"EX","FT",155000,"US","M"
2022,"MI","FT",155000,"US","L"
2023,"SE","FT",155000,"US","M"
2022,"SE","FT",155000,"US","M"
2022,"SE","FT",155000,"US","M"
2022,"MI","FT",155000,"US","M"
2022,"SE","FT",155000,"US","M"
2022,"SE","FT",155000,"US","M"
2022,"SE","FT",155000,"US","M"
2022,"SE","FT",155000,"US","M"
2022,"SE","FT",155000,"US","M"
2022,"SE","FT",155000,"US","M"
2022,"SE","FT",155000,"US","M"
2023,"SE","FT",154836,"US","M"
2023,"SE","FT",154836,"US","M"
2024,"EN","FT",154818,"US","M"
2024,"MI","FT",154800,"US","M"
2024,"EN","FT",154800,"US","M"
2024,"MI","FT",154800,"US","M"
2023,"MI","FT",154800,"US","M"
2023,"MI","FT",154800,"US","M"
2023,"MI","FT",154800,"US","M"
2023,"SE","FT",154700,"US","M"
2023,"SE","FT",154600,"US","M"
2023,"SE","FT",154600,"US","M"
2022,"SE","FT",154600,"US","M"
2022,"SE","FT",154600,"US","L"
2022,"SE","FT",154600,"US","L"
2022,"SE","FT",154600,"US","L"
2022,"SE","FT",154560,"US","M"
2022,"SE","FT",154545,"US","L"
2022,"SE","FT",154545,"US","L"
2024,"MI","FT",154500,"US","M"
2023,"SE","FT",154500,"US","M"
2023,"SE","FT",154440,"US","M"
2024,"SE","FT",154400,"US","M"
2024,"MI","FT",193000,"GB","M"
2024,"SE","FT",154360,"US","M"
2024,"SE","FT",154100,"US","M"
2024,"MI","FT",154100,"US","M"
2024,"SE","FT",154000,"US","M"
2024,"SE","FT",154000,"US","M"
2024,"SE","FT",154000,"US","M"
2024,"MI","FT",154000,"US","M"
2024,"SE","FT",154000,"US","M"
2024,"EN","FT",154000,"US","M"
2024,"MI","FT",154000,"US","M"
2024,"MI","FT",154000,"US","M"
2023,"SE","FT",154000,"US","M"
2023,"MI","FT",154000,"US","M"
2023,"MI","FT",154000,"US","M"
2023,"MI","FT",154000,"US","M"
2023,"MI","FT",154000,"US","M"
2023,"MI","FT",154000,"US","M"
2023,"SE","FT",154000,"US","M"
2023,"SE","FT",154000,"US","M"
2023,"SE","FT",154000,"US","M"
2023,"SE","FT",154000,"US","M"
2023,"SE","FT",154000,"US","M"
2023,"SE","FT",154000,"US","M"
2023,"SE","FT",154000,"US","M"
2023,"MI","FT",154000,"US","M"
2023,"MI","FT",154000,"US","M"
2023,"SE","FT",154000,"US","M"
2022,"SE","FT",154000,"US","M"
2022,"SE","FT",154000,"US","M"
2022,"SE","FT",154000,"US","M"
2022,"SE","FT",154000,"US","M"
2024,"SE","FT",153900,"US","M"
2024,"SE","FT",153900,"US","M"
2024,"SE","FT",153900,"US","M"
2023,"MI","FT",153800,"US","M"
2023,"SE","FT",153800,"US","M"
2024,"MI","FT",153700,"US","M"
2023,"SE","FT",153600,"US","M"
2023,"SE","FT",153600,"US","M"
2023,"SE","FT",153600,"US","M"
2023,"SE","FT",153600,"US","M"
2023,"SE","FT",153600,"US","M"
2023,"SE","FT",153600,"US","M"
2023,"SE","FT",153600,"US","M"
2023,"SE","FT",153600,"US","M"
2023,"SE","FT",153600,"US","M"
2023,"SE","FT",153600,"US","M"
2023,"SE","FT",153600,"US","M"
2023,"SE","FT",153600,"US","M"
2023,"SE","FT",153600,"US","M"
2023,"SE","FT",153600,"US","M"
2023,"SE","FT",153600,"US","M"
2023,"SE","FT",153600,"US","M"
2023,"SE","FT",153600,"US","M"
2023,"SE","FT",153600,"US","M"
2023,"SE","FT",153600,"US","M"
2023,"SE","FT",153600,"US","M"
2022,"SE","FT",153600,"US","M"
2022,"SE","FT",153600,"US","M"
2022,"SE","FT",153600,"US","M"
2022,"SE","FT",153600,"US","M"
2023,"SE","FT",153550,"US","M"
2024,"SE","FT",153400,"US","M"
2023,"SE","FT",153400,"US","M"
2023,"SE","FT",153400,"US","M"
2023,"SE","FT",153400,"US","M"
2023,"SE","FT",153400,"US","M"
2023,"SE","FT",153300,"US","M"
2023,"SE","FT",153300,"US","M"
2024,"SE","FT",153200,"US","M"
2023,"SE","FT",153100,"US","M"
2023,"SE","FT",153090,"US","M"
2023,"SE","FT",153090,"US","M"
2023,"SE","FT",153090,"US","M"
2023,"SE","FT",153088,"US","M"
2024,"SE","FT",153040,"US","M"
2024,"SE","FT",153040,"US","M"
2024,"MI","FT",153040,"US","M"
2024,"SE","FT",153018,"US","M"
2024,"SE","FT",153000,"US","M"
2024,"EN","FT",153000,"US","M"
2024,"EN","FT",153000,"US","M"
2024,"SE","FT",153000,"US","M"
2024,"MI","FT",153000,"US","M"
2024,"MI","FT",153000,"US","M"
2024,"SE","FT",153000,"US","M"
2024,"MI","FT",153000,"US","M"
2024,"SE","FT",153000,"US","M"
2024,"MI","FT",153000,"US","M"
2024,"SE","FT",153000,"CA","M"
2024,"SE","FT",153000,"CA","M"
2023,"SE","FT",153000,"US","M"
2023,"SE","FT",153000,"CA","M"
2023,"SE","FT",153000,"US","M"
2023,"SE","FT",153000,"US","M"
2023,"SE","FT",153000,"US","M"
2023,"SE","FT",153000,"US","M"
2023,"EX","FT",153000,"US","M"
2023,"SE","FT",153000,"CA","M"
2022,"MI","FT",153000,"US","M"
2022,"SE","FT",153000,"US","M"
2022,"SE","FT",153000,"US","M"
2022,"MI","FT",153000,"US","L"
2022,"MI","FT",153000,"US","M"
2021,"SE","FT",153000,"US","L"
2023,"SE","FT",152900,"GB","M"
2023,"SE","FT",152900,"US","M"
2023,"MI","FT",152700,"US","M"
2024,"MI","FT",152600,"US","M"
2023,"SE","FT",152600,"US","M"
2024,"EN","FT",152500,"US","M"
2023,"SE","FT",152500,"US","M"
2022,"SE","FT",152500,"US","M"
2022,"SE","FT",152500,"US","M"
2024,"SE","FT",152400,"US","M"
2023,"SE","FT",152380,"US","M"
2024,"SE","FT",152375,"US","M"
2024,"SE","FT",152375,"US","M"
2024,"SE","FT",152375,"US","M"
2024,"SE","FT",152375,"US","M"
2024,"SE","FT",152375,"US","M"
2023,"SE","FT",152375,"US","M"
2023,"SE","FT",152375,"US","M"
2023,"MI","FT",152375,"US","M"
2023,"SE","FT",152300,"US","M"
2023,"SE","FT",152022,"US","M"
2024,"MI","FT",152000,"CA","M"
2024,"SE","FT",152000,"US","M"
2024,"SE","FT",152000,"US","M"
2024,"MI","FT",152000,"US","M"
2024,"MI","FT",152000,"US","M"
2024,"SE","FT",152000,"US","M"
2024,"SE","FT",152000,"US","M"
2024,"SE","FT",152000,"US","M"
2024,"MI","FT",152000,"US","M"
2024,"MI","FT",152000,"US","M"
2024,"SE","FT",152000,"US","M"
2023,"MI","FT",152000,"CA","M"
2023,"SE","FT",152000,"CA","M"
2023,"SE","FT",152000,"US","M"
2023,"SE","FT",152000,"US","M"
2023,"SE","FT",152000,"US","M"
2023,"SE","FT",152000,"US","M"
2023,"SE","FT",152000,"US","M"
2023,"SE","FT",152000,"US","M"
2023,"SE","FT",152000,"US","M"
2023,"SE","FT",152000,"US","M"
2023,"SE","FT",152000,"US","M"
2023,"SE","FT",152000,"CA","M"
2023,"SE","FT",152000,"US","M"
2023,"SE","FT",152000,"US","M"
2023,"SE","FT",152000,"US","M"
2023,"SE","FT",152000,"US","M"
2023,"MI","FT",152000,"US","M"
2023,"SE","FT",152000,"US","M"
2023,"SE","FT",152000,"US","M"
2023,"SE","FT",152000,"US","M"
2023,"SE","FT",152000,"US","M"
2023,"SE","FT",152000,"US","M"
2022,"SE","FT",152000,"US","M"
2022,"SE","FT",152000,"US","M"
2022,"SE","FT",152000,"US","M"
2022,"SE","FT",152000,"US","M"
2021,"SE","FT",152000,"FR","L"
2024,"SE","FT",151900,"US","M"
2024,"SE","FT",151900,"US","M"
2024,"SE","FT",151900,"US","M"
2023,"SE","FT",151840,"US","M"
2024,"MI","FT",151800,"US","M"
2024,"SE","FT",151800,"US","M"
2024,"MI","FT",151800,"US","M"
2024,"SE","FT",151800,"US","M"
2024,"MI","FT",151800,"US","M"
2023,"SE","FT",151800,"US","M"
2023,"SE","FT",151800,"US","M"
2023,"SE","FT",151800,"US","M"
2023,"SE","FT",151800,"US","M"
2023,"MI","FT",151800,"US","M"
2023,"SE","FT",151800,"US","M"
2022,"SE","FT",151800,"US","M"
2023,"MI","FT",151700,"US","L"
2024,"SE","FT",151600,"US","M"
2023,"SE","FT",151600,"US","M"
2023,"SE","FT",151600,"US","M"
2023,"SE","FT",151600,"US","M"
2023,"SE","FT",151600,"US","M"
2024,"MI","FT",151500,"US","M"
2024,"MI","FT",151500,"US","M"
2024,"SE","FT",151500,"US","M"
2023,"MI","FT",151410,"US","M"
2023,"EN","FT",151410,"US","M"
2023,"MI","FT",151410,"US","M"
2023,"SE","FT",151300,"US","M"
2024,"EN","PT",151260,"US","L"
2023,"SE","FT",151250,"US","M"
2023,"SE","FT",151200,"US","M"
2023,"SE","FT",151100,"CA","M"
2023,"SE","FT",151090,"US","M"
2024,"MI","FT",151000,"US","M"
2024,"SE","FT",151000,"US","M"
2024,"SE","FT",151000,"US","M"
2024,"MI","FT",151000,"US","M"
2023,"SE","FT",151000,"CA","M"
2023,"SE","FT",151000,"US","M"
2023,"MI","FT",151000,"US","M"
2023,"SE","FT",151000,"US","M"
2023,"SE","FT",151000,"US","M"
2023,"MI","FT",151000,"US","M"
2021,"MI","FT",151000,"US","L"
2023,"SE","FT",150931,"US","M"
2023,"EX","FT",150900,"US","M"
2024,"SE","FT",150895,"US","M"
2024,"SE","FT",150800,"US","M"
2024,"EN","FT",150700,"US","M"
2024,"SE","FT",150700,"US","M"
2024,"SE","FT",150700,"US","M"
2023,"SE","FT",150600,"US","M"
2023,"SE","FT",150600,"GB","M"
2023,"SE","FT",150550,"US","M"
2024,"SE","FT",150500,"CA","M"
2023,"MI","FT",150450,"US","M"
2022,"SE","FT",150260,"US","M"
2023,"SE","FT",150200,"US","M"
2023,"SE","FT",150120,"US","M"
2022,"SE","FT",150075,"US","M"
2022,"SE","FT",150075,"US","M"
2024,"SE","FT",150000,"US","M"
2024,"EX","FT",150000,"US","M"
2024,"MI","FT",150000,"US","M"
2024,"MI","FT",150000,"US","M"
2024,"MI","FT",150000,"CA","M"
2024,"SE","FT",150000,"US","M"
2024,"SE","FT",150000,"US","M"
2024,"MI","FT",150000,"US","M"
2024,"EN","FT",150000,"US","M"
2024,"SE","FT",150000,"US","M"
2024,"EX","FT",150000,"US","M"
2024,"MI","FT",150000,"US","M"
2024,"MI","FT",150000,"US","M"
2024,"MI","FT",150000,"US","M"
2024,"SE","FT",150000,"SA","M"
2024,"MI","FT",150000,"US","M"
2024,"MI","FT",150000,"US","M"
2024,"MI","FT",150000,"US","M"
2024,"SE","FT",150000,"US","M"
2024,"EN","FT",150000,"US","M"
2024,"EN","FT",150000,"US","M"
2024,"EN","FT",150000,"US","M"
2024,"SE","FT",150000,"US","M"
2024,"EN","FT",150000,"US","M"
2024,"SE","FT",150000,"US","M"
2024,"MI","FT",150000,"US","M"
2024,"SE","FT",150000,"US","M"
2024,"SE","FT",150000,"US","M"
2024,"MI","FT",150000,"US","M"
2024,"SE","FT",150000,"US","M"
2024,"MI","FT",150000,"US","M"
2024,"SE","FT",150000,"US","M"
2024,"SE","FT",150000,"US","M"
2024,"SE","FT",150000,"US","M"
2024,"SE","FT",150000,"US","M"
2024,"SE","FT",150000,"US","M"
2024,"SE","FT",150000,"US","M"
2024,"EX","FT",150000,"US","L"
2024,"SE","FT",150000,"US","M"
2024,"MI","FT",150000,"US","M"
2024,"EX","FT",150000,"US","M"
2024,"EN","FT",150000,"US","M"
2024,"MI","FT",150000,"US","M"
2024,"SE","FT",150000,"US","M"
2024,"MI","FT",150000,"US","M"
2024,"SE","FT",150000,"GB","M"
2024,"MI","FT",150000,"US","M"
2024,"MI","FT",150000,"US","M"
2024,"EN","FT",150000,"US","M"
2024,"SE","FT",150000,"US","M"
2024,"SE","FT",150000,"US","M"
2024,"SE","FT",150000,"US","M"
2024,"MI","FT",150000,"US","M"
2024,"MI","FT",150000,"US","M"
2024,"MI","FT",150000,"US","M"
2024,"SE","FT",150000,"US","M"
2024,"SE","FT",150000,"US","M"
2024,"MI","FT",150000,"US","M"
2024,"MI","FT",150000,"US","M"
2024,"MI","FT",150000,"US","M"
2024,"SE","FT",150000,"US","M"
2024,"MI","FT",150000,"US","M"
2024,"MI","FT",150000,"US","M"
2024,"EX","FT",150000,"US","M"
2024,"SE","FT",150000,"US","M"
2024,"SE","FT",150000,"US","M"
2024,"SE","FT",150000,"US","M"
2024,"MI","FT",166666,"DE","M"
2024,"SE","FT",150000,"US","M"
2024,"SE","FT",150000,"US","M"
2024,"SE","FT",150000,"US","M"
2024,"EN","FT",150000,"US","M"
2024,"SE","FT",150000,"US","M"
2024,"SE","FT",150000,"US","M"
2024,"EN","FT",150000,"US","M"
2024,"SE","FT",150000,"US","M"
2024,"SE","FT",150000,"US","M"
2024,"MI","FT",150000,"US","M"
2024,"SE","FT",150000,"US","M"
2024,"SE","FT",150000,"US","M"
2024,"SE","FT",150000,"US","M"
2024,"SE","FT",150000,"US","M"
2023,"SE","FT",150000,"US","M"
2023,"SE","FT",150000,"US","M"
2023,"MI","FT",150000,"US","M"
2023,"MI","FT",150000,"US","M"
2023,"SE","FT",150000,"US","M"
2023,"SE","FT",150000,"US","M"
2023,"SE","FT",150000,"US","M"
2023,"MI","FT",150000,"US","M"
2023,"SE","FT",150000,"CA","M"
2023,"EN","FT",150000,"US","M"
2023,"SE","FT",150000,"US","M"
2023,"SE","FT",150000,"US","M"
2023,"SE","FT",150000,"US","M"
2023,"MI","FT",150000,"US","M"
2023,"SE","FT",150000,"US","M"
2023,"SE","FT",150000,"US","M"
2023,"SE","FT",150000,"US","M"
2023,"EX","FT",150000,"US","M"
2023,"MI","FT",150000,"US","M"
2023,"SE","FT",150000,"US","M"
2023,"MI","FT",150000,"CA","M"
2023,"SE","FT",150000,"US","M"
2023,"SE","FT",150000,"US","M"
2023,"SE","FT",150000,"US","M"
2023,"MI","FT",150000,"US","M"
2023,"SE","FT",150000,"US","M"
2023,"SE","FT",150000,"US","M"
2023,"MI","FT",150000,"US","M"
2023,"SE","FT",150000,"US","M"
2023,"MI","FT",150000,"US","M"
2023,"SE","FT",150000,"US","M"
2023,"SE","FT",161952,"FR","M"
2023,"SE","FT",150000,"US","M"
2023,"SE","FT",150000,"US","M"
2023,"MI","FT",150000,"US","M"
2023,"SE","FT",150000,"US","M"
2023,"SE","FT",150000,"US","M"
2023,"EN","FT",150000,"US","M"
2023,"SE","FT",150000,"US","M"
2023,"SE","FT",150000,"US","M"
2023,"MI","FT",150000,"US","M"
2023,"SE","FT",150000,"US","M"
2023,"MI","FT",150000,"US","M"
2023,"SE","FT",150000,"US","M"
2023,"SE","FT",150000,"US","M"
2023,"SE","FT",150000,"US","M"
2023,"SE","FT",150000,"US","M"
2023,"EX","FT",184560,"GB","M"
2023,"SE","FT",150000,"US","M"
2023,"MI","FT",150000,"US","M"
2023,"SE","FT",150000,"US","M"
2023,"SE","FT",150000,"US","M"
2023,"SE","FT",150000,"US","M"
2023,"SE","FT",150000,"US","M"
2023,"SE","FT",150000,"US","M"
2023,"MI","FT",150000,"US","M"
2023,"MI","FT",150000,"US","M"
2023,"MI","FT",150000,"US","M"
2023,"MI","FT",150000,"US","M"
2023,"SE","FT",150000,"US","M"
2023,"MI","FT",150000,"US","M"
2023,"SE","FT",150000,"US","M"
2023,"MI","FT",150000,"US","M"
2023,"SE","FT",150000,"US","M"
2023,"SE","FT",150000,"US","M"
2023,"SE","FT",150000,"US","M"
2023,"SE","FT",150000,"US","M"
2023,"SE","FT",150000,"US","M"
2023,"SE","FT",150000,"US","M"
2023,"SE","FT",150000,"US","M"
2023,"SE","FT",150000,"US","M"
2023,"MI","FT",150000,"US","M"
2023,"SE","FT",150000,"US","M"
2023,"MI","FT",150000,"US","M"
2023,"SE","FT",150000,"US","M"
2023,"MI","FT",150000,"US","M"
2023,"SE","FT",150000,"US","M"
2023,"MI","FT",150000,"US","M"
2023,"SE","FT",150000,"US","M"
2023,"SE","FT",150000,"CA","M"
2023,"SE","FT",150000,"US","M"
2023,"MI","FT",150000,"US","M"
2023,"SE","FT",150000,"US","M"
2023,"SE","FT",150000,"US","M"
2023,"MI","FT",150000,"US","M"
2023,"EX","FT",184560,"GB","M"
2023,"EN","FT",34924,"PL","M"
2023,"EN","FT",150000,"US","M"
2023,"SE","FT",150000,"US","M"
2023,"SE","FT",150000,"US","M"
2023,"SE","FT",150000,"US","M"
2023,"SE","FT",150000,"US","M"
2023,"SE","FT",150000,"US","M"
2023,"SE","FT",150000,"US","M"
2023,"SE","FT",150000,"US","M"
2023,"MI","FT",150000,"US","M"
2023,"SE","FT",150000,"US","M"
2023,"SE","FT",150000,"US","M"
2023,"SE","FT",150000,"US","M"
2023,"SE","FT",150000,"US","M"
2023,"SE","FT",150000,"US","M"
2023,"SE","FT",150000,"US","M"
2023,"SE","FT",150000,"US","M"
2023,"SE","FT",150000,"US","M"
2023,"EX","FT",150000,"US","M"
2023,"SE","FT",150000,"US","M"
2023,"SE","FT",150000,"US","M"
2023,"SE","FT",150000,"US","M"
2023,"SE","FT",150000,"US","M"
2023,"SE","FT",150000,"US","M"
2023,"SE","FT",150000,"US","M"
2023,"MI","FT",150000,"US","M"
2023,"SE","FT",150000,"US","M"
2023,"SE","FT",150000,"US","M"
2023,"MI","FT",150000,"US","M"
2023,"SE","FT",150000,"US","M"
2023,"SE","FT",150000,"US","M"
2023,"MI","FT",150000,"US","M"
2023,"SE","FT",150000,"US","M"
2023,"SE","FT",150000,"US","M"
2023,"MI","FT",150000,"US","M"
2023,"SE","FT",150000,"US","M"
2023,"SE","FT",150000,"US","M"
2023,"SE","FT",150000,"US","M"
2023,"SE","FT",150000,"US","M"
2023,"SE","FT",150000,"US","M"
2023,"SE","FT",150000,"US","M"
2023,"SE","FT",150000,"US","M"
2023,"SE","FT",150000,"US","M"
2023,"MI","FT",150000,"US","M"
2023,"EN","FT",150000,"US","M"
2023,"SE","FT",150000,"US","M"
2023,"MI","FT",150000,"US","M"
2023,"SE","FT",150000,"US","M"
2023,"SE","FT",150000,"US","M"
2023,"MI","FT",150000,"US","M"
2023,"SE","FT",150000,"US","M"
2023,"SE","FT",150000,"US","M"
2023,"SE","FT",150000,"US","M"
2023,"SE","FT",150000,"US","M"
2023,"SE","FT",150000,"US","M"
2023,"SE","FT",150000,"US","M"
2023,"SE","FT",150000,"US","M"
2023,"SE","FT",150000,"US","M"
2023,"SE","FT",150000,"US","M"
2023,"SE","FT",150000,"US","M"
2023,"MI","FT",150000,"US","M"
2023,"EN","FT",150000,"US","M"
2021,"MI","FT",150000,"US","M"
2023,"MI","FT",150000,"US","M"
2023,"MI","FT",150000,"US","M"
2023,"EN","FT",150000,"US","M"
2023,"EN","FT",150000,"US","M"
2023,"MI","FT",150000,"US","M"
2023,"SE","FT",150000,"US","M"
2023,"SE","FT",150000,"US","M"
2023,"SE","FT",150000,"US","M"
2023,"SE","FT",150000,"MX","M"
2023,"MI","FT",150000,"US","M"
2023,"SE","FT",150000,"US","M"
2023,"SE","FT",150000,"US","M"
2023,"SE","FT",150000,"US","M"
2023,"SE","FT",150000,"US","M"
2023,"SE","FT",150000,"US","M"
2023,"MI","FT",150000,"US","M"
2023,"SE","FT",150000,"US","M"
2023,"MI","FT",150000,"US","M"
2023,"SE","FT",150000,"US","M"
2023,"MI","FT",150000,"US","M"
2023,"SE","FT",150000,"US","M"
2023,"MI","FT",150000,"US","M"
2023,"SE","FT",150000,"US","M"
2023,"SE","FT",150000,"US","M"
2023,"MI","FT",150000,"US","M"
2023,"SE","FT",150000,"US","M"
2023,"SE","FT",150000,"US","M"
2023,"EN","FT",150000,"US","M"
2023,"SE","FT",150000,"US","M"
2023,"MI","FT",150000,"US","M"
2022,"SE","FT",150000,"US","M"
2022,"SE","FT",150000,"US","M"
2022,"MI","FT",150000,"US","M"
2022,"MI","FT",150000,"US","M"
2022,"MI","FT",150000,"US","M"
2022,"MI","FT",150000,"US","M"
2022,"MI","FT",150000,"US","M"
2022,"MI","FT",150000,"US","M"
2022,"SE","FT",150000,"US","M"
2022,"MI","FT",150000,"US","M"
2022,"SE","FT",150000,"US","M"
2022,"SE","FT",150000,"US","M"
2022,"SE","FT",150000,"US","M"
2022,"SE","FT",150000,"US","M"
2022,"SE","FT",150000,"US","M"
2022,"MI","FT",150000,"US","M"
2022,"MI","FT",150000,"US","M"
2022,"MI","FT",150000,"US","M"
2022,"MI","FT",150000,"US","M"
2022,"SE","FT",150000,"US","M"
2022,"SE","FT",150000,"US","M"
2022,"MI","FT",150000,"US","M"
2022,"SE","FT",150000,"US","M"
2022,"MI","FT",150000,"US","M"
2022,"MI","FT",150000,"US","M"
2022,"SE","FT",150000,"US","M"
2022,"SE","FT",150000,"US","M"
2022,"MI","FT",150000,"US","M"
2022,"SE","FT",150000,"US","M"
2022,"SE","FT",150000,"US","M"
2022,"SE","FT",150000,"US","M"
2022,"SE","FT",150000,"US","M"
2022,"SE","FT",150000,"US","M"
2022,"SE","FT",150000,"US","M"
2022,"SE","FT",150000,"US","M"
2022,"MI","FT",150000,"US","L"
2022,"MI","FT",150000,"US","M"
2022,"SE","FT",150000,"US","M"
2022,"EX","FT",150000,"US","M"
2022,"SE","FT",150000,"US","L"
2022,"EN","FT",150000,"US","L"
2022,"EX","FT",115222,"CA","S"
2022,"MI","FT",150000,"US","M"
2022,"SE","FT",150000,"US","M"
2022,"SE","FT",150000,"US","M"
2022,"SE","FT",150000,"US","M"
2022,"MI","FT",33609,"PL","L"
2021,"SE","FT",150000,"US","L"
2022,"EN","FT",150000,"AU","S"
2021,"MI","FT",150000,"US","L"
2021,"MI","FT",150000,"US","M"
2021,"EX","FT",150000,"US","L"
2021,"SE","FT",150000,"US","M"
2021,"SE","FT",150000,"US","L"
2020,"SE","FT",150000,"US","L"
2023,"MI","FT",149925,"US","M"
2022,"SE","FT",149850,"US","M"
2022,"SE","FT",149850,"US","M"
2022,"SE","FT",149850,"US","M"
2024,"SE","FT",149800,"US","M"
2024,"SE","FT",149800,"US","M"
2023,"EN","FT",149800,"US","M"
2023,"EN","FT",149800,"US","M"
2024,"SE","FT",149750,"US","M"
2024,"SE","FT",149750,"US","M"
2023,"MI","FT",149600,"US","M"
2023,"MI","FT",149600,"US","M"
2024,"SE","FT",149500,"US","M"
2023,"MI","FT",149500,"US","M"
2023,"SE","FT",149500,"US","M"
2023,"SE","FT",149500,"US","M"
2024,"SE","FT",149300,"US","M"
2023,"MI","FT",149300,"US","L"
2024,"SE","FT",149200,"US","M"
2024,"SE","FT",149200,"US","M"
2023,"SE","FT",149200,"CA","M"
2023,"MI","FT",149094,"US","M"
2024,"SE","FT",149076,"US","M"
2023,"SE","FT",149076,"US","M"
2023,"SE","FT",149076,"US","M"
2023,"SE","FT",149076,"US","M"
2023,"SE","FT",149076,"US","M"
2023,"SE","FT",149040,"US","M"
2023,"SE","FT",149040,"US","M"
2023,"SE","FT",149040,"US","M"
2022,"SE","FT",149040,"US","M"
2022,"SE","FT",149040,"US","M"
2024,"MI","FT",149000,"US","M"
2024,"SE","FT",149000,"DE","M"
2024,"SE","FT",149000,"US","M"
2024,"SE","FT",149000,"US","M"
2024,"SE","FT",149000,"US","M"
2023,"MI","FT",149000,"US","M"
2023,"SE","FT",149000,"US","M"
2023,"SE","FT",149000,"CA","M"
2022,"SE","FT",149000,"US","M"
2023,"SE","FT",148800,"US","M"
2023,"SE","FT",148800,"US","M"
2022,"SE","FT",148800,"US","M"
2022,"SE","FT",148800,"US","M"
2022,"SE","FT",148800,"US","M"
2024,"SE","FT",148750,"US","M"
2023,"SE","FT",148750,"US","M"
2023,"SE","FT",148750,"US","M"
2023,"SE","FT",148750,"US","M"
2023,"SE","FT",148700,"US","M"
2022,"SE","FT",148700,"US","L"
2024,"SE","FT",148594,"US","M"
2023,"SE","FT",148594,"US","M"
2023,"SE","FT",148594,"US","M"
2023,"SE","FT",148590,"US","M"
2024,"SE","FT",148500,"US","M"
2023,"SE","FT",148500,"CA","M"
2023,"MI","FT",148500,"CA","M"
2023,"SE","FT",110019,"CA","M"
2023,"SE","FT",148500,"US","M"
2023,"MI","FT",148500,"US","M"
2022,"MI","FT",148500,"US","L"
2023,"SE","FT",148350,"US","M"
2024,"SE","FT",148300,"US","M"
2023,"SE","FT",148300,"US","M"
2023,"SE","FT",148200,"US","M"
2024,"MI","FT",148100,"US","M"
2024,"MI","FT",148100,"US","M"
2024,"SE","FT",148000,"US","M"
2024,"SE","FT",148000,"US","M"
2024,"SE","FT",148000,"US","M"
2024,"MI","FT",148000,"US","M"
2024,"SE","FT",148000,"US","M"
2024,"SE","FT",148000,"US","M"
2024,"SE","FT",148000,"US","M"
2024,"SE","FT",148000,"US","M"
2024,"MI","FT",148000,"US","M"
2024,"MI","FT",148000,"US","M"
2023,"MI","FT",148000,"US","M"
2023,"MI","FT",148000,"US","M"
2023,"SE","FT",148000,"US","M"
2023,"SE","FT",148000,"US","M"
2023,"SE","FT",148000,"US","L"
2023,"SE","FT",148000,"US","M"
2022,"SE","FT",148000,"US","M"
2022,"SE","FT",148000,"US","M"
2022,"SE","FT",155499,"DE","M"
2024,"MI","FT",147900,"US","M"
2024,"MI","FT",147800,"US","M"
2022,"SE","FT",147800,"US","M"
2024,"SE","FT",147670,"US","M"
2024,"SE","FT",147645,"US","M"
2024,"SE","FT",147600,"US","M"
2023,"MI","FT",147600,"US","M"
2024,"SE","FT",147500,"US","M"
2024,"SE","FT",147500,"US","M"
2024,"SE","FT",147500,"US","M"
2024,"SE","FT",147500,"US","M"
2024,"SE","FT",147500,"US","M"
2023,"SE","FT",147500,"US","M"
2023,"MI","FT",147500,"US","M"
2023,"SE","FT",147500,"US","M"
2023,"SE","FT",147500,"US","M"
2023,"SE","FT",147500,"US","M"
2023,"SE","FT",147500,"US","M"
2024,"MI","FT",147400,"US","M"
2023,"MI","FT",147400,"US","M"
2023,"SE","FT",147400,"US","M"
2023,"MI","FT",147200,"US","M"
2023,"SE","FT",147200,"US","M"
2023,"SE","FT",147100,"US","M"
2023,"MI","FT",147100,"US","M"
2023,"SE","FT",147100,"US","M"
2023,"SE","FT",147100,"US","M"
2023,"SE","FT",147100,"US","M"
2023,"SE","FT",147100,"US","M"
2023,"SE","FT",147100,"US","M"
2023,"SE","FT",147100,"US","M"
2023,"SE","FT",147100,"US","M"
2023,"SE","FT",147100,"US","M"
2023,"SE","FT",147100,"US","M"
2023,"SE","FT",147100,"US","M"
2023,"SE","FT",147100,"US","M"
2024,"EN","FT",147000,"US","M"
2024,"MI","FT",147000,"US","M"
2024,"SE","FT",147000,"US","M"
2024,"MI","FT",147000,"US","M"
2023,"SE","FT",147000,"US","M"
2023,"SE","FT",147000,"US","M"
2023,"SE","FT",147000,"US","M"
2023,"SE","FT",147000,"US","M"
2023,"SE","FT",147000,"US","M"
2023,"SE","FT",147000,"US","M"
2023,"SE","FT",147000,"US","M"
2023,"SE","FT",147000,"US","M"
2023,"MI","FT",147000,"US","M"
2021,"MI","FT",147000,"US","L"
2021,"SE","FT",173762,"DE","M"
2024,"SE","FT",146900,"US","M"
2024,"SE","FT",146900,"US","M"
2024,"SE","FT",146900,"US","M"
2024,"SE","FT",146900,"US","M"
2024,"SE","FT",146900,"US","M"
2024,"SE","FT",146900,"US","M"
2024,"SE","FT",146900,"US","M"
2024,"SE","FT",146900,"US","M"
2024,"SE","FT",146900,"US","M"
2024,"SE","FT",146900,"US","M"
2023,"SE","FT",146900,"US","M"
2023,"SE","FT",146900,"US","M"
2024,"MI","FT",146851,"US","M"
2023,"SE","FT",146850,"US","M"
2023,"SE","FT",146850,"US","M"
2024,"SE","FT",146800,"US","M"
2023,"SE","FT",146600,"US","M"
2023,"SE","FT",146600,"US","M"
2023,"SE","FT",146600,"US","M"
2023,"SE","FT",146600,"US","M"
2024,"SE","FT",146500,"US","M"
2023,"SE","FT",146400,"US","M"
2023,"SE","FT",146300,"US","M"
2024,"SE","FT",146266,"US","M"
2024,"SE","FT",146266,"US","M"
2024,"SE","FT",146266,"US","M"
2024,"SE","FT",146266,"US","M"
2023,"SE","FT",146200,"US","M"
2022,"SE","FT",146200,"US","M"
2023,"SE","FT",146190,"US","M"
2024,"MI","FT",146125,"US","M"
2023,"SE","FT",146115,"US","M"
2024,"MI","FT",146100,"US","M"
2024,"SE","FT",146100,"US","M"
2024,"MI","FT",146100,"US","M"
2023,"MI","FT",146100,"GB","M"
2023,"SE","FT",146100,"GB","M"
2024,"SE","FT",146000,"US","M"
2024,"EN","FT",146000,"US","M"
2024,"MI","FT",146000,"US","M"
2024,"SE","FT",146000,"US","M"
2024,"EN","FT",146000,"US","M"
2024,"SE","FT",146000,"US","M"
2024,"SE","FT",146000,"US","M"
2024,"SE","FT",146000,"US","M"
2024,"SE","FT",146000,"US","M"
2024,"SE","FT",146000,"US","M"
2024,"SE","FT",146000,"US","M"
2024,"SE","FT",146000,"US","M"
2024,"SE","FT",146000,"US","M"
2024,"SE","FT",146000,"US","M"
2024,"SE","FT",146000,"US","M"
2024,"SE","FT",146000,"US","M"
2024,"SE","FT",146000,"US","M"
2024,"SE","FT",146000,"US","M"
2024,"SE","FT",146000,"US","M"
2024,"SE","FT",146000,"US","M"
2024,"SE","FT",146000,"US","M"
2024,"SE","FT",146000,"US","M"
2024,"MI","FT",146000,"CA","M"
2023,"SE","FT",146000,"US","M"
2023,"SE","FT",146000,"US","M"
2023,"EX","FT",146000,"US","M"
2023,"SE","FT",146000,"US","M"
2023,"SE","FT",146000,"US","M"
2023,"SE","FT",146000,"US","M"
2023,"SE","FT",146000,"US","M"
2023,"SE","FT",146000,"US","M"
2023,"MI","FT",146000,"US","M"
2023,"EX","FT",146000,"US","M"
2023,"SE","FT",146000,"CA","M"
2023,"SE","FT",146000,"GB","M"
2023,"SE","FT",146000,"US","M"
2023,"SE","FT",146000,"US","M"
2023,"SE","FT",146000,"US","M"
2023,"SE","FT",146000,"US","M"
2023,"SE","FT",146000,"US","M"
2023,"SE","FT",146000,"US","M"
2023,"SE","FT",146000,"US","M"
2023,"MI","FT",146000,"US","M"
2023,"SE","FT",146000,"US","M"
2023,"MI","FT",146000,"US","M"
2023,"SE","FT",146000,"US","M"
2023,"SE","FT",146000,"US","M"
2023,"SE","FT",146000,"US","M"
2022,"SE","FT",146000,"US","M"
2022,"SE","FT",146000,"US","M"
2022,"SE","FT",146000,"US","M"
2022,"SE","FT",146000,"US","M"
2023,"SE","FT",145900,"US","M"
2023,"SE","FT",145900,"US","M"
2023,"SE","FT",145900,"US","M"
2023,"SE","FT",145900,"US","M"
2023,"SE","FT",145900,"US","M"
2023,"SE","FT",145900,"US","M"
2023,"SE","FT",145900,"US","M"
2023,"SE","FT",145900,"US","M"
2023,"SE","FT",145900,"US","M"
2023,"SE","FT",145900,"US","M"
2023,"SE","FT",145900,"US","M"
2023,"SE","FT",145900,"US","M"
2023,"SE","FT",145900,"US","M"
2023,"SE","FT",145900,"US","M"
2023,"SE","FT",145900,"US","M"
2023,"SE","FT",145900,"CA","M"
2023,"SE","FT",145900,"US","M"
2023,"EN","FT",145885,"US","M"
2023,"SE","FT",145640,"US","M"
2024,"SE","FT",145600,"US","M"
2023,"SE","FT",145600,"US","M"
2024,"MI","FT",145580,"US","M"
2024,"MI","FT",145500,"US","M"
2023,"SE","FT",145500,"US","M"
2024,"SE","FT",145400,"US","M"
2024,"MI","FT",145400,"US","M"
2024,"SE","FT",145400,"US","M"
2024,"SE","FT",145360,"US","M"
2024,"SE","FT",145360,"US","M"
2023,"SE","FT",145300,"US","M"
2022,"SE","FT",145300,"US","M"
2024,"SE","FT",145125,"US","M"
2024,"MI","FT",145100,"US","M"
2024,"SE","FT",145000,"US","M"
2024,"SE","FT",145000,"US","M"
2024,"SE","FT",145000,"US","M"
2024,"MI","FT",145000,"US","M"
2024,"SE","FT",145000,"US","M"
2024,"EN","FT",145000,"US","M"
2024,"SE","FT",145000,"US","M"
2024,"SE","FT",145000,"US","M"
2024,"SE","FT",145000,"US","M"
2024,"SE","FT",145000,"US","M"
2024,"SE","FT",145000,"US","M"
2024,"MI","FT",145000,"US","M"
2024,"SE","FT",145000,"US","M"
2024,"SE","FT",145000,"US","M"
2024,"MI","FT",145000,"US","M"
2024,"SE","FT",145000,"US","M"
2024,"SE","FT",145000,"US","M"
2024,"SE","FT",145000,"US","M"
2024,"SE","FT",145000,"US","M"
2024,"SE","FT",145000,"US","M"
2024,"SE","FT",145000,"US","M"
2024,"MI","FT",145000,"US","M"
2024,"SE","FT",145000,"US","M"
2024,"SE","FT",145000,"US","M"
2024,"SE","FT",145000,"US","M"
2023,"SE","FT",145000,"US","M"
2023,"SE","FT",145000,"US","M"
2023,"SE","FT",145000,"US","M"
2023,"SE","FT",145000,"US","M"
2023,"SE","FT",145000,"US","M"
2023,"SE","FT",145000,"US","M"
2023,"SE","FT",145000,"US","M"
2023,"SE","FT",145000,"US","M"
2023,"SE","FT",145000,"US","M"
2023,"SE","FT",145000,"US","M"
2023,"SE","FT",145000,"US","M"
2023,"EX","FT",145000,"US","M"
2023,"SE","FT",145000,"US","M"
2023,"SE","FT",145000,"US","M"
2023,"SE","FT",145000,"US","M"
2023,"SE","FT",145000,"US","M"
2023,"SE","FT",145000,"US","M"
2023,"SE","FT",145000,"US","M"
2023,"SE","FT",145000,"US","M"
2023,"SE","FT",145000,"US","M"
2023,"SE","FT",145000,"US","M"
2023,"MI","FT",145000,"US","M"
2023,"SE","FT",145000,"US","M"
2023,"SE","FT",145000,"US","M"
2023,"SE","FT",145000,"US","M"
2023,"SE","FT",145000,"US","M"
2023,"SE","FT",145000,"US","M"
2023,"SE","FT",145000,"US","M"
2023,"MI","FT",145000,"US","M"
2023,"MI","FT",145000,"US","M"
2023,"SE","FT",145000,"US","M"
2023,"SE","FT",145000,"US","M"
2023,"SE","FT",145000,"US","M"
2023,"SE","FT",145000,"US","M"
2023,"SE","FT",145000,"US","M"
2023,"SE","FT",145000,"US","M"
2023,"SE","FT",145000,"US","M"
2023,"MI","FT",145000,"US","M"
2023,"SE","FT",145000,"US","M"
2023,"SE","FT",145000,"US","M"
2023,"EX","FT",145000,"US","M"
2023,"SE","FT",145000,"US","M"
2023,"MI","FT",145000,"US","M"
2023,"SE","FT",145000,"US","M"
2023,"SE","FT",145000,"US","M"
2023,"SE","FT",145000,"US","M"
2023,"SE","FT",145000,"US","M"
2023,"SE","FT",145000,"US","M"
2023,"SE","FT",145000,"US","M"
2023,"SE","FT",145000,"US","M"
2023,"MI","FT",145000,"US","M"
2023,"SE","FT",145000,"US","M"
2023,"SE","FT",145000,"US","M"
2023,"SE","FT",145000,"US","M"
2023,"SE","FT",145000,"US","M"
2023,"SE","FT",145000,"US","M"
2023,"SE","FT",145000,"US","M"
2023,"SE","FT",145000,"US","M"
2023,"SE","FT",145000,"US","M"
2023,"SE","FT",145000,"US","M"
2023,"SE","FT",145000,"US","M"
2023,"SE","FT",145000,"US","M"
2023,"SE","FT",145000,"US","M"
2023,"SE","FT",145000,"US","M"
2023,"EX","FT",145000,"US","M"
2023,"SE","FT",145000,"US","M"
2023,"SE","FT",145000,"US","M"
2023,"SE","FT",145000,"US","M"
2023,"SE","FT",145000,"US","M"
2023,"SE","FT",145000,"US","M"
2023,"EN","FT",145000,"US","M"
2023,"SE","FT",145000,"US","M"
2023,"EX","FT",145000,"US","M"
2023,"SE","FT",145000,"US","M"
2023,"SE","FT",145000,"US","M"
2023,"SE","FT",145000,"US","M"
2023,"SE","FT",145000,"US","M"
2023,"SE","FT",145000,"US","M"
2023,"SE","FT",145000,"US","M"
2023,"SE","FT",145000,"US","M"
2023,"EX","FT",145000,"US","M"
2023,"SE","FT",145000,"US","M"
2023,"SE","FT",145000,"US","M"
2023,"SE","FT",145000,"US","M"
2023,"SE","FT",145000,"US","M"
2023,"SE","FT",145000,"US","M"
2023,"EX","FT",145000,"US","M"
2023,"SE","FT",145000,"US","M"
2023,"SE","FT",145000,"US","M"
2023,"SE","FT",145000,"US","M"
2023,"SE","FT",145000,"US","M"
2023,"SE","FT",145000,"US","M"
2023,"EX","FT",145000,"US","M"
2023,"SE","FT",145000,"CA","M"
2023,"SE","FT",145000,"US","M"
2023,"MI","FT",145000,"US","M"
2023,"MI","FT",145000,"US","M"
2023,"MI","FT",145000,"US","M"
2023,"EX","FT",145000,"US","M"
2023,"SE","FT",145000,"US","M"
2023,"MI","FT",145000,"US","M"
2023,"SE","FT",145000,"US","M"
2023,"SE","FT",145000,"US","M"
2023,"SE","FT",145000,"US","M"
2023,"EX","FT",145000,"US","M"
2023,"SE","FT",145000,"US","M"
2023,"SE","FT",145000,"US","M"
2023,"SE","FT",145000,"US","M"
2023,"SE","FT",145000,"US","M"
2023,"SE","FT",145000,"US","M"
2023,"MI","FT",145000,"US","M"
2023,"SE","FT",145000,"US","M"
2023,"SE","FT",145000,"US","M"
2022,"SE","FT",145000,"US","M"
2022,"SE","FT",145000,"US","M"
2022,"SE","FT",145000,"US","M"
2022,"MI","FT",145000,"US","M"
2022,"EX","FT",145000,"US","M"
2022,"SE","FT",145000,"US","M"
2022,"SE","FT",145000,"US","M"
2022,"SE","FT",145000,"US","M"
2022,"SE","FT",145000,"US","M"
2022,"MI","FT",145000,"US","M"
2022,"SE","FT",145000,"US","M"
2022,"SE","FT",145000,"US","M"
2022,"MI","FT",145000,"US","L"
2022,"SE","FT",145000,"US","M"
2022,"SE","FT",145000,"US","M"
2022,"SE","FT",145000,"US","M"
2024,"SE","FT",144900,"US","M"
2023,"SE","FT",144854,"US","M"
2022,"SE","FT",144854,"US","M"
2022,"SE","FT",144854,"US","M"
2023,"SE","FT",144800,"US","M"
2024,"SE","FT",144700,"US","M"
2023,"SE","FT",144700,"US","M"
2024,"MI","FT",144650,"US","M"
2024,"EN","FT",144650,"US","M"
2023,"MI","FT",144628,"US","M"
2024,"SE","FT",144600,"US","M"
2024,"SE","FT",144600,"US","M"
2024,"SE","FT",144600,"US","M"
2024,"SE","FT",144600,"US","M"
2023,"SE","FT",144540,"US","M"
2023,"EX","FT",144540,"GB","M"
2023,"EX","FT",144540,"GB","M"
2024,"SE","FT",144500,"US","M"
2023,"MI","FT",144500,"US","M"
2023,"SE","FT",144500,"US","M"
2023,"MI","FT",144500,"US","M"
2023,"SE","FT",144400,"CA","M"
2023,"SE","FT",144400,"CA","M"
2024,"SE","FT",144300,"US","M"
2024,"SE","FT",144300,"US","M"
2023,"SE","FT",144300,"US","M"
2024,"EX","FT",144200,"US","M"
2024,"SE","FT",144200,"US","M"
2024,"SE","FT",144200,"US","M"
2024,"SE","FT",144200,"US","M"
2024,"EN","FT",144200,"US","M"
2024,"MI","FT",144200,"US","M"
2024,"SE","FT",144200,"US","M"
2023,"MI","FT",144200,"US","M"
2022,"MI","FT",144200,"US","M"
2024,"SE","FT",144138,"US","M"
2023,"SE","FT",144100,"US","M"
2023,"SE","FT",144100,"US","M"
2022,"SE","FT",144100,"US","M"
2022,"MI","FT",144100,"US","M"
2024,"SE","FT",144000,"US","M"
2024,"SE","FT",144000,"US","M"
2024,"EN","FT",144000,"US","M"
2024,"SE","FT",144000,"US","M"
2024,"SE","FT",144000,"US","M"
2024,"SE","FT",144000,"US","M"
2024,"SE","FT",144000,"US","M"
2023,"MI","FT",144000,"US","M"
2023,"SE","FT",144000,"US","M"
2023,"SE","FT",144000,"US","M"
2023,"MI","FT",144000,"US","M"
2023,"MI","FT",144000,"US","M"
2023,"SE","FT",144000,"US","M"
2023,"SE","FT",144000,"US","M"
2023,"SE","FT",144000,"US","M"
2023,"SE","FT",144000,"US","M"
2023,"EN","FT",177177,"GB","L"
2023,"SE","FT",144000,"US","M"
2023,"SE","FT",144000,"CA","M"
2023,"SE","FT",144000,"GB","M"
2023,"SE","FT",144000,"US","M"
2023,"SE","FT",144000,"US","M"
2023,"SE","FT",144000,"US","M"
2022,"SE","FT",144000,"US","M"
2022,"SE","FT",144000,"US","M"
2022,"SE","FT",144000,"US","M"
2022,"SE","FT",144000,"US","L"
2022,"SE","FT",144000,"US","M"
2022,"SE","FT",144000,"US","M"
2022,"SE","FT",144000,"US","L"
2022,"SE","FT",144000,"US","M"
2022,"SE","FT",144000,"US","M"
2022,"SE","FT",144000,"US","M"
2022,"SE","FT",144000,"US","L"
2021,"SE","FT",144000,"US","L"
2023,"MI","FT",143865,"US","M"
2023,"SE","FT",143860,"US","M"
2023,"SE","FT",143860,"US","M"
2023,"SE","FT",143860,"US","M"
2023,"SE","FT",143860,"US","M"
2024,"SE","FT",143800,"US","M"
2024,"SE","FT",143800,"US","M"
2023,"SE","FT",143800,"US","M"
2023,"SE","FT",143750,"US","M"
2024,"SE","FT",143706,"US","M"
2023,"SE","FT",143520,"US","M"
2024,"SE","FT",143500,"US","M"
2023,"SE","FT",143370,"US","M"
2024,"EX","FT",143297,"CA","M"
2023,"SE","FT",143250,"US","M"
2023,"SE","FT",143200,"GB","M"
2023,"SE","FT",143200,"US","M"
2023,"SE","FT",143100,"CA","M"
2023,"SE","FT",143060,"US","M"
2024,"SE","FT",143000,"US","M"
2024,"MI","FT",143000,"US","M"
2024,"MI","FT",143000,"US","M"
2024,"SE","FT",143000,"US","M"
2024,"SE","FT",143000,"US","M"
2024,"SE","FT",143000,"US","M"
2023,"SE","FT",143000,"US","M"
2023,"SE","FT",143000,"US","M"
2023,"SE","FT",143000,"US","M"
2023,"SE","FT",143000,"CA","M"
2023,"SE","FT",143000,"CA","M"
2023,"MI","FT",143000,"US","M"
2023,"SE","FT",143000,"US","M"
2023,"MI","FT",143000,"US","M"
2023,"SE","FT",143000,"US","M"
2023,"SE","FT",143000,"US","M"
2023,"SE","FT",143000,"US","M"
2023,"SE","FT",143000,"CA","M"
2023,"SE","FT",143000,"US","M"
2023,"SE","FT",143000,"US","M"
2023,"MI","FT",143000,"US","M"
2023,"SE","FT",143000,"US","M"
2023,"SE","FT",142880,"US","M"
2022,"SE","FT",142800,"US","M"
2023,"SE","FT",142600,"US","M"
2023,"SE","FT",142600,"US","M"
2023,"SE","FT",142600,"US","M"
2024,"MI","FT",142500,"US","M"
2024,"MI","FT",142500,"US","M"
2024,"SE","FT",142500,"AU","M"
2023,"SE","FT",142500,"US","M"
2023,"MI","FT",142500,"AU","M"
2023,"SE","FT",142436,"GB","M"
2023,"SE","FT",142400,"US","M"
2024,"SE","FT",142352,"US","M"
2023,"SE","FT",142352,"US","M"
2023,"SE","FT",142352,"US","M"
2023,"SE","FT",142300,"US","M"
2023,"SE","FT",142200,"US","M"
2023,"SE","FT",142200,"US","M"
2023,"MI","FT",142200,"US","M"
2023,"MI","FT",142200,"US","M"
2023,"SE","FT",142200,"US","M"
2023,"MI","FT",142200,"US","M"
2023,"SE","FT",142200,"US","M"
2023,"SE","FT",142200,"US","M"
2023,"SE","FT",142200,"US","M"
2023,"SE","FT",142200,"US","M"
2023,"SE","FT",142200,"US","M"
2023,"SE","FT",142200,"US","M"
2023,"MI","FT",142200,"US","M"
2023,"SE","FT",142200,"US","M"
2023,"MI","FT",142200,"US","M"
2023,"MI","FT",142200,"US","M"
2023,"SE","FT",142200,"US","M"
2023,"SE","FT",142200,"US","M"
2023,"SE","FT",142200,"US","M"
2023,"SE","FT",142200,"CA","M"
2023,"SE","FT",142200,"US","M"
2023,"SE","FT",142200,"US","M"
2023,"MI","FT",142200,"US","M"
2023,"SE","FT",142200,"CA","M"
2023,"MI","FT",142200,"US","M"
2023,"SE","FT",142200,"US","M"
2023,"SE","FT",142200,"US","M"
2023,"SE","FT",142200,"US","M"
2023,"SE","FT",142200,"US","M"
2023,"SE","FT",142200,"US","M"
2023,"SE","FT",142200,"US","M"
2023,"SE","FT",142200,"US","M"
2023,"SE","FT",142200,"US","M"
2023,"SE","FT",142200,"US","M"
2023,"SE","FT",142200,"US","M"
2023,"SE","FT",142200,"US","M"
2023,"SE","FT",142200,"US","M"
2023,"SE","FT",142200,"US","M"
2023,"SE","FT",142200,"US","M"
2023,"SE","FT",142200,"US","M"
2023,"SE","FT",142200,"US","M"
2023,"SE","FT",142200,"US","M"
2023,"SE","FT",142200,"US","M"
2023,"SE","FT",142200,"US","M"
2023,"SE","FT",142200,"US","M"
2023,"SE","FT",142200,"US","M"
2023,"SE","FT",142200,"US","M"
2023,"SE","FT",142200,"US","M"
2023,"SE","FT",142200,"DE","M"
2023,"EX","FT",142200,"US","M"
2023,"SE","FT",142200,"US","M"
2023,"SE","FT",142200,"US","M"
2023,"SE","FT",142200,"US","M"
2023,"SE","FT",142200,"US","M"
2023,"SE","FT",142200,"US","M"
2023,"SE","FT",142200,"US","M"
2023,"SE","FT",142200,"US","M"
2023,"SE","FT",142200,"US","M"
2023,"SE","FT",142200,"US","M"
2022,"SE","FT",142200,"US","M"
2022,"SE","FT",142200,"US","M"
2022,"SE","FT",142200,"US","M"
2022,"SE","FT",142200,"US","M"
2022,"SE","FT",142200,"US","M"
2022,"SE","FT",142200,"US","M"
2022,"SE","FT",142127,"US","M"
2024,"MI","FT",142100,"US","M"
2024,"MI","FT",142002,"US","M"
2024,"SE","FT",142000,"US","M"
2024,"SE","FT",142000,"US","M"
2024,"MI","FT",142000,"CA","M"
2024,"SE","FT",142000,"US","M"
2024,"EN","FT",142000,"US","M"
2023,"MI","FT",142000,"US","M"
2023,"SE","FT",142000,"US","M"
2023,"SE","FT",142000,"US","M"
2023,"MI","FT",142000,"CA","M"
2023,"MI","FT",142000,"US","M"
2023,"SE","FT",142000,"US","M"
2023,"SE","FT",142000,"US","M"
2023,"MI","FT",142000,"US","M"
2023,"SE","FT",142000,"US","M"
2023,"SE","FT",142000,"US","M"
2023,"SE","FT",142000,"US","M"
2023,"SE","FT",142000,"US","M"
2023,"SE","FT",142000,"US","M"
2023,"SE","FT",142000,"US","M"
2023,"SE","FT",142000,"US","M"
2023,"SE","FT",142000,"US","M"
2023,"SE","FT",142000,"US","M"
2023,"SE","FT",142000,"US","M"
2023,"SE","FT",142000,"US","S"
2023,"SE","FT",142000,"US","M"
2023,"SE","FT",142000,"US","M"
2023,"SE","FT",142000,"US","M"
2023,"SE","FT",142000,"US","M"
2022,"SE","FT",142000,"US","M"
2024,"SE","FT",141800,"US","M"
2023,"SE","FT",141600,"US","M"
2023,"MI","FT",141600,"US","M"
2023,"SE","FT",141600,"US","M"
2023,"SE","FT",141600,"US","M"
2022,"SE","FT",141525,"US","M"
2022,"SE","FT",141525,"US","M"
2022,"SE","FT",141525,"US","M"
2022,"SE","FT",141525,"US","M"
2022,"SE","FT",141525,"US","M"
2022,"SE","FT",141525,"US","M"
2022,"SE","FT",141525,"US","M"
2022,"SE","FT",141525,"US","M"
2022,"SE","FT",141525,"US","M"
2022,"SE","FT",141525,"US","M"
2022,"SE","FT",141525,"US","M"
2022,"SE","FT",141525,"US","M"
2022,"SE","FT",141525,"US","M"
2022,"SE","FT",141525,"US","M"
2022,"SE","FT",141525,"US","M"
2022,"SE","FT",141525,"US","M"
2022,"SE","FT",141525,"US","M"
2022,"SE","FT",141525,"US","M"
2022,"SE","FT",141525,"US","M"
2022,"SE","FT",141525,"US","M"
2022,"SE","FT",141525,"US","M"
2022,"SE","FT",141525,"US","M"
2022,"SE","FT",141525,"US","M"
2024,"SE","FT",141375,"US","M"
2024,"SE","FT",141300,"US","M"
2024,"SE","FT",141300,"US","M"
2024,"MI","FT",141300,"US","M"
2024,"SE","FT",141300,"US","M"
2024,"SE","FT",141300,"US","M"
2024,"SE","FT",141300,"US","M"
2023,"SE","FT",141300,"US","M"
2022,"SE","FT",141300,"US","M"
2022,"SE","FT",141300,"US","M"
2022,"SE","FT",141300,"US","M"
2022,"MI","FT",141300,"US","M"
2023,"SE","FT",141298,"US","M"
2023,"SE","FT",141298,"US","M"
2023,"SE","FT",141290,"US","M"
2023,"SE","FT",141288,"US","M"
2023,"EN","FT",141100,"US","M"
2023,"SE","FT",141100,"US","M"
2024,"SE","FT",141000,"US","M"
2024,"SE","FT",141000,"US","M"
2024,"SE","FT",141000,"US","M"
2023,"SE","FT",141000,"US","M"
2023,"SE","FT",141000,"US","M"
2023,"SE","FT",141000,"US","M"
2023,"SE","FT",141000,"US","M"
2023,"SE","FT",141000,"US","M"
2023,"SE","FT",141000,"US","M"
2023,"SE","FT",141000,"CA","M"
2024,"MI","FT",140900,"US","M"
2023,"SE","FT",140900,"US","M"
2023,"SE","FT",140800,"US","M"
2024,"SE","FT",140726,"US","M"
2023,"SE","FT",140700,"US","M"
2022,"SE","FT",140700,"US","M"
2023,"SE","FT",140544,"US","M"
2024,"MI","FT",140400,"US","M"
2024,"MI","FT",140400,"US","M"
2023,"SE","FT",140400,"US","M"
2023,"MI","FT",27568,"BR","L"
2022,"SE","FT",140400,"US","L"
2022,"SE","FT",140400,"US","L"
2022,"SE","FT",140400,"US","M"
2024,"SE","FT",140300,"US","M"
2024,"SE","FT",140250,"US","M"
2024,"MI","FT",140250,"US","M"
2024,"SE","FT",140250,"US","M"
2024,"MI","FT",140250,"US","M"
2024,"MI","FT",140250,"US","M"
2024,"SE","FT",140250,"US","M"
2023,"SE","FT",140250,"US","M"
2022,"EN","FT",140250,"US","M"
2022,"SE","FT",140250,"US","M"
2022,"SE","FT",140250,"US","M"
2024,"SE","FT",140130,"US","M"
2023,"SE","FT",140130,"US","M"
2023,"SE","FT",140130,"US","M"
2023,"SE","FT",140130,"US","M"
2023,"SE","FT",140130,"US","M"
2024,"SE","FT",140100,"US","M"
2023,"SE","FT",140100,"US","M"
2023,"EX","FT",140100,"US","L"
2023,"SE","FT",140100,"US","L"
2023,"SE","FT",140100,"US","M"
2023,"SE","FT",140100,"US","M"
2023,"SE","FT",140100,"US","M"
2023,"SE","FT",140100,"US","M"
2023,"SE","FT",140100,"US","M"
2023,"SE","FT",140100,"US","M"
2023,"SE","FT",140100,"US","M"
2023,"SE","FT",140100,"US","M"
2023,"SE","FT",140100,"US","M"
2023,"SE","FT",140100,"US","M"
2023,"SE","FT",140100,"US","M"
2023,"SE","FT",140100,"US","M"
2023,"SE","FT",140100,"US","M"
2023,"SE","FT",140100,"US","M"
2023,"SE","FT",140100,"US","M"
2023,"SE","FT",140100,"US","M"
2023,"SE","FT",140100,"US","M"
2023,"SE","FT",140100,"US","M"
2023,"SE","FT",140100,"US","M"
2022,"SE","FT",140100,"US","L"
2024,"SE","FT",140032,"US","M"
2024,"MI","FT",140025,"US","M"
2024,"MI","FT",140000,"US","M"
2024,"MI","FT",140000,"CA","M"
2024,"EN","FT",140000,"US","M"
2024,"EN","FT",140000,"US","M"
2024,"SE","FT",140000,"US","M"
2024,"SE","FT",140000,"US","M"
2024,"SE","FT",140000,"US","M"
2024,"MI","FT",140000,"US","M"
2024,"SE","FT",140000,"US","M"
2024,"SE","FT",140000,"US","M"
2024,"EN","FT",140000,"US","M"
2024,"SE","FT",140000,"CA","M"
2024,"MI","FT",140000,"US","M"
2024,"MI","FT",140000,"US","M"
2024,"MI","FT",140000,"US","M"
2024,"SE","FT",140000,"US","M"
2024,"SE","FT",140000,"US","M"
2024,"MI","FT",140000,"US","M"
2024,"SE","FT",140000,"US","M"
2024,"MI","FT",140000,"US","M"
2024,"SE","FT",140000,"US","M"
2024,"EN","FT",140000,"US","M"
2024,"EN","FT",140000,"US","M"
2024,"MI","FT",140000,"US","M"
2024,"SE","FT",140000,"US","M"
2024,"MI","FT",140000,"US","M"
2024,"SE","FT",140000,"US","M"
2024,"SE","FT",140000,"US","M"
2024,"MI","FT",140000,"US","M"
2024,"SE","FT",140000,"US","M"
2024,"SE","FT",140000,"US","M"
2024,"SE","FT",140000,"US","M"
2024,"MI","FT",140000,"US","M"
2024,"SE","FT",140000,"US","M"
2024,"SE","FT",140000,"US","M"
2024,"SE","FT",140000,"US","M"
2024,"SE","FT",140000,"US","M"
2024,"SE","FT",140000,"US","M"
2024,"MI","FT",140000,"US","M"
2024,"SE","FT",140000,"US","M"
2024,"SE","FT",140000,"US","M"
2024,"MI","FT",140000,"US","M"
2024,"MI","FT",140000,"US","M"
2024,"SE","FT",140000,"CA","M"
2024,"MI","FT",140000,"US","M"
2024,"SE","FT",140000,"US","M"
2024,"SE","FT",140000,"US","M"
2024,"SE","FT",140000,"US","M"
2024,"SE","FT",140000,"US","M"
2024,"MI","FT",140000,"US","M"
2024,"MI","FT",140000,"US","M"
2024,"SE","FT",140000,"US","M"
2024,"SE","FT",140000,"US","M"
2024,"SE","FT",140000,"US","M"
2024,"MI","FT",140000,"US","M"
2024,"MI","FT",140000,"US","M"
2024,"SE","FT",140000,"US","M"
2024,"MI","FT",140000,"US","M"
2024,"SE","FT",140000,"US","M"
2024,"SE","FT",140000,"US","M"
2024,"SE","FT",140000,"US","M"
2024,"SE","FT",140000,"US","M"
2024,"SE","FT",140000,"CA","M"
2024,"SE","FT",175000,"GB","M"
2024,"MI","FT",140000,"US","M"
2024,"SE","FT",140000,"CA","M"
2024,"SE","FT",140000,"US","M"
2024,"SE","FT",140000,"US","M"
2024,"SE","FT",140000,"US","M"
2024,"EN","FT",140000,"US","M"
2024,"MI","FT",140000,"US","M"
2024,"SE","FT",140000,"US","M"
2024,"SE","FT",140000,"US","M"
2023,"SE","FT",140000,"US","M"
2023,"SE","FT",140000,"US","M"
2023,"MI","FT",140000,"US","M"
2023,"MI","FT",140000,"US","M"
2023,"SE","FT",140000,"US","M"
2023,"SE","FT",140000,"US","M"
2023,"SE","FT",140000,"US","M"
2023,"SE","FT",140000,"US","M"
2023,"SE","FT",140000,"US","M"
2023,"SE","FT",140000,"US","M"
2023,"SE","FT",140000,"US","M"
2023,"MI","FT",140000,"US","M"
2023,"SE","FT",140000,"US","M"
2023,"SE","FT",140000,"US","M"
2023,"SE","FT",140000,"US","M"
2023,"SE","FT",140000,"US","M"
2023,"MI","FT",140000,"US","M"
2023,"SE","FT",172256,"GB","M"
2023,"SE","FT",140000,"US","M"
2023,"MI","FT",140000,"US","M"
2023,"SE","FT",140000,"US","M"
2023,"MI","FT",140000,"US","M"
2023,"SE","FT",172256,"GB","M"
2023,"SE","FT",140000,"US","M"
2023,"MI","FT",140000,"US","M"
2023,"SE","FT",140000,"US","M"
2023,"SE","FT",140000,"US","M"
2023,"SE","FT",140000,"US","M"
2023,"SE","FT",140000,"US","M"
2023,"SE","FT",140000,"US","M"
2023,"SE","FT",140000,"US","M"
2023,"SE","FT",140000,"US","M"
2023,"SE","FT",140000,"US","M"
2023,"SE","FT",140000,"US","M"
2023,"SE","FT",140000,"US","M"
2023,"SE","FT",140000,"US","M"
2023,"SE","FT",140000,"US","M"
2023,"SE","FT",140000,"US","M"
2023,"SE","FT",140000,"US","M"
2023,"SE","FT",140000,"US","M"
2023,"SE","FT",140000,"US","M"
2023,"MI","FT",140000,"US","M"
2023,"EX","FT",140000,"US","M"
2023,"SE","FT",172256,"GB","M"
2023,"SE","FT",140000,"US","M"
2023,"SE","FT",140000,"US","M"
2023,"MI","FT",140000,"US","M"
2023,"SE","FT",140000,"US","M"
2023,"SE","FT",140000,"US","M"
2023,"SE","FT",140000,"US","M"
2023,"SE","FT",140000,"US","M"
2023,"SE","FT",140000,"US","M"
2023,"MI","FT",140000,"US","M"
2023,"MI","FT",140000,"US","S"
2023,"EN","FT",140000,"US","M"
2023,"SE","FT",140000,"US","M"
2023,"MI","FT",140000,"US","M"
2023,"MI","FT",140000,"US","M"
2023,"SE","FT",140000,"US","M"
2023,"MI","FT",140000,"US","M"
2023,"SE","FT",140000,"US","M"
2023,"SE","FT",140000,"US","M"
2023,"SE","FT",140000,"US","M"
2023,"SE","FT",140000,"US","M"
2023,"MI","FT",140000,"US","M"
2023,"SE","FT",140000,"US","M"
2023,"MI","FT",140000,"US","M"
2023,"SE","FT",140000,"US","M"
2023,"SE","FT",140000,"US","M"
2023,"SE","FT",140000,"US","M"
2023,"SE","FT",140000,"CA","M"
2023,"SE","FT",140000,"US","M"
2023,"SE","FT",140000,"US","M"
2023,"SE","FT",140000,"CA","M"
2023,"MI","FT",140000,"US","S"
2023,"SE","FT",140000,"US","M"
2023,"SE","FT",140000,"US","M"
2023,"SE","FT",140000,"US","M"
2023,"SE","FT",140000,"US","M"
2023,"SE","FT",140000,"US","M"
2023,"SE","FT",140000,"US","M"
2023,"SE","FT",140000,"US","M"
2023,"SE","FT",140000,"US","M"
2023,"SE","FT",140000,"US","M"
2023,"SE","FT",140000,"US","M"
2023,"SE","FT",140000,"US","M"
2023,"SE","FT",140000,"US","M"
2023,"SE","FT",140000,"US","M"
2023,"SE","FT",140000,"US","M"
2023,"SE","FT",140000,"US","M"
2023,"SE","FT",140000,"GB","M"
2023,"SE","FT",140000,"CA","M"
2023,"SE","FT",140000,"CA","M"
2023,"SE","FT",140000,"US","M"
2023,"SE","FT",140000,"US","M"
2023,"MI","FT",140000,"US","M"
2023,"SE","FT",140000,"US","M"
2023,"MI","FT",140000,"US","M"
2023,"SE","FT",140000,"US","M"
2023,"SE","FT",140000,"US","M"
2023,"MI","FT",140000,"US","M"
2023,"SE","FT",140000,"US","M"
2023,"MI","FT",140000,"US","M"
2023,"SE","FT",140000,"US","M"
2023,"SE","FT",140000,"US","M"
2023,"SE","FT",140000,"US","M"
2023,"SE","FT",140000,"US","M"
2023,"SE","FT",140000,"US","M"
2023,"SE","FT",140000,"US","M"
2023,"MI","FT",140000,"US","M"
2023,"MI","FT",140000,"US","M"
2023,"SE","FT",140000,"US","M"
2023,"MI","FT",140000,"US","M"
2023,"SE","FT",140000,"US","M"
2023,"MI","FT",140000,"US","M"
2023,"SE","FT",140000,"US","M"
2023,"SE","FT",140000,"US","M"
2023,"SE","FT",140000,"US","M"
2023,"MI","FT",140000,"US","M"
2023,"MI","FT",140000,"US","M"
2023,"SE","FT",140000,"US","M"
2023,"SE","FT",140000,"US","M"
2023,"MI","FT",140000,"US","M"
2023,"SE","FT",140000,"US","M"
2023,"SE","FT",140000,"US","M"
2023,"SE","FT",140000,"US","M"
2023,"SE","FT",140000,"US","M"
2023,"EX","FT",140000,"US","M"
2023,"SE","FT",140000,"US","M"
2023,"SE","FT",140000,"US","M"
2023,"SE","FT",140000,"US","M"
2023,"SE","FT",140000,"US","M"
2023,"SE","FT",140000,"US","M"
2023,"SE","FT",140000,"US","M"
2023,"MI","FT",140000,"US","M"
2023,"SE","FT",140000,"US","M"
2023,"SE","FT",140000,"US","M"
2023,"SE","FT",140000,"US","M"
2023,"SE","FT",140000,"US","M"
2022,"SE","FT",140000,"US","M"
2022,"SE","FT",140000,"US","M"
2022,"SE","FT",140000,"US","M"
2022,"SE","FT",140000,"US","M"
2022,"SE","FT",140000,"US","M"
2022,"SE","FT",140000,"US","M"
2022,"SE","FT",140000,"US","M"
2022,"MI","FT",140000,"US","M"
2022,"SE","FT",140000,"US","M"
2022,"SE","FT",140000,"US","M"
2022,"SE","FT",140000,"CA","M"
2022,"SE","FT",140000,"US","M"
2022,"SE","FT",140000,"US","M"
2022,"SE","FT",140000,"US","M"
2022,"MI","FT",140000,"US","M"
2022,"SE","FT",140000,"US","M"
2022,"SE","FT",140000,"US","L"
2022,"SE","FT",140000,"US","M"
2022,"SE","FT",140000,"US","M"
2022,"SE","FT",140000,"US","M"
2022,"SE","FT",140000,"US","M"
2022,"SE","FT",140000,"US","M"
2022,"SE","FT",140000,"US","M"
2022,"MI","FT",172386,"GB","M"
2021,"MI","FT",140000,"US","L"
2021,"SE","FT",140000,"US","L"
2022,"SE","FT",139860,"US","M"
2024,"SE","FT",139810,"US","M"
2023,"SE","FT",139810,"US","M"
2023,"SE","FT",139810,"US","M"
2024,"SE","FT",139800,"US","M"
2024,"SE","FT",139800,"US","M"
2024,"SE","FT",139800,"US","M"
2023,"SE","FT",139750,"US","M"
2024,"SE","FT",139700,"US","M"
2024,"SE","FT",139700,"US","M"
2023,"SE","FT",139700,"US","M"
2023,"SE","FT",139700,"US","M"
2023,"SE","FT",139700,"US","M"
2023,"SE","FT",139700,"US","M"
2023,"SE","FT",139700,"US","M"
2023,"SE","FT",139700,"US","M"
2023,"SE","FT",139700,"US","M"
2023,"SE","FT",139700,"US","M"
2023,"SE","FT",139700,"US","M"
2023,"SE","FT",139700,"US","M"
2023,"SE","FT",139700,"US","M"
2023,"SE","FT",139700,"US","M"
2023,"SE","FT",139700,"US","M"
2023,"SE","FT",139700,"US","M"
2024,"SE","FT",139600,"US","M"
2023,"SE","FT",139600,"US","M"
2023,"SE","FT",139600,"US","M"
2023,"SE","FT",139600,"US","M"
2022,"SE","FT",139600,"US","M"
2024,"SE","FT",139500,"US","M"
2024,"SE","FT",139500,"US","M"
2023,"SE","FT",139500,"US","M"
2023,"SE","FT",139500,"US","M"
2023,"SE","FT",139500,"US","M"
2023,"SE","FT",139500,"US","M"
2023,"SE","FT",139500,"US","M"
2023,"SE","FT",139500,"US","M"
2023,"SE","FT",139500,"US","M"
2023,"SE","FT",139500,"US","M"
2023,"SE","FT",139500,"US","M"
2023,"SE","FT",139500,"US","M"
2023,"SE","FT",139500,"US","M"
2023,"SE","FT",139500,"US","M"
2023,"SE","FT",139500,"US","M"
2023,"SE","FT",139500,"US","M"
2023,"SE","FT",139500,"US","M"
2023,"SE","FT",139500,"US","M"
2023,"SE","FT",139500,"US","M"
2023,"SE","FT",139400,"US","M"
2023,"SE","FT",139400,"US","M"
2023,"SE","FT",139400,"US","M"
2023,"SE","FT",139400,"US","M"
2023,"SE","FT",139400,"US","M"
2023,"SE","FT",139400,"US","M"
2023,"SE","FT",139400,"US","M"
2023,"SE","FT",139200,"US","M"
2023,"MI","FT",139152,"US","L"
2024,"SE","FT",139000,"US","M"
2024,"SE","FT",139000,"US","M"
2024,"SE","FT",139000,"US","M"
2024,"SE","FT",139000,"US","M"
2024,"SE","FT",139000,"US","M"
2024,"SE","FT",139000,"US","M"
2024,"MI","FT",139000,"US","M"
2024,"SE","FT",139000,"US","M"
2024,"SE","FT",139000,"US","M"
2024,"SE","FT",139000,"US","M"
2023,"SE","FT",139000,"US","M"
2023,"SE","FT",139000,"US","M"
2023,"SE","FT",139000,"US","M"
2023,"SE","FT",139000,"US","M"
2023,"SE","FT",139000,"US","M"
2023,"SE","FT",139000,"US","M"
2023,"SE","FT",139000,"US","M"
2023,"SE","FT",139000,"US","M"
2023,"SE","FT",139000,"US","M"
2023,"SE","FT",139000,"US","M"
2023,"SE","FT",139000,"US","M"
2023,"SE","FT",139000,"US","M"
2023,"SE","FT",139000,"US","M"
2023,"SE","FT",139000,"US","M"
2022,"SE","FT",139000,"US","M"
2022,"SE","FT",138938,"US","M"
2023,"SE","FT",138900,"US","M"
2023,"SE","FT",138900,"US","M"
2023,"SE","FT",138900,"US","M"
2023,"SE","FT",138900,"US","M"
2023,"MI","FT",138900,"US","M"
2023,"SE","FT",138900,"US","M"
2023,"SE","FT",138900,"US","M"
2023,"SE","FT",138900,"US","M"
2023,"SE","FT",138900,"US","M"
2023,"SE","FT",138900,"US","M"
2023,"SE","FT",138860,"US","M"
2023,"SE","FT",138860,"US","M"
2023,"SE","FT",138860,"US","M"
2024,"SE","FT",138800,"US","M"
2023,"SE","FT",138800,"US","M"
2023,"SE","FT",138800,"US","M"
2023,"SE","FT",138800,"US","M"
2023,"SE","FT",138800,"US","M"
2023,"SE","FT",138784,"US","M"
2023,"SE","FT",138750,"US","M"
2023,"SE","FT",138750,"US","M"
2023,"SE","FT",138750,"US","M"
2023,"SE","FT",138750,"US","M"
2023,"SE","FT",138750,"US","M"
2023,"SE","FT",138750,"US","M"
2022,"SE","FT",138750,"US","M"
2022,"SE","FT",138750,"US","M"
2022,"SE","FT",138750,"US","M"
2022,"SE","FT",138750,"US","M"
2023,"MI","FT",138700,"US","M"
2023,"SE","FT",138700,"US","M"
2023,"SE","FT",138700,"US","M"
2023,"SE","FT",138600,"US","M"
2022,"SE","FT",138600,"US","M"
2023,"MI","FT",138510,"US","M"
2023,"MI","FT",138510,"US","M"
2024,"SE","FT",138500,"CA","M"
2024,"MI","FT",138500,"US","M"
2024,"EN","FT",138500,"US","M"
2024,"MI","FT",138400,"US","M"
2024,"SE","FT",138400,"US","M"
2020,"MI","FT",138350,"US","M"
2023,"SE","FT",138300,"US","M"
2024,"MI","FT",138278,"US","M"
2023,"SE","FT",138240,"US","M"
2023,"SE","FT",138240,"US","M"
2023,"SE","FT",138240,"US","M"
2024,"EN","FT",138200,"US","M"
2024,"SE","FT",138000,"US","M"
2024,"SE","FT",138000,"US","M"
2024,"SE","FT",138000,"US","M"
2024,"MI","FT",138000,"US","M"
2024,"SE","FT",138000,"US","M"
2024,"SE","FT",138000,"US","M"
2024,"MI","FT",138000,"US","M"
2024,"SE","FT",138000,"US","M"
2024,"MI","FT",138000,"US","M"
2024,"MI","FT",138000,"US","M"
2024,"MI","FT",138000,"US","M"
2024,"MI","FT",138000,"US","M"
2024,"EN","FT",138000,"US","M"
2024,"SE","FT",138000,"US","M"
2024,"SE","FT",138000,"US","M"
2024,"SE","FT",138000,"US","M"
2024,"SE","FT",138000,"US","M"
2024,"MI","FT",138000,"US","M"
2024,"SE","FT",138000,"US","M"
2024,"SE","FT",138000,"US","M"
2023,"MI","FT",138000,"US","M"
2023,"SE","FT",138000,"US","M"
2023,"SE","FT",138000,"US","M"
2023,"SE","FT",138000,"US","M"
2023,"SE","FT",138000,"US","M"
2023,"MI","FT",138000,"US","M"
2023,"SE","FT",138000,"US","M"
2023,"SE","FT",138000,"GB","M"
2023,"SE","FT",138000,"US","M"
2023,"SE","FT",138000,"US","M"
2023,"SE","FT",138000,"US","M"
2023,"SE","FT",138000,"US","M"
2023,"SE","FT",138000,"US","M"
2023,"SE","FT",138000,"GB","M"
2023,"SE","FT",138000,"US","M"
2020,"EN","FT",138000,"US","S"
2024,"SE","FT",137930,"CA","M"
2024,"MI","FT",137930,"CA","M"
2024,"SE","FT",137900,"US","M"
2024,"SE","FT",137871,"US","M"
2023,"MI","FT",137700,"US","M"
2024,"SE","FT",137500,"US","M"
2024,"SE","FT",137500,"US","M"
2024,"MI","FT",137500,"US","M"
2024,"SE","FT",137500,"US","M"
2024,"SE","FT",137500,"US","M"
2024,"SE","FT",137500,"US","M"
2024,"SE","FT",137500,"GB","M"
2024,"SE","FT",137500,"US","M"
2024,"MI","FT",137500,"US","M"
2024,"SE","FT",137500,"US","M"
2024,"SE","FT",137500,"US","M"
2024,"MI","FT",137500,"US","M"
2023,"MI","FT",137500,"US","M"
2023,"SE","FT",137500,"US","M"
2023,"SE","FT",137500,"US","M"
2023,"SE","FT",137500,"US","M"
2023,"EN","FT",137500,"US","M"
2023,"SE","FT",137500,"US","M"
2023,"SE","FT",137500,"US","M"
2023,"SE","FT",137500,"US","M"
2023,"SE","FT",137500,"US","M"
2023,"SE","FT",137500,"US","M"
2023,"SE","FT",137500,"US","M"
2023,"SE","FT",137500,"US","M"
2022,"SE","FT",137400,"CA","M"
2023,"SE","FT",137300,"US","M"
2023,"SE","FT",137200,"US","M"
2022,"SE","FT",137141,"US","M"
2024,"EN","FT",137100,"US","M"
2024,"SE","FT",137000,"US","M"
2024,"SE","FT",137000,"US","M"
2024,"MI","FT",137000,"US","M"
2024,"SE","FT",137000,"US","M"
2024,"SE","FT",137000,"US","M"
2023,"SE","FT",137000,"US","M"
2023,"SE","FT",137000,"US","M"
2023,"SE","FT",137000,"US","M"
2022,"MI","FT",105236,"CA","L"
2023,"SE","FT",136994,"US","M"
2022,"SE","FT",136994,"US","M"
2022,"SE","FT",136994,"US","M"
2023,"SE","FT",136850,"US","M"
2023,"SE","FT",136800,"US","M"
2023,"SE","FT",136743,"US","M"
2023,"SE","FT",136742,"US","M"
2024,"SE","FT",136675,"US","M"
2022,"SE","FT",136620,"US","M"
2023,"SE","FT",136600,"US","M"
2022,"SE","FT",136600,"US","M"
2023,"SE","FT",136505,"US","M"
2024,"SE","FT",136500,"US","M"
2023,"MI","FT",136500,"US","M"
2023,"SE","FT",136500,"US","M"
2024,"SE","FT",136420,"NZ","M"
2024,"SE","FT",136300,"US","M"
2023,"SE","FT",136300,"GB","M"
2022,"SE","FT",136260,"US","M"
2024,"SE","FT",136197,"US","M"
2022,"SE","FT",136100,"US","M"
2024,"SE","FT",136000,"US","L"
2024,"SE","FT",136000,"US","L"
2024,"MI","FT",136000,"US","L"
2024,"SE","FT",136000,"US","M"
2024,"EX","FT",136000,"US","M"
2024,"SE","FT",136000,"US","M"
2024,"MI","FT",136000,"US","M"
2024,"MI","FT",136000,"US","L"
2024,"SE","FT",136000,"US","M"
2024,"SE","FT",136000,"US","M"
2024,"MI","FT",136000,"US","M"
2024,"SE","FT",136000,"US","M"
2024,"MI","FT",136000,"US","L"
2024,"MI","FT",136000,"US","L"
2024,"MI","FT",136000,"US","M"
2024,"SE","FT",136000,"US","L"
2024,"MI","FT",136000,"US","L"
2024,"MI","FT",136000,"US","L"
2024,"SE","FT",136000,"US","L"
2024,"SE","FT",136000,"US","L"
2024,"MI","FT",136000,"US","L"
2024,"MI","FT",136000,"US","L"
2024,"SE","FT",136000,"US","L"
2024,"MI","FT",136000,"US","L"
2024,"SE","FT",136000,"US","L"
2024,"MI","FT",136000,"US","L"
2024,"MI","FT",136000,"US","L"
2024,"SE","FT",136000,"US","M"
2024,"SE","FT",136000,"US","M"
2024,"SE","FT",136000,"US","M"
2024,"MI","FT",136000,"US","M"
2024,"EX","FT",136000,"US","M"
2024,"MI","FT",136000,"US","L"
2024,"MI","FT",136000,"US","L"
2024,"SE","FT",136000,"US","L"
2024,"MI","FT",136000,"US","L"
2024,"SE","FT",136000,"US","L"
2024,"EX","FT",136000,"US","M"
2024,"MI","FT",136000,"US","L"
2024,"SE","FT",136000,"US","L"
2024,"MI","FT",136000,"US","L"
2024,"EX","FT",136000,"US","M"
2023,"MI","FT",136000,"US","L"
2023,"MI","FT",136000,"US","L"
2023,"MI","FT",136000,"US","L"
2023,"SE","FT",100758,"CA","M"
2023,"SE","FT",136000,"US","L"
2023,"SE","FT",136000,"US","L"
2023,"MI","FT",136000,"US","L"
2023,"MI","FT",136000,"US","L"
2023,"MI","FT",136000,"US","L"
2023,"MI","FT",136000,"US","L"
2023,"MI","FT",136000,"US","L"
2023,"EX","FT",136000,"US","M"
2023,"SE","FT",136000,"US","L"
2023,"SE","FT",136000,"US","L"
2023,"MI","FT",136000,"US","L"
2023,"MI","FT",136000,"US","M"
2023,"SE","FT",136000,"US","L"
2023,"SE","FT",136000,"US","L"
2023,"SE","FT",136000,"US","L"
2023,"SE","FT",136000,"US","L"
2023,"SE","FT",136000,"US","L"
2023,"SE","FT",136000,"US","L"
2023,"SE","FT",136000,"US","M"
2023,"SE","FT",136000,"US","L"
2023,"SE","FT",136000,"US","M"
2023,"SE","FT",136000,"US","L"
2023,"SE","FT",136000,"US","L"
2023,"SE","FT",136000,"US","M"
2023,"SE","FT",136000,"US","M"
2023,"SE","FT",136000,"US","M"
2023,"MI","FT",136000,"US","L"
2023,"MI","FT",136000,"US","L"
2023,"SE","FT",136000,"US","M"
2023,"MI","FT",136000,"US","L"
2023,"SE","FT",136000,"US","M"
2023,"SE","FT",136000,"US","L"
2023,"SE","FT",136000,"US","L"
2023,"SE","FT",136000,"US","L"
2023,"MI","FT",136000,"US","L"
2023,"MI","FT",136000,"US","L"
2023,"SE","FT",136000,"US","M"
2023,"SE","FT",136000,"US","M"
2023,"SE","FT",136000,"US","M"
2023,"SE","FT",136000,"US","M"
2023,"SE","FT",136000,"US","M"
2023,"SE","FT",136000,"US","M"
2023,"MI","FT",136000,"US","M"
2023,"MI","FT",136000,"US","L"
2023,"SE","FT",136000,"US","M"
2023,"SE","FT",136000,"US","M"
2023,"SE","FT",136000,"US","L"
2023,"SE","FT",136000,"US","L"
2023,"SE","FT",136000,"US","M"
2023,"SE","FT",136000,"GB","M"
2023,"SE","FT",136000,"US","L"
2023,"SE","FT",136000,"US","M"
2023,"SE","FT",136000,"US","L"
2023,"SE","FT",136000,"US","L"
2023,"SE","FT",136000,"US","M"
2023,"SE","FT",136000,"US","M"
2023,"SE","FT",136000,"US","L"
2023,"SE","FT",136000,"US","M"
2023,"SE","FT",136000,"US","L"
2023,"SE","FT",136000,"US","L"
2023,"SE","FT",136000,"US","L"
2023,"SE","FT",136000,"US","L"
2023,"SE","FT",136000,"US","L"
2023,"SE","FT",136000,"US","M"
2023,"SE","FT",136000,"US","L"
2023,"SE","FT",136000,"US","L"
2023,"SE","FT",136000,"US","L"
2023,"SE","FT",136000,"US","L"
2023,"SE","FT",136000,"US","L"
2023,"SE","FT",136000,"US","M"
2023,"SE","FT",136000,"US","L"
2023,"SE","FT",136000,"US","L"
2023,"SE","FT",136000,"US","L"
2023,"SE","FT",136000,"US","L"
2023,"SE","FT",136000,"US","M"
2023,"SE","FT",136000,"US","L"
2023,"SE","FT",136000,"US","L"
2023,"SE","FT",136000,"US","L"
2023,"SE","FT",136000,"US","L"
2023,"SE","FT",136000,"US","L"
2023,"SE","FT",136000,"US","L"
2023,"SE","FT",136000,"US","L"
2023,"SE","FT",136000,"US","L"
2023,"SE","FT",136000,"US","L"
2023,"SE","FT",136000,"US","L"
2023,"SE","FT",136000,"US","L"
2023,"SE","FT",136000,"US","L"
2023,"SE","FT",136000,"US","L"
2023,"SE","FT",136000,"US","L"
2023,"SE","FT",136000,"US","L"
2023,"SE","FT",136000,"US","M"
2023,"SE","FT",136000,"US","L"
2023,"SE","FT",136000,"US","L"
2023,"SE","FT",136000,"US","L"
2023,"SE","FT",136000,"US","M"
2023,"SE","FT",136000,"US","M"
2023,"SE","FT",136000,"US","M"
2023,"SE","FT",136000,"US","M"
2022,"SE","FT",136000,"US","M"
2022,"SE","FT",136000,"US","M"
2022,"SE","FT",136000,"US","M"
2022,"SE","FT",136000,"US","M"
2022,"MI","FT",136000,"US","M"
2022,"SE","FT",136000,"US","M"
2023,"SE","FT",135960,"US","M"
2024,"SE","FT",135920,"US","M"
2024,"SE","FT",135920,"US","M"
2023,"SE","FT",135842,"US","M"
2023,"SE","FT",135800,"US","M"
2023,"SE","FT",135800,"US","M"
2023,"MI","FT",135700,"US","M"
2024,"SE","FT",135549,"US","M"
2024,"SE","FT",135482,"US","M"
2024,"MI","FT",135450,"US","M"
2024,"MI","FT",135200,"US","M"
2024,"MI","FT",135200,"US","M"
2024,"SE","FT",135200,"US","M"
2024,"SE","FT",135200,"US","M"
2023,"SE","FT",135200,"US","M"
2024,"SE","FT",135127,"US","M"
2024,"MI","FT",135097,"US","M"
2024,"SE","FT",135000,"US","M"
2024,"MI","FT",135000,"US","M"
2024,"MI","FT",135000,"US","M"
2024,"MI","FT",135000,"US","M"
2024,"SE","FT",135000,"US","M"
2024,"MI","FT",135000,"US","M"
2024,"MI","FT",135000,"US","M"
2024,"SE","FT",135000,"US","M"
2024,"SE","FT",135000,"US","M"
2024,"SE","FT",135000,"US","M"
2024,"SE","FT",135000,"US","M"
2024,"SE","FT",135000,"US","M"
2024,"SE","FT",135000,"US","M"
2024,"MI","FT",135000,"US","M"
2024,"MI","FT",135000,"US","M"
2024,"SE","FT",103846,"CA","M"
2024,"MI","FT",135000,"US","M"
2024,"SE","FT",135000,"US","M"
2024,"SE","FT",135000,"US","M"
2024,"MI","FT",135000,"US","M"
2024,"SE","FT",135000,"US","M"
2024,"EN","FT",135000,"US","M"
2024,"SE","FT",135000,"US","M"
2024,"SE","FT",135000,"US","M"
2024,"SE","FT",135000,"US","M"
2024,"SE","FT",135000,"US","M"
2024,"MI","FT",135000,"US","M"
2023,"MI","FT",135000,"US","M"
2023,"SE","FT",135000,"US","M"
2023,"SE","FT",135000,"US","M"
2023,"SE","FT",135000,"US","M"
2023,"SE","FT",135000,"US","M"
2023,"SE","FT",100017,"CA","M"
2023,"MI","FT",135000,"US","M"
2023,"SE","FT",135000,"US","M"
2023,"SE","FT",135000,"US","M"
2023,"SE","FT",135000,"US","M"
2023,"EN","FT",135000,"US","M"
2023,"SE","FT",135000,"US","M"
2023,"MI","FT",135000,"US","M"
2023,"SE","FT",135000,"US","M"
2023,"EX","FT",135000,"US","M"
2023,"SE","FT",135000,"US","M"
2023,"SE","FT",135000,"US","M"
2023,"SE","FT",135000,"US","M"
2023,"EN","FT",135000,"US","M"
2023,"SE","FT",135000,"US","M"
2023,"SE","FT",135000,"US","M"
2023,"SE","FT",135000,"US","M"
2023,"SE","FT",135000,"US","M"
2023,"MI","FT",135000,"US","M"
2023,"SE","FT",135000,"US","M"
2023,"MI","FT",135000,"US","M"
2023,"SE","FT",135000,"US","M"
2023,"SE","FT",135000,"US","M"
2023,"SE","FT",135000,"US","M"
2023,"MI","FT",135000,"US","M"
2023,"MI","FT",135000,"US","M"
2023,"MI","FT",135000,"US","M"
2023,"SE","FT",135000,"US","M"
2023,"SE","FT",135000,"US","M"
2023,"MI","FT",135000,"US","M"
2023,"SE","FT",135000,"US","M"
2023,"MI","FT",135000,"US","M"
2023,"MI","FT",135000,"US","M"
2023,"SE","FT",135000,"US","M"
2023,"SE","FT",135000,"GB","M"
2023,"MI","FT",135000,"GB","M"
2023,"SE","FT",135000,"US","M"
2023,"MI","FT",135000,"US","M"
2023,"SE","FT",135000,"US","M"
2023,"SE","FT",135000,"US","M"
2023,"SE","FT",135000,"US","M"
2023,"MI","FT",135000,"US","M"
2023,"MI","FT",135000,"US","M"
2023,"SE","FT",135000,"US","M"
2023,"SE","FT",135000,"US","M"
2023,"MI","FT",135000,"US","M"
2023,"SE","FT",135000,"US","M"
2023,"SE","FT",135000,"US","M"
2023,"SE","FT",135000,"US","M"
2023,"SE","FT",135000,"US","M"
2023,"SE","FT",135000,"US","M"
2023,"SE","FT",135000,"CA","M"
2023,"SE","FT",135000,"US","M"
2023,"MI","FT",135000,"US","M"
2023,"SE","FT",135000,"US","M"
2023,"MI","FT",135000,"US","L"
2023,"SE","FT",135000,"US","M"
2023,"SE","FT",135000,"US","M"
2023,"SE","FT",135000,"US","M"
2023,"SE","FT",135000,"US","M"
2023,"SE","FT",135000,"US","M"
2023,"EN","FT",135000,"US","M"
2023,"SE","FT",135000,"US","M"
2023,"EN","FT",135000,"US","M"
2023,"MI","FT",135000,"US","M"
2023,"SE","FT",135000,"US","M"
2023,"SE","FT",135000,"US","M"
2023,"SE","FT",135000,"US","M"
2023,"SE","FT",135000,"US","M"
2023,"EN","FT",135000,"US","M"
2023,"EN","FT",135000,"US","M"
2022,"EN","FT",135000,"US","M"
2022,"SE","FT",135000,"US","M"
2022,"EN","FT",135000,"US","M"
2022,"SE","FT",135000,"US","M"
2022,"EN","FT",135000,"US","M"
2022,"MI","FT",135000,"US","M"
2022,"SE","FT",135000,"US","M"
2022,"SE","FT",135000,"US","M"
2022,"EN","FT",135000,"US","M"
2022,"SE","FT",135000,"US","M"
2022,"MI","FT",135000,"US","M"
2022,"EN","FT",135000,"US","M"
2022,"SE","FT",135000,"US","M"
2022,"SE","FT",135000,"US","M"
2022,"MI","FT",135000,"US","M"
2022,"EN","FT",135000,"US","M"
2022,"SE","FT",135000,"US","M"
2022,"SE","FT",135000,"US","M"
2022,"SE","FT",135000,"US","M"
2022,"SE","FT",135000,"US","M"
2022,"MI","FT",135000,"US","L"
2022,"SE","FT",135000,"US","M"
2022,"SE","FT",135000,"PR","M"
2022,"SE","FT",135000,"US","M"
2022,"SE","FT",135000,"US","M"
2022,"SE","FT",135000,"US","M"
2022,"SE","FT",135000,"US","M"
2022,"SE","FT",135000,"US","M"
2022,"SE","FT",135000,"US","M"
2022,"SE","FT",135000,"US","M"
2022,"SE","FT",135000,"PR","M"
2022,"SE","FT",135000,"US","M"
2022,"SE","FT",135000,"US","M"
2022,"EX","FT",135000,"US","M"
2022,"SE","FT",135000,"US","M"
2022,"MI","FT",135000,"US","M"
2022,"SE","FT",135000,"US","M"
2022,"MI","FT",135000,"US","L"
2021,"MI","FT",135000,"US","L"
2021,"SE","FT",135000,"US","L"
2020,"MI","FT",135000,"US","L"
2024,"SE","FT",134900,"US","M"
2022,"SE","FT",134760,"US","M"
2024,"MI","FT",134600,"US","M"
2024,"SE","FT",134530,"US","M"
2024,"SE","FT",134500,"US","M"
2024,"MI","FT",134500,"US","M"
2024,"MI","FT",134500,"US","M"
2024,"MI","FT",134500,"US","M"
2023,"SE","FT",134500,"US","M"
2023,"SE","FT",134500,"US","L"
2023,"SE","FT",134500,"US","M"
2023,"SE","FT",134500,"US","L"
2023,"SE","FT",134500,"US","L"
2024,"MI","FT",134400,"US","M"
2024,"MI","FT",134400,"US","M"
2024,"MI","FT",134400,"US","M"
2023,"MI","FT",134326,"US","M"
2023,"SE","FT",134236,"US","M"
2023,"SE","FT",134236,"US","M"
2023,"SE","FT",134236,"US","M"
2024,"SE","FT",134200,"US","M"
2024,"SE","FT",134200,"US","M"
2023,"SE","FT",134200,"US","M"
2023,"SE","FT",134200,"US","M"
2023,"SE","FT",134200,"GB","M"
2023,"SE","FT",134200,"GB","M"
2024,"MI","FT",134160,"US","M"
2023,"SE","FT",134024,"US","M"
2024,"MI","FT",134000,"US","M"
2023,"MI","FT",134000,"US","M"
2023,"SE","FT",134000,"US","M"
2023,"SE","FT",134000,"US","M"
2023,"SE","FT",134000,"US","M"
2023,"SE","FT",134000,"US","M"
2023,"SE","FT",134000,"US","M"
2023,"SE","FT",134000,"US","M"
2023,"SE","FT",134000,"CA","M"
2023,"SE","FT",134000,"US","M"
2023,"SE","FT",134000,"US","M"
2023,"SE","FT",134000,"US","M"
2023,"SE","FT",134000,"US","M"
2023,"MI","FT",134000,"US","M"
2023,"SE","FT",134000,"US","M"
2023,"SE","FT",134000,"US","M"
2022,"MI","FT",134000,"US","M"
2022,"SE","FT",134000,"US","M"
2022,"SE","FT",134000,"US","M"
2022,"MI","FT",134000,"US","M"
2022,"MI","FT",134000,"US","M"
2022,"MI","FT",134000,"US","M"
2024,"MI","FT",133903,"US","M"
2024,"MI","FT",133903,"US","M"
2023,"SE","FT",133832,"US","M"
2023,"MI","FT",133800,"US","M"
2023,"SE","FT",133800,"US","M"
2023,"SE","FT",133800,"US","M"
2023,"SE","FT",133700,"CA","M"
2023,"SE","FT",133700,"CA","M"
2024,"SE","FT",133650,"US","M"
2024,"SE","FT",133504,"US","M"
2023,"SE","FT",133500,"US","M"
2023,"SE","FT",133300,"US","M"
2023,"SE","FT",133300,"US","M"
2023,"SE","FT",133300,"US","M"
2023,"SE","FT",133300,"US","M"
2023,"SE","FT",133300,"US","M"
2023,"SE","FT",133300,"US","M"
2023,"SE","FT",133300,"US","M"
2023,"SE","FT",133300,"US","M"
2023,"SE","FT",133300,"US","M"
2023,"SE","FT",133300,"US","M"
2023,"SE","FT",133300,"US","M"
2023,"SE","FT",133300,"US","M"
2024,"SE","FT",133200,"US","M"
2024,"SE","FT",133200,"US","M"
2024,"SE","FT",133200,"US","M"
2024,"SE","FT",133200,"US","M"
2023,"SE","FT",133200,"US","M"
2023,"SE","FT",133200,"US","M"
2023,"SE","FT",133200,"US","M"
2024,"EN","FT",133000,"US","M"
2024,"EN","FT",133000,"US","M"
2024,"MI","FT",133000,"US","M"
2024,"MI","FT",133000,"US","M"
2024,"EN","FT",133000,"US","M"
2024,"MI","FT",133000,"US","M"
2024,"MI","FT",133000,"US","M"
2024,"MI","FT",133000,"US","M"
2024,"MI","FT",133000,"US","M"
2024,"EN","PT",133000,"US","M"
2024,"MI","FT",133000,"AU","M"
2023,"MI","FT",133000,"US","M"
2023,"MI","FT",133000,"US","M"
2023,"MI","FT",133000,"US","M"
2023,"MI","FT",133000,"US","M"
2023,"MI","FT",133000,"US","M"
2023,"EN","FT",133000,"US","M"
2023,"SE","FT",133000,"US","M"
2023,"EN","FT",133000,"US","M"
2023,"EN","PT",133000,"US","M"
2023,"SE","FT",133000,"US","M"
2023,"MI","FT",133000,"US","M"
2023,"MI","FT",133000,"US","M"
2023,"EN","FT",133000,"US","M"
2023,"MI","FT",133000,"US","M"
2023,"SE","FT",133000,"US","M"
2023,"SE","FT",133000,"US","M"
2023,"SE","FT",133000,"US","M"
2023,"SE","FT",133000,"US","M"
2022,"SE","FT",133000,"NL","L"
2024,"SE","FT",132974,"US","M"
2024,"MI","FT",132974,"US","M"
2024,"MI","FT",132974,"US","M"
2024,"SE","FT",132900,"US","M"
2023,"SE","FT",132870,"GB","M"
2023,"SE","FT",132624,"US","M"
2024,"SE","FT",132600,"US","M"
2024,"MI","FT",132600,"US","M"
2024,"SE","FT",132600,"US","M"
2023,"SE","FT",132600,"US","M"
2023,"SE","FT",132600,"US","M"
2023,"SE","FT",132600,"US","M"
2023,"SE","FT",132600,"US","M"
2023,"SE","FT",132600,"US","M"
2023,"SE","FT",132600,"US","M"
2023,"EN","FT",132600,"US","M"
2024,"MI","FT",132567,"US","M"
2023,"EN","FT",132567,"US","M"
2024,"EN","FT",132500,"US","M"
2024,"SE","FT",132500,"US","M"
2024,"SE","FT",132500,"US","M"
2024,"MI","FT",132500,"US","M"
2024,"SE","FT",132500,"US","M"
2023,"SE","FT",132500,"US","M"
2023,"SE","FT",132500,"US","M"
2023,"SE","FT",132500,"US","M"
2023,"SE","FT",132500,"US","M"
2023,"SE","FT",132500,"US","M"
2023,"SE","FT",132500,"US","M"
2023,"SE","FT",132500,"US","M"
2023,"SE","FT",132400,"US","M"
2023,"SE","FT",132320,"US","M"
2022,"SE","FT",132320,"US","M"
2022,"SE","FT",132320,"US","M"
2022,"SE","FT",132320,"US","M"
2024,"SE","FT",132300,"US","M"
2023,"MI","FT",132300,"US","M"
2023,"SE","FT",132300,"US","M"
2023,"SE","FT",132300,"US","M"
2023,"SE","FT",132300,"US","M"
2023,"SE","FT",132300,"US","M"
2023,"SE","FT",132300,"US","M"
2023,"SE","FT",132300,"US","M"
2023,"SE","FT",132300,"US","M"
2023,"EN","FT",132200,"GB","M"
2023,"SE","FT",132192,"US","M"
2023,"SE","FT",132192,"US","M"
2024,"MI","FT",132100,"US","M"
2024,"SE","FT",132100,"US","M"
2023,"SE","FT",132100,"US","M"
2022,"SE","FT",132100,"US","L"
2022,"SE","FT",132100,"US","L"
2024,"MI","FT",132000,"US","M"
2024,"EN","FT",132000,"US","M"
2024,"SE","FT",132000,"US","M"
2024,"MI","FT",132000,"US","M"
2024,"EN","FT",132000,"US","M"
2024,"SE","FT",132000,"US","M"
2024,"SE","FT",132000,"US","M"
2024,"SE","FT",132000,"US","M"
2024,"SE","FT",132000,"US","M"
2024,"SE","FT",132000,"US","M"
2024,"SE","FT",132000,"US","M"
2024,"SE","FT",132000,"US","M"
2024,"SE","FT",132000,"US","M"
2024,"SE","FT",132000,"US","M"
2023,"EN","FT",132000,"US","M"
2023,"SE","FT",132000,"US","M"
2023,"SE","FT",132000,"US","M"
2023,"MI","FT",132000,"US","M"
2023,"SE","FT",132000,"US","M"
2023,"MI","FT",132000,"US","M"
2023,"SE","FT",132000,"US","M"
2023,"SE","FT",132000,"US","M"
2023,"SE","FT",132000,"US","M"
2023,"SE","FT",132000,"US","M"
2023,"MI","FT",132000,"US","M"
2023,"SE","FT",132000,"US","M"
2023,"SE","FT",132000,"US","M"
2023,"SE","FT",132000,"US","M"
2022,"SE","FT",132000,"CA","M"
2022,"SE","FT",132000,"US","M"
2022,"SE","FT",132000,"US","M"
2023,"EX","FT",162288,"GB","M"
2024,"SE","FT",131712,"US","M"
2023,"SE","FT",131712,"US","M"
2023,"SE","FT",131685,"GB","M"
2023,"SE","FT",131650,"US","M"
2023,"MI","FT",131650,"US","M"
2024,"SE","FT",131600,"FR","M"
2024,"MI","FT",131600,"US","M"
2023,"EN","FT",131600,"US","M"
2024,"SE","FT",131414,"US","M"
2024,"SE","FT",131414,"US","M"
2023,"SE","FT",131414,"US","M"
2023,"SE","FT",131325,"US","M"
2023,"SE","FT",131310,"US","M"
2024,"SE","FT",131300,"US","M"
2023,"SE","FT",131300,"US","M"
2022,"SE","FT",131300,"US","L"
2022,"SE","FT",131300,"US","L"
2022,"SE","FT",131300,"US","L"
2022,"SE","FT",131300,"US","L"
2022,"SE","FT",131300,"US","L"
2022,"SE","FT",131300,"US","L"
2022,"SE","FT",131300,"US","L"
2023,"SE","FT",131250,"US","M"
2024,"MI","FT",131200,"US","M"
2024,"MI","FT",131200,"US","M"
2024,"SE","FT",131200,"US","M"
2024,"SE","FT",131200,"US","M"
2024,"MI","FT",131200,"US","M"
2024,"SE","FT",131200,"US","M"
2023,"MI","FT",131200,"US","M"
2023,"MI","FT",131200,"US","M"
2023,"MI","FT",131200,"US","M"
2023,"MI","FT",131200,"US","M"
2023,"SE","FT",131100,"US","M"
2023,"SE","FT",131100,"US","M"
2023,"MI","FT",131100,"US","M"
2023,"SE","FT",131100,"US","M"
2024,"MI","FT",131000,"US","M"
2024,"EN","FT",131000,"US","M"
2023,"EN","FT",131000,"US","L"
2023,"MI","FT",131000,"US","M"
2023,"MI","FT",131000,"US","M"
2023,"MI","FT",131000,"CO","M"
2023,"SE","FT",131000,"US","M"
2023,"MI","FT",131000,"CO","M"
2023,"MI","FT",131000,"US","M"
2023,"SE","FT",131000,"US","M"
2023,"SE","FT",131000,"US","M"
2023,"SE","FT",131000,"US","M"
2022,"SE","FT",131000,"US","M"
2024,"EN","FT",130916,"US","M"
2023,"EN","FT",130916,"US","M"
2024,"MI","FT",130900,"US","M"
2023,"MI","FT",130900,"US","M"
2023,"SE","FT",130900,"US","L"
2023,"SE","FT",130838,"US","M"
2023,"SE","FT",130800,"US","M"
2020,"MI","FT",130800,"US","M"
2023,"EN","FT",130760,"US","L"
2023,"EN","FT",130760,"US","L"
2024,"SE","FT",130500,"US","M"
2024,"SE","FT",130500,"US","M"
2024,"SE","FT",130500,"US","M"
2023,"MI","FT",130500,"US","M"
2023,"SE","FT",130500,"US","M"
2023,"MI","FT",130500,"US","M"
2022,"SE","FT",130500,"US","M"
2022,"SE","FT",130500,"US","M"
2023,"SE","FT",130410,"US","M"
2023,"SE","FT",130410,"US","M"
2023,"SE","FT",130410,"US","M"
2023,"MI","FT",130410,"US","M"
2024,"EN","FT",130400,"US","M"
2023,"MI","FT",130400,"US","M"
2023,"EN","FT",130400,"US","M"
2024,"SE","FT",130300,"US","M"
2022,"SE","FT",130240,"US","M"
2024,"SE","FT",130100,"US","M"
2024,"SE","FT",130100,"US","M"
2023,"MI","FT",130100,"US","M"
2023,"SE","FT",130100,"US","M"
2022,"SE","FT",130050,"US","M"
2024,"SE","FT",100006,"CA","M"
2023,"EX","FT",130002,"US","M"
2023,"EN","FT",130002,"US","M"
2023,"EN","FT",130001,"US","M"
2023,"EN","FT",130001,"US","M"
2024,"MI","FT",130000,"US","M"
2024,"MI","FT",130000,"US","M"
2024,"EX","FT",130000,"US","M"
2024,"SE","FT",130000,"US","M"
2024,"SE","FT",130000,"US","M"
2024,"SE","FT",130000,"US","M"
2024,"MI","FT",130000,"US","M"
2024,"SE","FT",130000,"US","M"
2024,"MI","FT",162500,"GB","M"
2024,"SE","FT",130000,"US","M"
2024,"SE","FT",130000,"US","M"
2024,"SE","FT",130000,"US","M"
2024,"SE","FT",130000,"US","M"
2024,"EN","FT",130000,"US","M"
2024,"MI","FT",130000,"US","M"
2024,"MI","FT",130000,"US","M"
2024,"SE","FT",130000,"US","M"
2024,"SE","FT",130000,"US","M"
2024,"EN","FT",130000,"US","M"
2024,"MI","FT",130000,"US","M"
2024,"SE","FT",130000,"US","M"
2024,"SE","FT",130000,"US","M"
2024,"SE","FT",130000,"US","M"
2024,"EN","FT",130000,"US","M"
2024,"SE","FT",130000,"US","M"
2024,"MI","FT",130000,"US","M"
2024,"MI","FT",130000,"US","M"
2024,"EN","FT",130000,"US","M"
2024,"MI","FT",130000,"US","M"
2024,"EX","FT",130000,"US","M"
2024,"MI","FT",130000,"US","M"
2024,"SE","FT",130000,"US","M"
2024,"SE","FT",130000,"US","M"
2024,"MI","FT",130000,"US","M"
2024,"MI","FT",130000,"US","M"
2024,"SE","FT",130000,"US","M"
2024,"MI","FT",130000,"US","M"
2024,"SE","FT",130000,"US","M"
2024,"SE","FT",130000,"US","M"
2024,"SE","FT",130000,"US","M"
2024,"SE","FT",130000,"US","M"
2024,"SE","FT",130000,"US","M"
2024,"EX","FT",130000,"US","M"
2024,"MI","FT",130000,"US","M"
2024,"SE","FT",130000,"US","M"
2024,"SE","FT",130000,"US","M"
2024,"SE","FT",130000,"US","M"
2024,"SE","FT",130000,"US","M"
2024,"SE","FT",130000,"US","M"
2024,"SE","FT",130000,"US","M"
2024,"MI","FT",162500,"GB","M"
2024,"SE","FT",130000,"US","M"
2024,"SE","FT",130000,"US","M"
2024,"EX","FT",130000,"US","M"
2024,"MI","FT",130000,"US","M"
2024,"SE","FT",130000,"US","M"
2024,"SE","FT",130000,"US","M"
2024,"SE","FT",130000,"US","M"
2024,"SE","FT",130000,"US","M"
2024,"MI","FT",130000,"US","M"
2024,"SE","FT",130000,"US","M"
2024,"SE","FT",130000,"CA","M"
2024,"MI","FT",130000,"US","M"
2024,"SE","FT",130000,"US","M"
2024,"SE","FT",130000,"CA","M"
2024,"SE","FT",130000,"US","M"
2024,"SE","FT",130000,"US","M"
2024,"SE","FT",130000,"US","M"
2023,"MI","FT",130000,"US","M"
2023,"SE","FT",130000,"US","M"
2023,"MI","FT",130000,"US","M"
2023,"SE","FT",130000,"US","M"
2023,"SE","FT",130000,"US","M"
2023,"SE","FT",130000,"US","M"
2023,"MI","FT",130000,"US","M"
2023,"SE","FT",130000,"US","M"
2023,"MI","FT",130000,"US","M"
2023,"SE","FT",130000,"US","M"
2023,"EN","FT",130000,"US","M"
2023,"SE","FT",130000,"US","M"
2023,"SE","FT",130000,"US","M"
2023,"SE","FT",130000,"CA","M"
2023,"MI","FT",130000,"US","M"
2023,"SE","FT",130000,"US","M"
2023,"SE","FT",130000,"US","M"
2023,"SE","FT",130000,"US","M"
2023,"MI","FT",130000,"US","M"
2023,"SE","FT",130000,"US","M"
2023,"SE","FT",130000,"US","M"
2023,"MI","FT",130000,"US","M"
2023,"SE","FT",130000,"US","M"
2023,"MI","FT",130000,"US","M"
2023,"MI","FT",130000,"US","M"
2023,"MI","FT",130000,"US","M"
2023,"EN","FT",130000,"US","M"
2023,"MI","FT",130000,"US","M"
2023,"SE","FT",130000,"US","M"
2023,"SE","FT",130000,"US","M"
2023,"SE","FT",130000,"US","M"
2023,"SE","FT",130000,"US","M"
2023,"EX","FT",130000,"US","M"
2023,"SE","FT",130000,"US","M"
2023,"SE","FT",130000,"US","M"
2023,"SE","FT",130000,"US","M"
2023,"SE","FT",130000,"US","M"
2023,"SE","FT",130000,"US","M"
2023,"SE","FT",130000,"US","M"
2023,"SE","FT",130000,"US","M"
2023,"MI","FT",130000,"US","M"
2023,"SE","FT",130000,"US","M"
2023,"SE","FT",130000,"US","M"
2023,"MI","FT",130000,"US","M"
2023,"SE","FT",130000,"US","M"
2023,"MI","FT",130000,"US","M"
2023,"SE","FT",130000,"US","M"
2023,"MI","FT",130000,"US","M"
2023,"SE","FT",130000,"US","M"
2023,"SE","FT",130000,"US","M"
2023,"SE","FT",130000,"US","M"
2023,"SE","FT",130000,"US","M"
2023,"SE","FT",130000,"US","M"
2023,"SE","FT",130000,"US","M"
2023,"SE","FT",130000,"US","M"
2023,"MI","FT",130000,"US","M"
2023,"SE","FT",130000,"US","M"
2023,"SE","FT",130000,"US","M"
2023,"SE","FT",130000,"US","M"
2023,"SE","FT",130000,"US","M"
2023,"MI","FT",96313,"CA","S"
2023,"MI","FT",130000,"US","M"
2023,"SE","FT",130000,"US","M"
2023,"SE","FT",130000,"US","M"
2023,"SE","FT",130000,"US","L"
2023,"SE","FT",130000,"US","M"
2023,"SE","FT",130000,"US","M"
2023,"MI","FT",130000,"US","M"
2023,"SE","FT",130000,"US","M"
2023,"SE","FT",130000,"US","M"
2023,"MI","FT",130000,"US","M"
2023,"SE","FT",130000,"US","M"
2023,"SE","FT",130000,"US","M"
2023,"SE","FT",130000,"US","M"
2023,"EN","FT",130000,"US","L"
2023,"MI","FT",130000,"US","M"
2023,"SE","FT",130000,"US","M"
2023,"SE","FT",130000,"US","M"
2023,"SE","FT",130000,"US","M"
2023,"MI","FT",130000,"US","M"
2023,"SE","FT",130000,"US","S"
2023,"SE","FT",130000,"US","M"
2023,"SE","FT",130000,"US","M"
2023,"SE","FT",130000,"US","M"
2023,"SE","FT",130000,"US","M"
2023,"SE","FT",130000,"US","M"
2023,"SE","FT",130000,"US","M"
2023,"SE","FT",130000,"US","M"
2023,"SE","FT",130000,"US","M"
2023,"SE","FT",130000,"US","M"
2023,"SE","FT",130000,"US","M"
2023,"SE","FT",130000,"US","M"
2023,"MI","FT",130000,"US","M"
2023,"SE","FT",130000,"US","M"
2023,"SE","FT",130000,"US","M"
2023,"SE","FT",130000,"US","M"
2023,"SE","FT",130000,"US","M"
2023,"SE","FT",130000,"US","M"
2023,"SE","FT",130000,"US","M"
2023,"SE","FT",130000,"US","M"
2023,"SE","FT",130000,"US","M"
2023,"SE","FT",130000,"US","M"
2023,"SE","FT",130000,"US","M"
2023,"SE","FT",130000,"US","M"
2023,"SE","FT",130000,"US","M"
2023,"SE","FT",130000,"US","M"
2023,"EX","FT",130000,"US","M"
2023,"SE","FT",130000,"US","M"
2023,"SE","FT",130000,"US","M"
2023,"SE","FT",140358,"DE","M"
2023,"SE","FT",130000,"US","M"
2023,"SE","FT",130000,"US","M"
2023,"EX","FT",130000,"US","M"
2023,"EX","FT",130000,"US","M"
2023,"SE","FT",130000,"US","M"
2023,"MI","FT",130000,"US","M"
2023,"MI","FT",130000,"US","M"
2023,"SE","FT",130000,"US","M"
2023,"SE","FT",130000,"US","M"
2023,"MI","FT",130000,"US","M"
2023,"SE","FT",130000,"US","M"
2023,"SE","FT",130000,"US","M"
2023,"SE","FT",130000,"US","M"
2023,"MI","FT",130000,"US","M"
2023,"SE","FT",130000,"US","M"
2023,"SE","FT",130000,"US","M"
2023,"SE","FT",130000,"US","M"
2023,"MI","FT",130000,"US","M"
2023,"SE","FT",130000,"US","M"
2023,"SE","FT",130000,"US","M"
2023,"MI","FT",130000,"US","M"
2023,"MI","FT",130000,"US","M"
2023,"MI","FT",130000,"US","M"
2023,"SE","FT",130000,"US","M"
2023,"SE","FT",130000,"US","M"
2023,"MI","FT",130000,"US","M"
2023,"SE","FT",130000,"US","M"
2023,"SE","FT",130000,"US","M"
2023,"MI","FT",130000,"US","M"
2023,"SE","FT",130000,"US","M"
2023,"MI","FT",130000,"US","M"
2023,"SE","FT",130000,"US","M"
2023,"MI","FT",130000,"US","M"
2023,"MI","FT",130000,"US","L"
2023,"SE","FT",130000,"US","M"
2022,"SE","FT",130000,"US","L"
2023,"SE","FT",130000,"US","M"
2023,"MI","FT",130000,"CA","M"
2023,"SE","FT",130000,"US","M"
2023,"SE","FT",130000,"US","M"
2023,"SE","FT",130000,"US","M"
2023,"MI","FT",130000,"US","M"
2023,"SE","FT",130000,"US","M"
2023,"MI","FT",130000,"US","M"
2023,"MI","FT",130000,"US","M"
2023,"EN","FT",130000,"SE","S"
2023,"SE","FT",130000,"US","M"
2023,"SE","FT",130000,"US","M"
2023,"SE","FT",130000,"US","M"
2023,"MI","FT",130000,"US","M"
2023,"SE","FT",130000,"US","M"
2023,"SE","FT",130000,"US","M"
2023,"SE","FT",130000,"US","M"
2023,"SE","FT",130000,"US","M"
2022,"EN","FT",130000,"US","M"
2023,"MI","FT",130000,"US","M"
2022,"SE","FT",130000,"US","M"
2022,"MI","FT",130000,"US","M"
2022,"SE","FT",130000,"US","M"
2022,"SE","FT",130000,"US","M"
2022,"MI","FT",130000,"US","M"
2022,"EX","FT",130000,"US","M"
2022,"MI","FT",130000,"US","M"
2022,"MI","FT",130000,"US","M"
2022,"SE","FT",130000,"US","M"
2022,"SE","FT",130000,"US","M"
2022,"MI","FT",130000,"US","M"
2022,"SE","FT",130000,"US","M"
2022,"SE","FT",130000,"US","M"
2022,"SE","FT",130000,"US","M"
2022,"SE","FT",130000,"US","M"
2022,"SE","FT",130000,"US","M"
2022,"SE","FT",130000,"US","M"
2022,"SE","FT",130000,"US","M"
2022,"SE","FT",130000,"US","M"
2022,"SE","FT",130000,"US","M"
2022,"MI","FT",130000,"US","M"
2022,"SE","FT",130000,"US","M"
2022,"SE","FT",130000,"US","M"
2022,"SE","FT",130000,"US","M"
2022,"SE","FT",130000,"US","M"
2022,"SE","FT",130000,"US","M"
2022,"SE","FT",130000,"US","M"
2022,"SE","FT",130000,"US","M"
2022,"SE","FT",130000,"US","M"
2022,"SE","FT",130000,"US","M"
2022,"SE","FT",130000,"US","M"
2022,"SE","FT",130000,"US","M"
2022,"SE","FT",130000,"US","M"
2022,"MI","FT",130000,"US","M"
2022,"EN","FT",130000,"US","L"
2022,"SE","FT",130000,"US","M"
2022,"MI","FT",130000,"US","M"
2022,"EX","FT",130000,"US","M"
2022,"SE","FT",130000,"CA","M"
2022,"SE","FT",130000,"CA","M"
2022,"SE","FT",130000,"US","M"
2022,"SE","FT",130000,"US","M"
2022,"MI","FT",130000,"US","M"
2021,"EX","FT",153667,"PL","L"
2021,"SE","FT",103691,"CA","L"
2021,"MI","FT",130000,"US","L"
2020,"SE","FT",148261,"DE","M"
2023,"SE","FT",129700,"US","M"
2024,"MI","FT",129600,"US","M"
2022,"SE","FT",129400,"US","M"
2022,"SE","FT",129400,"US","M"
2023,"SE","FT",129300,"US","M"
2023,"SE","FT",129300,"US","M"
2023,"SE","FT",129300,"US","M"
2023,"SE","FT",129300,"US","M"
2023,"SE","FT",129300,"US","M"
2023,"SE","FT",129300,"US","M"
2023,"SE","FT",129300,"US","M"
2023,"SE","FT",129300,"US","M"
2023,"SE","FT",129300,"US","M"
2023,"SE","FT",129300,"US","M"
2023,"MI","FT",129300,"US","M"
2023,"MI","FT",129300,"US","M"
2023,"MI","FT",129300,"US","M"
2023,"MI","FT",129300,"US","M"
2023,"SE","FT",129300,"US","M"
2023,"SE","FT",129300,"US","M"
2023,"SE","FT",129300,"US","M"
2023,"SE","FT",129300,"US","M"
2023,"SE","FT",129300,"US","M"
2023,"SE","FT",129300,"US","M"
2023,"SE","FT",129300,"US","M"
2023,"SE","FT",129300,"US","M"
2023,"SE","FT",129300,"US","M"
2023,"SE","FT",129300,"US","M"
2023,"SE","FT",129300,"US","M"
2023,"SE","FT",129300,"US","M"
2023,"SE","FT",129300,"US","M"
2023,"SE","FT",129300,"US","M"
2023,"SE","FT",129300,"US","M"
2023,"SE","FT",129300,"US","M"
2023,"SE","FT",129300,"US","M"
2023,"SE","FT",129300,"US","M"
2023,"SE","FT",129300,"US","M"
2023,"SE","FT",129300,"US","M"
2023,"SE","FT",129300,"US","M"
2023,"SE","FT",129300,"US","M"
2023,"SE","FT",129300,"US","M"
2023,"SE","FT",129300,"US","M"
2023,"SE","FT",129300,"US","M"
2023,"SE","FT",129300,"US","M"
2023,"SE","FT",129300,"US","M"
2023,"SE","FT",129300,"US","M"
2023,"SE","FT",129300,"US","M"
2023,"SE","FT",129300,"US","M"
2023,"SE","FT",129300,"US","M"
2023,"SE","FT",129300,"US","M"
2022,"SE","FT",129300,"US","M"
2022,"SE","FT",129300,"US","M"
2022,"SE","FT",129300,"US","M"
2022,"SE","FT",129300,"US","M"
2022,"SE","FT",129300,"US","M"
2022,"SE","FT",129300,"US","M"
2022,"SE","FT",129300,"US","M"
2022,"SE","FT",129300,"US","M"
2022,"SE","FT",129300,"US","M"
2022,"SE","FT",129300,"US","M"
2022,"SE","FT",129300,"US","M"
2022,"SE","FT",129300,"US","M"
2022,"SE","FT",129300,"US","M"
2022,"SE","FT",129300,"US","M"
2022,"SE","FT",129300,"US","M"
2022,"SE","FT",129300,"US","M"
2022,"SE","FT",129300,"US","M"
2022,"SE","FT",129300,"US","M"
2022,"SE","FT",129300,"US","M"
2022,"SE","FT",129300,"US","M"
2022,"SE","FT",129300,"US","M"
2022,"MI","FT",129300,"US","M"
2023,"SE","FT",129150,"US","M"
2024,"MI","FT",129118,"US","M"
2023,"SE","FT",129100,"US","M"
2024,"SE","FT",129000,"US","M"
2024,"MI","FT",129000,"US","M"
2023,"SE","FT",129000,"US","M"
2023,"SE","FT",129000,"US","M"
2023,"SE","FT",129000,"US","M"
2023,"SE","FT",129000,"CA","M"
2023,"SE","FT",129000,"US","M"
2023,"SE","FT",129000,"US","M"
2023,"SE","FT",129000,"US","M"
2023,"SE","FT",129000,"US","M"
2023,"SE","FT",129000,"US","M"
2023,"SE","FT",129000,"US","M"
2023,"SE","FT",129000,"US","M"
2023,"SE","FT",129000,"US","M"
2023,"SE","FT",129000,"US","M"
2023,"SE","FT",129000,"US","M"
2023,"SE","FT",129000,"US","M"
2023,"SE","FT",129000,"US","M"
2023,"SE","FT",129000,"US","M"
2023,"SE","FT",129000,"US","M"
2023,"SE","FT",129000,"US","M"
2023,"SE","FT",129000,"US","M"
2023,"SE","FT",129000,"US","M"
2023,"SE","FT",129000,"US","M"
2023,"SE","FT",129000,"US","M"
2022,"EN","FT",129000,"US","L"
2022,"SE","FT",129000,"US","M"
2024,"SE","FT",128945,"US","M"
2024,"MI","FT",128900,"US","M"
2022,"SE","FT",128875,"US","M"
2022,"SE","FT",128875,"US","M"
2022,"SE","FT",128875,"US","M"
2024,"SE","FT",128800,"US","M"
2023,"SE","FT",128750,"US","M"
2023,"MI","FT",128750,"US","M"
2023,"MI","FT",128750,"US","M"
2024,"SE","FT",128656,"US","M"
2024,"MI","FT",128600,"US","M"
2023,"MI","FT",128600,"US","M"
2023,"SE","FT",128500,"US","M"
2023,"SE","FT",128500,"US","M"
2023,"SE","FT",128500,"US","M"
2022,"SE","FT",128500,"US","M"
2023,"SE","FT",128280,"US","M"
2024,"SE","FT",128250,"US","M"
2024,"SE","FT",128250,"US","M"
2023,"SE","FT",128250,"US","M"
2023,"SE","FT",128250,"US","M"
2023,"MI","FT",128167,"US","M"
2023,"MI","FT",128167,"US","M"
2023,"SE","FT",128100,"US","M"
2023,"SE","FT",128100,"US","M"
2024,"MI","FT",128000,"US","M"
2024,"MI","FT",128000,"US","M"
2024,"SE","FT",128000,"US","M"
2024,"MI","FT",128000,"US","M"
2024,"MI","FT",128000,"US","M"
2024,"MI","FT",128000,"US","M"
2024,"SE","FT",128000,"US","M"
2024,"MI","FT",128000,"US","M"
2024,"MI","FT",128000,"US","M"
2024,"SE","FT",128000,"US","M"
2023,"MI","FT",128000,"US","M"
2023,"SE","FT",128000,"US","M"
2023,"SE","FT",128000,"US","M"
2023,"SE","FT",128000,"US","M"
2023,"SE","FT",128000,"US","M"
2023,"SE","FT",128000,"US","M"
2023,"SE","FT",128000,"US","M"
2023,"SE","FT",128000,"US","M"
2023,"SE","FT",128000,"US","M"
2023,"MI","FT",128000,"US","M"
2023,"SE","FT",128000,"US","M"
2023,"SE","FT",128000,"US","M"
2023,"SE","FT",128000,"US","M"
2023,"SE","FT",128000,"US","M"
2023,"MI","FT",128000,"US","M"
2023,"MI","FT",128000,"US","M"
2023,"SE","FT",128000,"US","M"
2023,"MI","FT",128000,"US","M"
2023,"MI","FT",128000,"US","M"
2023,"MI","FT",128000,"US","M"
2023,"MI","FT",128000,"US","M"
2023,"MI","FT",128000,"US","M"
2023,"SE","FT",128000,"US","M"
2023,"SE","FT",128000,"US","M"
2023,"SE","FT",128000,"US","M"
2023,"SE","FT",128000,"US","M"
2023,"MI","FT",128000,"US","M"
2023,"SE","FT",128000,"US","M"
2023,"SE","FT",128000,"US","M"
2023,"SE","FT",128000,"US","M"
2022,"SE","FT",128000,"US","M"
2022,"SE","FT",128000,"US","M"
2022,"SE","FT",128000,"US","M"
2022,"SE","FT",128000,"US","M"
2023,"SE","FT",127950,"US","M"
2023,"MI","FT",127900,"CA","M"
2023,"SE","FT",127876,"US","M"
2023,"SE","FT",127876,"US","M"
2023,"SE","FT",127876,"US","M"
2024,"MI","FT",127660,"US","M"
2023,"SE","FT",127600,"US","M"
2023,"SE","FT",127600,"US","M"
2023,"SE","FT",127600,"US","M"
2024,"SE","FT",127500,"US","M"
2024,"MI","FT",127500,"US","M"
2024,"SE","FT",127500,"US","M"
2024,"SE","FT",127500,"US","M"
2024,"MI","FT",127500,"US","M"
2024,"SE","FT",127500,"US","M"
2023,"SE","FT",127500,"US","M"
2023,"SE","FT",127500,"US","M"
2022,"MI","FT",127500,"US","M"
2024,"EN","FT",127305,"CA","M"
2024,"SE","FT",127300,"US","L"
2024,"MI","FT",127300,"US","L"
2024,"SE","FT",127300,"US","L"
2024,"SE","FT",127300,"US","L"
2024,"SE","FT",127300,"US","L"
2023,"SE","FT",127300,"US","L"
2023,"SE","FT",127300,"US","L"
2023,"SE","FT",127300,"US","L"
2023,"SE","FT",127300,"US","L"
2023,"SE","FT",127300,"US","L"
2023,"SE","FT",127300,"US","L"
2023,"SE","FT",127300,"US","M"
2023,"SE","FT",127300,"GB","M"
2023,"MI","FT",127075,"US","M"
2023,"SE","FT",127075,"US","M"
2024,"SE","FT",127000,"US","M"
2024,"SE","FT",127000,"CA","M"
2024,"MI","FT",127000,"US","M"
2024,"SE","FT",127000,"US","M"
2023,"SE","FT",127000,"US","M"
2023,"MI","FT",127000,"US","M"
2023,"SE","FT",127000,"US","M"
2023,"SE","FT",127000,"CA","M"
2023,"SE","FT",127000,"US","M"
2023,"SE","FT",127000,"US","M"
2023,"SE","FT",127000,"US","M"
2023,"SE","FT",127000,"US","M"
2023,"SE","FT",127000,"US","M"
2023,"MI","FT",127000,"US","M"
2023,"SE","FT",127000,"US","M"
2022,"SE","FT",127000,"US","M"
2022,"SE","FT",127000,"US","M"
2022,"SE","FT",127000,"US","M"
2022,"SE","FT",127000,"US","M"
2024,"MI","FT",126900,"US","M"
2023,"MI","FT",126900,"US","M"
2023,"SE","FT",126900,"US","M"
2024,"SE","FT",126800,"US","M"
2023,"SE","FT",126800,"US","M"
2023,"SE","FT",126800,"US","M"
2023,"SE","FT",126800,"US","M"
2023,"SE","FT",126800,"US","M"
2023,"SE","FT",126800,"US","M"
2024,"SE","FT",126667,"US","M"
2024,"MI","FT",126600,"US","M"
2024,"SE","FT",126600,"US","M"
2024,"SE","FT",126500,"US","M"
2024,"SE","FT",126500,"US","M"
2023,"SE","FT",126500,"US","M"
2023,"SE","FT",126500,"US","M"
2023,"SE","FT",126500,"US","M"
2023,"SE","FT",126500,"US","M"
2023,"SE","FT",126500,"US","M"
2023,"EX","FT",126500,"US","M"
2023,"SE","FT",126500,"US","M"
2023,"SE","FT",126500,"US","M"
2023,"SE","FT",126500,"US","M"
2022,"SE","FT",126500,"US","M"
2022,"MI","FT",126500,"US","M"
2022,"SE","FT",126500,"US","M"
2024,"SE","FT",126480,"US","M"
2024,"MI","FT",126400,"US","M"
2024,"MI","FT",126400,"US","M"
2024,"SE","FT",126400,"US","M"
2024,"MI","FT",126400,"US","M"
2023,"SE","FT",126400,"US","M"
2023,"SE","FT",126400,"US","M"
2023,"SE","FT",126400,"US","M"
2023,"SE","FT",126300,"US","M"
2023,"SE","FT",126277,"US","M"
2023,"MI","FT",126277,"US","M"
2023,"SE","FT",126100,"US","M"
2023,"SE","FT",126100,"US","L"
2024,"MI","FT",126000,"US","M"
2024,"SE","FT",126000,"US","M"
2024,"MI","FT",126000,"US","M"
2023,"EN","FT",126000,"US","M"
2023,"SE","FT",126000,"US","M"
2023,"SE","FT",126000,"US","M"
2023,"SE","FT",126000,"US","M"
2023,"SE","FT",126000,"US","M"
2023,"SE","FT",126000,"US","M"
2023,"SE","FT",126000,"US","M"
2023,"MI","FT",126000,"US","M"
2023,"SE","FT",126000,"US","M"
2023,"SE","FT",126000,"US","M"
2023,"SE","FT",126000,"US","M"
2023,"SE","FT",126000,"US","M"
2023,"SE","FT",126000,"US","M"
2023,"SE","FT",126000,"US","M"
2023,"SE","FT",126000,"US","M"
2023,"SE","FT",126000,"US","M"
2023,"SE","FT",126000,"US","M"
2023,"SE","FT",126000,"US","M"
2023,"SE","FT",126000,"US","M"
2022,"SE","FT",126000,"US","M"
2022,"SE","FT",126000,"US","M"
2024,"MI","FT",139777,"ES","M"
2023,"SE","FT",125760,"US","M"
2023,"SE","FT",125600,"US","M"
2023,"SE","FT",125600,"US","M"
2023,"SE","FT",125600,"US","M"
2024,"MI","FT",125500,"US","M"
2024,"SE","FT",125500,"US","M"
2024,"SE","FT",125500,"US","M"
2022,"EN","PT",125404,"US","S"
2024,"MI","FT",125100,"US","M"
2023,"MI","FT",125009,"US","M"
2024,"MI","FT",125000,"US","M"
2024,"SE","FT",125000,"US","M"
2024,"EN","FT",125000,"US","M"
2024,"SE","FT",125000,"US","M"
2024,"EX","FT",125000,"US","M"
2024,"SE","FT",125000,"US","M"
2024,"EN","FT",125000,"US","M"
2024,"EX","FT",125000,"US","M"
2024,"SE","FT",125000,"US","M"
2024,"SE","FT",125000,"US","M"
2024,"MI","FT",125000,"US","M"
2024,"SE","FT",125000,"US","M"
2024,"SE","FT",125000,"US","M"
2024,"MI","FT",125000,"US","M"
2024,"SE","FT",125000,"US","M"
2024,"MI","FT",125000,"US","M"
2024,"SE","FT",125000,"US","M"
2024,"SE","FT",125000,"US","M"
2024,"MI","FT",125000,"US","M"
2024,"SE","FT",125000,"US","M"
2024,"MI","FT",125000,"US","M"
2024,"SE","FT",125000,"US","M"
2024,"SE","FT",125000,"US","M"
2023,"MI","FT",125000,"US","M"
2023,"MI","FT",125000,"US","M"
2023,"SE","FT",125000,"US","M"
2023,"SE","FT",125000,"US","M"
2023,"SE","FT",125000,"US","M"
2023,"MI","FT",125000,"US","M"
2023,"SE","FT",125000,"US","M"
2023,"SE","FT",125000,"US","M"
2023,"MI","FT",125000,"US","M"
2023,"MI","FT",125000,"US","M"
2023,"MI","FT",125000,"US","M"
2023,"MI","FT",125000,"US","M"
2023,"SE","FT",125000,"US","M"
2023,"EX","FT",125000,"US","M"
2023,"EX","FT",125000,"US","M"
2023,"MI","FT",125000,"US","M"
2023,"MI","FT",125000,"US","M"
2023,"SE","FT",125000,"US","M"
2023,"MI","FT",125000,"US","M"
2023,"SE","FT",125000,"US","M"
2023,"MI","FT",125000,"US","M"
2023,"SE","FT",125000,"US","M"
2023,"SE","FT",125000,"US","M"
2023,"MI","FT",125000,"US","M"
2023,"MI","FT",125000,"US","M"
2023,"SE","FT",125000,"US","M"
2023,"SE","FT",125000,"US","M"
2023,"SE","FT",125000,"US","M"
2023,"EX","FT",125000,"US","M"
2023,"SE","FT",125000,"US","M"
2023,"MI","FT",125000,"US","M"
2023,"MI","FT",125000,"US","M"
2023,"SE","FT",125000,"US","M"
2023,"SE","FT",125000,"US","M"
2023,"MI","FT",125000,"US","M"
2023,"MI","FT",125000,"US","M"
2023,"MI","FT",125000,"US","M"
2023,"SE","FT",125000,"US","M"
2023,"MI","FT",125000,"US","M"
2023,"SE","FT",125000,"US","M"
2023,"SE","FT",134960,"NL","M"
2023,"SE","FT",125000,"US","M"
2023,"SE","FT",125000,"US","M"
2023,"SE","FT",125000,"US","M"
2023,"MI","FT",125000,"US","M"
2023,"SE","FT",125000,"US","M"
2023,"SE","FT",125000,"US","M"
2023,"SE","FT",125000,"US","M"
2023,"MI","FT",125000,"US","M"
2023,"SE","FT",125000,"US","M"
2023,"SE","FT",125000,"US","M"
2023,"MI","FT",125000,"US","M"
2023,"SE","FT",125000,"CA","M"
2023,"SE","FT",125000,"US","M"
2023,"SE","FT",125000,"US","M"
2023,"EN","FT",125000,"US","M"
2023,"MI","FT",125000,"CA","M"
2023,"MI","FT",125000,"US","M"
2023,"SE","FT",125000,"US","M"
2023,"SE","FT",125000,"US","M"
2023,"MI","FT",125000,"US","M"
2023,"MI","FT",125000,"US","M"
2023,"MI","FT",125000,"US","M"
2023,"MI","FT",125000,"US","M"
2023,"SE","FT",125000,"US","M"
2023,"SE","FT",125000,"US","M"
2023,"MI","FT",125000,"US","M"
2023,"EN","FT",125000,"US","M"
2023,"SE","FT",125000,"US","M"
2023,"MI","FT",125000,"US","M"
2023,"EN","FT",125000,"US","M"
2023,"EN","FT",125000,"US","M"
2023,"SE","FT",125000,"US","M"
2023,"SE","FT",125000,"US","M"
2023,"EN","FT",125000,"US","M"
2023,"EN","FT",125000,"US","M"
2023,"MI","FT",125000,"US","M"
2023,"SE","FT",125000,"US","M"
2023,"MI","FT",125000,"US","M"
2023,"MI","FT",125000,"US","S"
2023,"MI","FT",125000,"US","M"
2023,"SE","FT",125000,"US","M"
2023,"SE","FT",125000,"US","M"
2023,"MI","FT",125000,"US","M"
2023,"MI","FT",125000,"US","M"
2023,"SE","FT",125000,"US","M"
2023,"SE","FT",125000,"US","M"
2023,"SE","FT",125000,"US","M"
2022,"SE","FT",125000,"US","L"
2022,"SE","FT",125000,"CO","L"
2022,"SE","FT",125000,"US","M"
2022,"SE","FT",125000,"US","M"
2022,"SE","FT",125000,"US","M"
2022,"EN","FT",125000,"US","M"
2021,"EN","FT",125000,"US","S"
2021,"SE","FT",99703,"CA","M"
2020,"SE","FT",125000,"NZ","S"
2023,"SE","FT",153799,"GB","L"
2024,"MI","FT",124935,"US","M"
2024,"MI","FT",124935,"US","M"
2023,"SE","FT",124935,"US","M"
2023,"SE","FT",124935,"ZA","M"
2024,"SE","FT",124875,"US","M"
2024,"SE","FT",124800,"US","M"
2023,"SE","FT",124740,"US","M"
2023,"SE","FT",124740,"US","M"
2024,"MI","FT",124690,"US","M"
2023,"SE","FT",124600,"US","M"
2023,"SE","FT",124600,"US","M"
2023,"SE","FT",124500,"US","M"
2024,"SE","FT",124400,"US","M"
2023,"SE","FT",124400,"US","M"
2023,"SE","FT",124400,"US","M"
2022,"SE","FT",124270,"US","M"
2023,"EN","FT",124234,"US","M"
2022,"EN","FT",124234,"US","M"
2023,"SE","FT",124233,"NZ","M"
2024,"MI","FT",124230,"US","M"
2023,"SE","FT",124230,"US","M"
2022,"SE","FT",124190,"US","M"
2024,"MI","FT",124100,"US","L"
2024,"MI","FT",124100,"US","L"
2023,"MI","FT",124100,"US","L"
2023,"MI","FT",124100,"US","L"
2023,"SE","FT",124100,"US","L"
2023,"SE","FT",124100,"US","L"
2023,"SE","FT",124100,"US","L"
2023,"SE","FT",124100,"US","L"
2024,"MI","FT",124000,"US","M"
2024,"MI","FT",124000,"US","M"
2024,"EN","FT",124000,"US","M"
2024,"SE","FT",124000,"US","M"
2024,"EN","FT",124000,"US","M"
2023,"SE","FT",124000,"US","M"
2023,"SE","FT",124000,"CA","M"
2023,"SE","FT",124000,"US","M"
2023,"SE","FT",124000,"US","M"
2023,"SE","FT",124000,"US","M"
2023,"MI","FT",124000,"US","M"
2023,"MI","FT",124000,"US","M"
2022,"MI","FT",124000,"US","M"
2022,"MI","FT",124000,"US","M"
2022,"MI","FT",124000,"US","M"
2023,"SE","FT",123906,"US","M"
2024,"MI","FT",123900,"US","M"
2023,"SE","FT",123900,"US","M"
2023,"SE","FT",123900,"US","M"
2024,"MI","FT",123800,"US","M"
2023,"MI","FT",123800,"US","M"
2023,"SE","FT",123800,"US","M"
2024,"SE","FT",123765,"US","M"
2023,"SE","FT",123750,"US","M"
2024,"SE","FT",123740,"US","M"
2023,"MI","FT",123740,"US","M"
2024,"SE","FT",123700,"US","L"
2024,"SE","FT",123700,"US","L"
2023,"SE","FT",123700,"US","L"
2023,"SE","FT",123700,"US","L"
2023,"SE","FT",123700,"US","L"
2023,"SE","FT",123700,"US","L"
2023,"SE","FT",123700,"US","L"
2023,"SE","FT",123700,"US","L"
2022,"SE","FT",123648,"US","M"
2024,"EN","FT",123625,"US","M"
2024,"MI","FT",123600,"US","M"
2023,"SE","FT",123600,"US","M"
2023,"MI","FT",123500,"US","M"
2023,"EX","FT",123471,"GB","M"
2023,"SE","FT",123400,"US","M"
2022,"SE","FT",123400,"US","M"
2022,"SE","FT",123400,"US","M"
2024,"SE","FT",123200,"CA","M"
2024,"EN","FT",123000,"US","M"
2024,"SE","FT",123000,"US","M"
2024,"SE","FT",123000,"US","M"
2024,"SE","FT",123000,"US","M"
2024,"SE","FT",123000,"US","M"
2024,"SE","FT",123000,"US","M"
2024,"SE","FT",123000,"US","M"
2024,"MI","FT",123000,"US","M"
2024,"MI","FT",123000,"US","M"
2024,"SE","FT",123000,"US","M"
2024,"MI","FT",123000,"US","M"
2023,"MI","FT",123000,"US","M"
2023,"SE","FT",123000,"US","M"
2023,"MI","FT",123000,"US","M"
2023,"SE","FT",123000,"US","M"
2023,"SE","FT",123000,"US","M"
2023,"SE","FT",123000,"US","M"
2023,"SE","FT",123000,"US","M"
2023,"SE","FT",123000,"US","M"
2023,"SE","FT",123000,"US","M"
2023,"SE","FT",123000,"US","M"
2023,"SE","FT",123000,"US","M"
2023,"SE","FT",123000,"US","M"
2023,"MI","FT",123000,"US","M"
2023,"SE","FT",123000,"US","M"
2022,"SE","FT",123000,"US","M"
2022,"SE","FT",123000,"US","M"
2022,"SE","FT",123000,"US","M"
2022,"SE","FT",123000,"US","M"
2024,"SE","FT",122900,"US","M"
2023,"SE","FT",122900,"US","L"
2023,"SE","FT",122900,"US","L"
2023,"SE","FT",122720,"US","M"
2023,"SE","FT",122720,"US","M"
2023,"SE","FT",122700,"US","M"
2023,"SE","FT",122700,"US","M"
2023,"SE","FT",122700,"US","M"
2023,"SE","FT",122700,"US","M"
2024,"SE","FT",122600,"US","M"
2023,"SE","FT",122600,"US","M"
2023,"SE","FT",122600,"US","M"
2022,"SE","FT",122600,"US","M"
2022,"SE","FT",122600,"US","M"
2024,"SE","FT",122500,"US","M"
2024,"SE","FT",122500,"US","M"
2024,"MI","FT",122500,"US","M"
2024,"SE","FT",122500,"US","M"
2023,"SE","FT",122500,"US","M"
2022,"MI","FT",122500,"US","M"
2022,"SE","FT",122500,"US","M"
2022,"SE","FT",122500,"US","M"
2023,"SE","FT",122445,"US","M"
2023,"SE","FT",122400,"US","M"
2024,"EN","FT",122328,"US","M"
2023,"MI","FT",122200,"US","M"
2024,"SE","FT",122116,"CA","M"
2024,"MI","FT",122100,"US","M"
2024,"SE","FT",122000,"US","M"
2024,"SE","FT",122000,"US","M"
2024,"SE","FT",122000,"US","M"
2024,"SE","FT",122000,"US","M"
2023,"SE","FT",122000,"US","M"
2023,"SE","FT",122000,"US","M"
2023,"SE","FT",122000,"US","M"
2023,"SE","FT",122000,"US","M"
2023,"SE","FT",122000,"US","M"
2023,"SE","FT",122000,"US","M"
2023,"MI","FT",122000,"CA","M"
2023,"SE","FT",122000,"US","M"
2023,"MI","FT",122000,"US","M"
2023,"EX","FT",131721,"NL","L"
2023,"SE","FT",122000,"US","M"
2023,"SE","FT",122000,"US","M"
2023,"SE","FT",122000,"US","M"
2023,"SE","FT",122000,"US","M"
2023,"SE","FT",122000,"US","M"
2023,"SE","FT",122000,"US","M"
2023,"SE","FT",122000,"US","M"
2023,"SE","FT",122000,"US","M"
2022,"SE","FT",122000,"US","M"
2022,"SE","FT",122000,"US","M"
2023,"SE","FT",121904,"US","M"
2024,"MI","FT",121800,"US","M"
2023,"SE","FT",121700,"US","M"
2023,"SE","FT",121700,"US","M"
2023,"SE","FT",121700,"US","M"
2023,"SE","FT",121700,"US","M"
2023,"SE","FT",121600,"US","M"
2023,"SE","FT",121550,"US","M"
2024,"MI","FT",121500,"US","M"
2024,"SE","FT",121500,"US","M"
2023,"SE","FT",121500,"US","M"
2023,"MI","FT",121500,"US","M"
2023,"SE","FT",121500,"US","M"
2023,"SE","FT",121400,"US","M"
2023,"SE","FT",121400,"US","M"
2023,"SE","FT",121200,"DE","M"
2023,"SE","FT",121200,"US","M"
2024,"SE","FT",121056,"US","M"
2024,"MI","FT",121000,"US","M"
2024,"MI","FT",121000,"US","M"
2023,"SE","FT",121000,"US","M"
2023,"SE","FT",121000,"US","M"
2023,"MI","FT",121000,"US","M"
2023,"SE","FT",121000,"US","M"
2023,"MI","FT",121000,"US","M"
2023,"SE","FT",121000,"US","M"
2023,"MI","FT",81838,"AU","L"
2023,"SE","FT",121000,"US","M"
2023,"SE","FT",121000,"US","M"
2023,"SE","FT",121000,"US","M"
2023,"SE","FT",121000,"US","M"
2022,"MI","FT",83864,"AU","L"
2024,"SE","CT",120869,"US","M"
2024,"MI","FT",120800,"US","M"
2024,"SE","FT",120750,"US","M"
2023,"SE","FT",120750,"US","M"
2024,"SE","FT",120715,"US","M"
2023,"MI","FT",120681,"US","M"
2023,"MI","FT",120681,"US","M"
2024,"MI","FT",120672,"US","M"
2022,"SE","FT",120600,"US","M"
2023,"SE","FT",120500,"US","M"
2023,"SE","FT",120500,"US","M"
2023,"SE","FT",120500,"GB","M"
2021,"SE","FT",96113,"CA","L"
2023,"SE","FT",120350,"US","M"
2023,"SE","FT",120350,"US","M"
2023,"SE","FT",120350,"US","M"
2023,"SE","FT",120350,"US","M"
2023,"SE","FT",120350,"US","M"
2023,"SE","FT",120350,"US","M"
2023,"SE","FT",120350,"US","M"
2023,"SE","FT",120350,"US","M"
2023,"SE","FT",120250,"US","M"
2023,"SE","FT",120250,"US","M"
2023,"SE","FT",120250,"US","M"
2023,"SE","FT",120250,"GB","M"
2024,"EN","FT",120200,"US","M"
2023,"SE","FT",120160,"US","M"
2023,"SE","FT",120160,"US","M"
2022,"SE","FT",120160,"US","M"
2023,"SE","FT",120096,"US","M"
2024,"MI","FT",136363,"CH","L"
2024,"SE","FT",120000,"US","M"
2024,"MI","FT",120000,"US","M"
2024,"SE","FT",120000,"US","M"
2024,"MI","FT",120000,"US","M"
2024,"MI","FT",120000,"US","M"
2024,"MI","FT",120000,"US","M"
2024,"SE","FT",120000,"US","M"
2024,"EN","FT",120000,"US","M"
2024,"MI","FT",120000,"US","M"
2024,"SE","FT",120000,"US","M"
2024,"MI","FT",120000,"US","M"
2024,"EN","FT",120000,"US","M"
2024,"SE","FT",120000,"US","M"
2024,"SE","FT",120000,"CA","M"
2024,"MI","FT",120000,"US","M"
2024,"EN","FT",120000,"US","M"
2024,"EX","FT",120000,"US","M"
2024,"SE","FT",120000,"US","M"
2024,"EX","FT",120000,"US","M"
2024,"MI","FT",120000,"US","M"
2024,"EN","FT",120000,"US","M"
2024,"SE","FT",150000,"GB","M"
2024,"EX","FT",120000,"US","M"
2024,"SE","FT",120000,"US","M"
2024,"MI","FT",120000,"US","M"
2024,"MI","FT",120000,"US","M"
2024,"EN","FT",120000,"US","M"
2024,"SE","FT",120000,"CA","M"
2024,"SE","FT",120000,"US","M"
2024,"MI","FT",120000,"US","M"
2024,"SE","FT",120000,"US","M"
2024,"SE","FT",120000,"US","M"
2024,"SE","FT",150000,"GB","M"
2024,"SE","FT",120000,"US","M"
2024,"MI","FT",120000,"US","M"
2024,"SE","FT",120000,"US","M"
2024,"MI","FT",120000,"US","M"
2024,"MI","FT",120000,"US","M"
2024,"SE","FT",120000,"US","M"
2024,"MI","FT",120000,"US","M"
2024,"MI","FT",120000,"US","M"
2024,"MI","FT",120000,"US","M"
2024,"MI","FT",133333,"DE","M"
2024,"MI","FT",80000,"AU","L"
2024,"EX","FT",120000,"US","M"
2024,"SE","FT",120000,"US","M"
2024,"MI","FT",120000,"US","M"
2024,"SE","FT",120000,"US","M"
2024,"SE","FT",120000,"US","M"
2024,"MI","FT",120000,"US","M"
2024,"SE","FT",120000,"US","M"
2024,"MI","FT",120000,"US","M"
2024,"SE","FT",120000,"US","M"
2024,"SE","FT",120000,"US","M"
2024,"EN","FT",120000,"US","M"
2024,"SE","FT",120000,"US","M"
2024,"SE","FT",120000,"CA","M"
2024,"MI","FT",120000,"US","M"
2024,"MI","FT",120000,"US","M"
2024,"SE","FT",120000,"US","M"
2024,"SE","FT",150000,"GB","M"
2024,"EN","FT",120000,"US","M"
2023,"SE","FT",120000,"US","M"
2023,"SE","FT",120000,"US","M"
2023,"SE","FT",120000,"US","M"
2023,"MI","FT",120000,"US","M"
2023,"MI","FT",120000,"US","M"
2023,"MI","FT",120000,"US","M"
2023,"SE","FT",120000,"IN","L"
2023,"EN","FT",120000,"US","M"
2023,"SE","FT",120000,"US","M"
2023,"SE","FT",120000,"US","M"
2023,"SE","FT",120000,"US","M"
2023,"MI","FT",120000,"US","M"
2023,"MI","FT",120000,"US","M"
2023,"SE","FT",120000,"US","M"
2023,"EX","FT",120000,"US","M"
2023,"SE","FT",120000,"US","M"
2023,"SE","FT",120000,"US","M"
2023,"MI","FT",120000,"US","M"
2023,"SE","FT",120000,"US","M"
2023,"SE","FT",120000,"CA","M"
2023,"SE","FT",120000,"CA","M"
2023,"SE","FT",120000,"US","M"
2023,"SE","FT",120000,"US","M"
2023,"MI","FT",120000,"US","M"
2023,"MI","FT",120000,"US","M"
2023,"SE","FT",120000,"US","M"
2023,"SE","FT",120000,"US","M"
2023,"SE","FT",120000,"US","M"
2023,"SE","FT",120000,"US","M"
2023,"SE","FT",120000,"US","M"
2023,"EN","FT",120000,"US","M"
2023,"MI","FT",120000,"US","M"
2023,"SE","FT",120000,"US","M"
2023,"SE","FT",120000,"US","M"
2023,"MI","FT",120000,"US","M"
2023,"MI","FT",120000,"US","M"
2023,"SE","FT",120000,"US","M"
2023,"SE","FT",120000,"US","M"
2023,"SE","FT",147648,"GB","M"
2023,"SE","FT",120000,"US","M"
2023,"SE","FT",120000,"US","M"
2023,"MI","FT",120000,"US","S"
2023,"SE","FT",120000,"US","M"
2023,"SE","FT",120000,"FR","M"
2023,"SE","FT",120000,"US","M"
2023,"SE","FT",120000,"US","M"
2023,"SE","FT",120000,"US","M"
2023,"SE","FT",120000,"US","M"
2023,"MI","FT",120000,"US","M"
2023,"SE","FT",120000,"US","M"
2023,"SE","FT",129562,"US","L"
2023,"SE","FT",120000,"US","M"
2023,"SE","FT",120000,"US","M"
2023,"SE","FT",120000,"US","M"
2023,"MI","FT",120000,"US","M"
2023,"SE","FT",120000,"US","M"
2023,"MI","FT",120000,"US","M"
2023,"SE","FT",120000,"US","M"
2023,"SE","FT",120000,"US","M"
2023,"SE","FT",120000,"US","M"
2023,"EN","FT",120000,"US","M"
2023,"MI","FT",120000,"US","M"
2023,"SE","FT",120000,"US","M"
2023,"SE","FT",147648,"GB","M"
2023,"SE","FT",120000,"US","M"
2023,"SE","FT",120000,"US","M"
2023,"SE","FT",120000,"GB","M"
2023,"MI","FT",120000,"US","M"
2023,"SE","FT",120000,"US","M"
2023,"MI","FT",120000,"US","M"
2023,"SE","FT",120000,"US","M"
2023,"SE","FT",120000,"US","M"
2023,"MI","FT",147648,"GB","M"
2023,"SE","FT",120000,"US","M"
2023,"MI","FT",120000,"US","M"
2023,"MI","FT",120000,"US","M"
2023,"MI","FT",120000,"GB","M"
2023,"SE","FT",120000,"GB","M"
2023,"SE","FT",120000,"US","M"
2023,"SE","FT",120000,"US","M"
2023,"SE","FT",120000,"US","M"
2023,"SE","FT",120000,"US","M"
2023,"MI","FT",120000,"DE","M"
2023,"SE","FT",120000,"US","M"
2023,"SE","FT",120000,"US","M"
2023,"SE","FT",120000,"CA","M"
2023,"SE","FT",120000,"US","M"
2023,"SE","FT",120000,"US","M"
2023,"SE","FT",120000,"US","M"
2023,"SE","FT",120000,"US","M"
2023,"SE","FT",120000,"US","M"
2023,"SE","FT",120000,"US","M"
2023,"SE","FT",120000,"US","M"
2023,"SE","FT",120000,"US","M"
2023,"MI","FT",120000,"US","M"
2023,"EN","FT",120000,"US","M"
2023,"SE","FT",120000,"US","M"
2023,"EN","FT",120000,"US","M"
2023,"MI","FT",120000,"US","M"
2023,"SE","FT",120000,"US","M"
2023,"SE","FT",120000,"US","M"
2023,"SE","FT",120000,"US","M"
2023,"SE","FT",120000,"US","M"
2023,"MI","FT",120000,"US","M"
2023,"SE","FT",120000,"US","M"
2023,"SE","FT",120000,"US","M"
2023,"SE","FT",120000,"US","M"
2023,"SE","FT",120000,"US","M"
2023,"SE","FT",120000,"US","M"
2023,"SE","FT",120000,"US","M"
2023,"MI","FT",120000,"US","M"
2023,"SE","FT",120000,"US","M"
2023,"MI","FT",120000,"US","M"
2023,"SE","FT",120000,"US","M"
2023,"EN","FT",120000,"GB","M"
2023,"MI","FT",120000,"US","M"
2023,"MI","FT",147648,"GB","M"
2023,"SE","FT",120000,"US","M"
2023,"SE","FT",120000,"US","M"
2023,"MI","FT",120000,"US","M"
2023,"EN","FT",120000,"BA","S"
2023,"MI","FT",120000,"US","M"
2023,"MI","FT",120000,"US","M"
2023,"MI","FT",120000,"US","M"
2023,"MI","FT",120000,"US","M"
2023,"SE","FT",120000,"US","M"
2023,"MI","FT",120000,"US","M"
2023,"MI","FT",120000,"US","M"
2023,"EN","FT",120000,"US","M"
2023,"EN","FT",120000,"US","M"
2023,"MI","FT",120000,"US","M"
2023,"SE","FT",120000,"US","M"
2023,"SE","FT",120000,"US","M"
2023,"SE","FT",120000,"CA","M"
2022,"SE","FT",120000,"US","M"
2022,"MI","FT",120000,"US","M"
2022,"SE","FT",120000,"US","M"
2022,"SE","FT",120000,"US","M"
2022,"SE","FT",120000,"US","M"
2022,"SE","FT",120000,"US","M"
2022,"SE","FT",120000,"US","M"
2022,"MI","FT",120000,"US","M"
2022,"SE","FT",120000,"US","M"
2022,"SE","FT",120000,"US","M"
2022,"SE","FT",120000,"US","M"
2022,"SE","FT",120000,"US","M"
2022,"SE","FT",120000,"US","M"
2022,"SE","FT",120000,"US","M"
2022,"SE","FT",120000,"US","M"
2022,"MI","FT",120000,"US","M"
2022,"MI","FT",120000,"US","M"
2022,"SE","FT",120000,"US","M"
2022,"SE","FT",120000,"US","M"
2022,"SE","FT",120000,"US","M"
2022,"MI","FT",120000,"US","M"
2022,"SE","FT",120000,"US","M"
2022,"SE","FT",120000,"US","M"
2022,"MI","FT",120000,"US","M"
2022,"MI","FT",120000,"US","M"
2022,"MI","FT",120000,"US","M"
2022,"MI","FT",120000,"US","M"
2022,"SE","FT",120000,"US","M"
2022,"SE","FT",120000,"US","S"
2022,"SE","FT",120000,"US","M"
2022,"MI","FT",83171,"AU","L"
2022,"MI","FT",126080,"DE","S"
2021,"EN","PT",19073,"DK","L"
2022,"SE","FT",120000,"US","M"
2022,"MI","FT",120000,"US","M"
2022,"SE","FT",120000,"US","L"
2022,"SE","FT",120000,"US","M"
2022,"MI","FT",120000,"US","M"
2022,"SE","FT",120000,"AE","S"
2022,"MI","FT",120000,"US","S"
2022,"EN","FT",83171,"AU","M"
2022,"EN","FT",120000,"US","L"
2022,"EN","FT",120000,"US","M"
2021,"SE","FT",120000,"US","S"
2021,"SE","FT",120000,"US","M"
2021,"MI","FT",89294,"SG","L"
2021,"EX","FT",141846,"DE","L"
2021,"SE","FT",120000,"US","L"
2020,"SE","FT",120000,"US","L"
2024,"SE","FT",119900,"CA","M"
2024,"SE","FT",119887,"US","M"
2023,"SE","FT",119800,"US","M"
2023,"SE","FT",119800,"US","M"
2024,"SE","FT",119786,"CA","M"
2024,"SE","FT",119700,"US","M"
2023,"SE","FT",119700,"US","M"
2023,"SE","FT",119700,"US","M"
2023,"SE","FT",119700,"US","M"
2023,"SE","FT",119700,"US","M"
2023,"SE","FT",119700,"US","M"
2023,"SE","FT",119636,"US","M"
2023,"SE","FT",119636,"US","M"
2023,"SE","FT",119610,"US","M"
2023,"SE","FT",119610,"US","M"
2023,"SE","FT",119600,"US","M"
2023,"SE","FT",119500,"US","M"
2022,"SE","FT",119300,"US","L"
2022,"SE","FT",119300,"US","L"
2024,"SE","FT",119250,"US","M"
2023,"SE","FT",119250,"US","M"
2023,"SE","FT",119250,"US","M"
2023,"SE","FT",119213,"US","M"
2023,"SE","FT",119213,"CA","M"
2024,"MI","FT",119200,"US","M"
2024,"MI","FT",119200,"US","M"
2023,"SE","FT",119200,"US","M"
2023,"MI","FT",119200,"US","M"
2023,"EN","FT",119200,"US","M"
2023,"EN","FT",119200,"US","M"
2023,"EN","FT",119200,"US","M"
2024,"SE","FT",119060,"US","M"
2024,"EN","FT",119000,"US","M"
2024,"SE","FT",119000,"US","M"
2024,"MI","FT",119000,"US","M"
2024,"SE","FT",119000,"US","M"
2024,"SE","FT",119000,"US","M"
2023,"MI","FT",119000,"US","M"
2023,"MI","FT",119000,"US","M"
2023,"SE","FT",119000,"US","M"
2023,"SE","FT",119000,"US","M"
2023,"SE","FT",119000,"US","M"
2023,"SE","FT",119000,"US","M"
2022,"SE","FT",119000,"US","M"
2022,"SE","FT",119000,"US","M"
2022,"SE","FT",119000,"US","M"
2022,"SE","FT",119000,"US","M"
2023,"SE","FT",118900,"US","M"
2023,"MI","FT",118800,"US","M"
2023,"MI","FT",118800,"US","M"
2023,"SE","FT",118800,"US","M"
2023,"SE","FT",118800,"US","M"
2024,"EN","FT",118750,"US","M"
2023,"EN","FT",118750,"US","M"
2023,"SE","FT",118720,"US","M"
2024,"MI","FT",118600,"US","M"
2023,"SE","FT",118600,"US","M"
2023,"SE","FT",118575,"US","M"
2023,"SE","FT",118575,"CA","M"
2024,"SE","FT",118500,"US","M"
2023,"SE","FT",118500,"US","M"
2023,"EX","FT",118440,"US","M"
2024,"MI","FT",118400,"US","M"
2023,"SE","FT",118400,"US","M"
2024,"MI","FT",118300,"CA","M"
2024,"SE","FT",118300,"US","M"
2023,"SE","FT",118200,"US","M"
2024,"SE","FT",118136,"US","M"
2023,"SE","FT",118100,"US","M"
2023,"MI","FT",118100,"US","M"
2024,"EN","FT",118000,"US","M"
2024,"MI","FT",118000,"US","M"
2024,"SE","FT",118000,"US","M"
2023,"SE","FT",118000,"US","M"
2023,"SE","FT",118000,"US","M"
2023,"SE","FT",118000,"US","M"
2023,"SE","FT",118000,"US","M"
2023,"SE","FT",118000,"US","M"
2023,"SE","FT",118000,"US","M"
2022,"MI","FT",118000,"US","M"
2020,"MI","FT",118000,"US","M"
2024,"SE","FT",117800,"US","M"
2024,"MI","FT",117750,"US","M"
2024,"SE","FT",117725,"US","M"
2023,"SE","FT",117700,"GB","M"
2024,"MI","FT",117500,"US","M"
2024,"EX","FT",117500,"US","M"
2023,"SE","FT",117500,"US","M"
2024,"MI","FT",117400,"US","M"
2024,"SE","FT",117400,"US","M"
2023,"MI","FT",117300,"US","M"
2023,"SE","FT",117100,"US","M"
2024,"MI","FT",117000,"US","M"
2024,"MI","FT",117000,"US","M"
2024,"SE","FT",117000,"US","M"
2024,"SE","FT",117000,"US","M"
2024,"SE","FT",117000,"US","M"
2024,"MI","FT",117000,"US","M"
2024,"SE","FT",117000,"US","M"
2024,"MI","FT",117000,"US","L"
2024,"SE","FT",117000,"US","M"
2024,"SE","FT",117000,"US","M"
2024,"MI","FT",117000,"US","M"
2024,"SE","FT",117000,"US","M"
2024,"SE","FT",117000,"US","M"
2024,"MI","FT",117000,"CA","M"
2024,"SE","FT",117000,"US","M"
2024,"MI","FT",130000,"DE","L"
2024,"SE","FT",117000,"US","M"
2024,"SE","FT",117000,"US","M"
2024,"SE","FT",117000,"US","M"
2023,"MI","FT",117000,"US","M"
2023,"SE","FT",117000,"US","M"
2023,"SE","FT",117000,"US","M"
2023,"SE","FT",117000,"US","M"
2023,"MI","FT",117000,"US","M"
2023,"SE","FT",86682,"CA","M"
2023,"SE","FT",117000,"US","M"
2023,"SE","FT",117000,"US","M"
2022,"SE","FT",117000,"US","M"
2022,"SE","FT",117000,"US","M"
2022,"SE","FT",117000,"US","M"
2023,"SE","FT",116990,"US","M"
2023,"MI","FT",116990,"US","M"
2024,"SE","FT",116974,"US","M"
2023,"SE","FT",116960,"US","M"
2024,"SE","FT",116800,"US","M"
2023,"MI","FT",116800,"US","M"
2023,"SE","FT",116710,"US","M"
2023,"EX","FT",116704,"US","M"
2023,"EX","FT",116704,"US","M"
2023,"SE","FT",116700,"US","M"
2023,"MI","FT",116700,"US","M"
2024,"SE","FT",116600,"US","M"
2024,"MI","FT",116550,"US","M"
2024,"SE","FT",116500,"US","M"
2023,"SE","FT",116500,"US","M"
2023,"MI","FT",116500,"US","M"
2023,"MI","FT",116480,"US","M"
2023,"SE","FT",116455,"US","M"
2023,"SE","FT",116450,"US","M"
2023,"SE","FT",116300,"US","M"
2023,"SE","FT",116300,"US","M"
2023,"SE","FT",116300,"US","M"
2024,"MI","FT",116259,"AU","M"
2022,"SE","FT",116250,"US","M"
2022,"SE","FT",116250,"US","M"
2024,"MI","FT",116200,"US","M"
2024,"SE","FT",116200,"US","M"
2023,"MI","FT",116200,"US","M"
2022,"SE","FT",116150,"US","M"
2022,"SE","FT",116100,"CA","M"
2022,"EX","FT",116100,"US","M"
2024,"MI","FT",116047,"CA","M"
2024,"EN","FT",116013,"US","M"
2024,"MI","FT",116000,"US","M"
2024,"SE","FT",116000,"US","M"
2024,"EN","FT",116000,"US","M"
2024,"SE","FT",116000,"US","M"
2024,"SE","FT",116000,"US","M"
2024,"SE","FT",116000,"US","M"
2024,"SE","FT",116000,"US","M"
2024,"MI","FT",116000,"US","M"
2024,"SE","FT",116000,"US","M"
2023,"SE","FT",116000,"US","M"
2023,"SE","FT",116000,"US","M"
2023,"SE","FT",116000,"US","M"
2023,"SE","FT",116000,"US","M"
2023,"MI","FT",116000,"US","M"
2023,"SE","FT",116000,"US","M"
2023,"SE","FT",116000,"US","M"
2023,"EN","FT",116000,"US","M"
2023,"SE","FT",116000,"US","M"
2023,"SE","FT",116000,"US","M"
2023,"SE","FT",116000,"US","M"
2023,"SE","FT",116000,"US","M"
2023,"MI","FT",116000,"US","M"
2023,"SE","FT",116000,"US","M"
2023,"MI","FT",116000,"US","M"
2022,"SE","FT",116000,"US","M"
2022,"SE","FT",116000,"US","M"
2023,"MI","FT",115950,"US","M"
2023,"MI","FT",115950,"US","M"
2023,"SE","FT",115934,"US","M"
2023,"SE","FT",115934,"US","M"
2023,"SE","FT",115934,"US","M"
2023,"SE","FT",115934,"US","M"
2022,"SE","FT",115934,"US","M"
2022,"SE","FT",115934,"US","M"
2022,"SE","FT",115934,"US","M"
2022,"SE","FT",115934,"US","M"
2022,"SE","FT",115934,"US","M"
2022,"SE","FT",115934,"US","M"
2022,"SE","FT",115934,"US","M"
2023,"SE","FT",115920,"US","M"
2023,"SE","FT",115920,"US","M"
2024,"SE","FT",115900,"US","M"
2024,"SE","FT",115889,"US","M"
2023,"EX","FT",115830,"US","M"
2024,"SE","FT",115800,"US","M"
2024,"SE","FT",115765,"US","M"
2023,"MI","FT",115702,"US","M"
2023,"SE","FT",115607,"US","M"
2023,"SE","FT",115607,"US","M"
2023,"SE","FT",115600,"US","M"
2024,"SE","FT",115500,"US","M"
2024,"SE","FT",115500,"US","M"
2024,"MI","FT",115500,"US","M"
2023,"SE","FT",115500,"US","M"
2023,"MI","FT",115500,"US","M"
2023,"MI","FT",115500,"US","M"
2023,"MI","FT",115500,"US","M"
2023,"MI","FT",115500,"US","M"
2023,"MI","FT",115500,"US","M"
2023,"MI","FT",115500,"US","M"
2023,"MI","FT",115500,"US","M"
2023,"MI","FT",115500,"US","M"
2023,"MI","FT",115500,"US","M"
2023,"MI","FT",115500,"US","M"
2023,"MI","FT",115500,"US","M"
2023,"MI","FT",115500,"US","M"
2023,"MI","FT",115500,"US","M"
2023,"MI","FT",115500,"US","M"
2023,"MI","FT",115500,"US","M"
2023,"MI","FT",115500,"US","M"
2023,"MI","FT",115500,"US","M"
2023,"MI","FT",115500,"US","M"
2023,"EX","FT",115500,"US","M"
2023,"EX","FT",115500,"US","M"
2023,"EX","FT",115500,"US","M"
2022,"MI","FT",115500,"US","M"
2023,"SE","FT",115440,"US","M"
2024,"SE","FT",115400,"US","M"
2023,"EN","FT",115360,"US","M"
2023,"MI","FT",115360,"US","M"
2022,"MI","FT",115360,"US","M"
2023,"MI","FT",115300,"US","M"
2024,"SE","FT",115254,"US","M"
2023,"SE","FT",115100,"US","L"
2023,"SE","FT",115100,"US","L"
2023,"EN","FT",115100,"US","M"
2023,"MI","FT",115092,"US","M"
2024,"MI","FT",115000,"US","M"
2024,"MI","FT",115000,"US","L"
2024,"SE","FT",115000,"US","M"
2024,"SE","FT",115000,"US","M"
2024,"EN","FT",115000,"US","M"
2024,"MI","FT",115000,"US","M"
2024,"SE","FT",115000,"US","M"
2024,"SE","FT",115000,"US","M"
2024,"MI","FT",115000,"US","M"
2024,"EN","FT",115000,"US","M"
2024,"SE","FT",115000,"US","M"
2024,"MI","FT",115000,"US","M"
2024,"MI","FT",115000,"US","M"
2024,"EN","FT",115000,"US","M"
2024,"SE","FT",115000,"US","M"
2024,"EN","FT",115000,"US","M"
2024,"SE","FT",115000,"US","M"
2024,"EN","FT",115000,"US","M"
2024,"SE","FT",115000,"US","M"
2024,"SE","FT",115000,"US","M"
2024,"EN","FT",115000,"US","M"
2024,"SE","FT",115000,"US","M"
2024,"MI","FT",115000,"US","M"
2024,"SE","FT",115000,"US","M"
2024,"MI","FT",115000,"US","M"
2024,"SE","FT",115000,"US","M"
2024,"SE","FT",115000,"US","M"
2024,"EN","FT",115000,"US","M"
2024,"MI","FT",115000,"US","M"
2024,"SE","FT",115000,"US","M"
2024,"EN","FT",115000,"US","M"
2024,"SE","FT",115000,"US","M"
2024,"SE","FT",115000,"US","M"
2024,"SE","FT",115000,"US","M"
2024,"EN","FT",115000,"US","M"
2024,"SE","FT",115000,"CA","M"
2024,"EN","FT",115000,"US","M"
2024,"SE","FT",115000,"US","M"
2024,"EN","FT",115000,"US","M"
2024,"SE","FT",115000,"US","M"
2024,"MI","FT",115000,"US","M"
2024,"MI","FT",115000,"US","M"
2023,"SE","FT",115000,"US","M"
2023,"EN","FT",115000,"US","M"
2023,"SE","FT",115000,"US","M"
2023,"MI","FT",115000,"US","L"
2023,"SE","FT",115000,"US","M"
2023,"SE","FT",115000,"US","M"
2023,"SE","FT",115000,"US","M"
2023,"MI","FT",115000,"US","M"
2023,"SE","FT",115000,"US","M"
2023,"SE","FT",115000,"US","M"
2023,"SE","FT",115000,"US","M"
2023,"SE","FT",115000,"US","M"
2023,"SE","FT",115000,"US","M"
2023,"SE","FT",115000,"CA","M"
2023,"MI","FT",115000,"US","M"
2023,"SE","FT",115000,"US","M"
2023,"SE","FT",115000,"US","M"
2023,"SE","FT",115000,"US","L"
2023,"SE","FT",115000,"US","M"
2023,"SE","FT",115000,"US","L"
2023,"SE","FT",115000,"US","M"
2023,"SE","FT",115000,"US","M"
2023,"SE","FT",115000,"US","M"
2023,"MI","FT",115000,"US","M"
2023,"SE","FT",115000,"US","M"
2023,"MI","FT",115000,"US","M"
2023,"MI","FT",115000,"US","M"
2023,"SE","FT",115000,"US","M"
2023,"MI","FT",115000,"US","M"
2023,"MI","FT",115000,"US","M"
2023,"SE","FT",115000,"US","M"
2023,"MI","FT",115000,"US","M"
2023,"SE","FT",115000,"US","M"
2023,"SE","FT",115000,"US","M"
2023,"MI","FT",115000,"US","M"
2023,"EN","FT",115000,"CA","M"
2023,"EX","FT",115000,"BR","M"
2023,"MI","FT",115000,"US","M"
2023,"EN","FT",115000,"CA","M"
2023,"SE","FT",115000,"US","M"
2023,"MI","FT",115000,"US","M"
2023,"SE","FT",115000,"US","M"
2023,"SE","FT",115000,"US","M"
2023,"SE","FT",115000,"US","M"
2023,"SE","FT",115000,"US","M"
2023,"SE","FT",115000,"US","M"
2023,"SE","FT",115000,"US","M"
2023,"SE","FT",115000,"US","M"
2023,"SE","FT",115000,"IL","S"
2023,"MI","FT",115000,"US","M"
2023,"SE","FT",115000,"US","M"
2023,"SE","FT",115000,"US","M"
2023,"SE","FT",115000,"US","M"
2023,"EN","FT",115000,"US","M"
2023,"MI","FT",115000,"US","M"
2023,"SE","FT",115000,"US","M"
2023,"SE","FT",115000,"US","M"
2023,"SE","FT",115000,"US","M"
2023,"SE","FT",115000,"US","M"
2023,"SE","FT",115000,"US","M"
2023,"SE","FT",115000,"US","M"
2023,"EX","FT",115000,"US","M"
2023,"SE","FT",115000,"US","M"
2023,"SE","FT",115000,"US","M"
2023,"SE","FT",115000,"CA","M"
2023,"SE","FT",115000,"US","M"
2023,"SE","FT",115000,"US","M"
2023,"SE","FT",124163,"DE","L"
2023,"SE","FT",115000,"US","M"
2023,"SE","FT",115000,"US","M"
2023,"SE","FT",115000,"US","M"
2023,"SE","FT",115000,"US","M"
2023,"SE","FT",115000,"US","M"
2023,"SE","FT",115000,"US","M"
2022,"SE","FT",115000,"US","M"
2022,"MI","FT",115000,"US","M"
2021,"SE","FT",115000,"US","S"
2022,"SE","FT",115000,"US","M"
2022,"SE","FT",115000,"US","M"
2022,"SE","FT",115000,"US","M"
2022,"SE","FT",115000,"US","M"
2022,"SE","FT",115000,"US","L"
2022,"SE","FT",115000,"US","M"
2022,"EN","FT",115000,"US","L"
2022,"SE","FT",115000,"US","M"
2022,"SE","FT",115000,"US","M"
2022,"MI","FT",120402,"CH","L"
2021,"SE","FT",115000,"US","S"
2020,"MI","FT",115000,"AE","L"
2021,"MI","FT",115000,"US","L"
2024,"MI","FT",114800,"US","M"
2023,"SE","FT",114700,"US","L"
2024,"EX","FT",114638,"CA","M"
2023,"SE","FT",114500,"US","M"
2023,"SE","FT",114300,"US","M"
2024,"MI","FT",114100,"US","M"
2023,"SE","FT",114080,"US","M"
2023,"SE","FT",114080,"US","M"
2023,"SE","FT",114080,"US","M"
2023,"SE","FT",114080,"US","M"
2024,"MI","FT",114000,"US","M"
2024,"MI","FT",129545,"CH","L"
2024,"MI","FT",114000,"CA","M"
2024,"SE","FT",114000,"US","M"
2024,"MI","FT",114000,"US","M"
2024,"EN","FT",114000,"US","M"
2023,"MI","FT",114000,"US","M"
2023,"SE","FT",114000,"US","M"
2023,"MI","FT",114000,"US","M"
2023,"SE","FT",114000,"US","M"
2023,"SE","FT",114000,"US","M"
2023,"MI","FT",113923,"US","M"
2023,"SE","FT",113900,"US","M"
2023,"SE","FT",113900,"US","M"
2023,"SE","FT",113900,"US","M"
2023,"SE","FT",113900,"US","M"
2023,"SE","FT",113900,"US","M"
2022,"SE","FT",113900,"US","M"
2022,"SE","FT",113900,"US","M"
2024,"EN","FT",113800,"US","M"
2023,"EN","FT",113800,"US","M"
2023,"SE","FT",113750,"US","M"
2023,"SE","FT",113750,"US","M"
2023,"SE","FT",113750,"US","M"
2023,"SE","FT",113750,"IE","M"
2023,"SE","FT",113750,"US","M"
2024,"SE","FT",113700,"US","M"
2023,"SE","FT",113600,"US","M"
2023,"MI","FT",113563,"AU","M"
2024,"MI","FT",113500,"US","M"
2023,"SE","FT",113500,"US","M"
2023,"SE","FT",113400,"US","M"
2023,"SE","FT",113220,"US","M"
2023,"SE","FT",113220,"US","M"
2024,"SE","FT",113210,"US","M"
2024,"SE","FT",113100,"US","M"
2023,"SE","FT",113100,"US","M"
2024,"SE","FT",113050,"US","M"
2024,"SE","FT",113000,"US","M"
2024,"MI","FT",113000,"US","M"
2024,"SE","FT",113000,"US","M"
2024,"SE","FT",113000,"US","M"
2023,"EX","FT",113000,"US","M"
2023,"MI","FT",113000,"US","M"
2023,"SE","FT",113000,"US","M"
2023,"EX","FT",113000,"US","M"
2023,"EX","FT",113000,"US","M"
2023,"SE","FT",113000,"US","M"
2023,"EX","FT",113000,"US","M"
2023,"SE","FT",113000,"US","M"
2023,"SE","FT",113000,"US","M"
2023,"SE","FT",113000,"US","M"
2023,"SE","FT",113000,"US","M"
2023,"SE","FT",113000,"US","M"
2023,"SE","FT",113000,"US","M"
2023,"SE","FT",113000,"US","M"
2023,"SE","FT",113000,"CA","M"
2023,"SE","FT",113000,"US","M"
2022,"SE","FT",113000,"US","M"
2022,"MI","FT",113000,"US","L"
2022,"MI","FT",113000,"US","L"
2022,"SE","FT",113000,"US","L"
2022,"SE","FT",112900,"US","M"
2022,"SE","FT",112900,"US","M"
2022,"SE","FT",112900,"US","M"
2022,"SE","FT",112900,"US","M"
2022,"SE","FT",112900,"US","M"
2024,"SE","FT",125333,"LT","M"
2023,"SE","FT",121788,"LT","M"
2024,"SE","FT",112715,"US","M"
2023,"SE","FT",138666,"GB","M"
2023,"SE","FT",112655,"US","M"
2023,"SE","FT",112655,"US","M"
2024,"MI","FT",112500,"US","M"
2023,"MI","FT",112500,"US","M"
2023,"SE","FT",112500,"US","M"
2023,"SE","FT",112500,"US","M"
2023,"MI","FT",112400,"GB","M"
2023,"SE","FT",112400,"GB","M"
2022,"MI","FT",112300,"US","L"
2023,"SE","FT",112200,"US","M"
2023,"SE","FT",112200,"US","M"
2023,"SE","FT",112200,"US","M"
2023,"SE","FT",112200,"US","M"
2023,"SE","FT",112200,"US","M"
2024,"SE","FT",112125,"CA","M"
2024,"EN","FT",112000,"US","M"
2024,"SE","FT",140000,"GB","M"
2024,"SE","FT",112000,"US","M"
2024,"SE","FT",112000,"US","M"
2024,"SE","FT",112000,"US","M"
2024,"SE","FT",112000,"US","M"
2024,"SE","FT",112000,"US","M"
2024,"SE","FT",112000,"US","M"
2024,"MI","FT",112000,"US","M"
2024,"MI","FT",112000,"US","M"
2024,"SE","FT",112000,"US","M"
2024,"SE","FT",112000,"US","M"
2024,"MI","FT",112000,"US","M"
2024,"SE","FT",112000,"US","M"
2024,"MI","FT",112000,"US","M"
2024,"SE","FT",112000,"US","M"
2024,"EN","FT",112000,"US","M"
2024,"MI","FT",112000,"GB","M"
2024,"MI","FT",112000,"US","M"
2024,"MI","FT",112000,"US","M"
2024,"MI","FT",112000,"US","M"
2024,"MI","FT",112000,"US","M"
2024,"EX","FT",112000,"US","M"
2024,"SE","FT",112000,"US","M"
2024,"SE","FT",112000,"US","M"
2024,"MI","FT",112000,"US","M"
2024,"MI","FT",112000,"US","M"
2024,"MI","FT",112000,"US","M"
2024,"SE","FT",112000,"US","M"
2024,"SE","FT",112000,"US","M"
2024,"EN","FT",112000,"US","M"
2024,"EN","FT",112000,"US","M"
2024,"MI","FT",112000,"US","M"
2024,"MI","FT",112000,"US","M"
2024,"EX","FT",112000,"US","M"
2024,"SE","FT",112000,"US","M"
2024,"EN","FT",112000,"US","M"
2024,"MI","FT",112000,"US","M"
2024,"MI","FT",112000,"US","M"
2023,"SE","FT",112000,"US","M"
2023,"MI","FT",112000,"US","M"
2023,"SE","FT",112000,"US","M"
2023,"SE","FT",112000,"US","M"
2023,"MI","FT",112000,"US","M"
2023,"MI","FT",112000,"US","M"
2023,"MI","FT",112000,"US","M"
2023,"EN","FT",112000,"US","M"
2023,"SE","FT",112000,"US","M"
2023,"SE","FT",112000,"US","M"
2023,"EN","FT",112000,"US","M"
2023,"SE","FT",112000,"US","M"
2023,"SE","FT",112000,"CA","M"
2023,"SE","FT",112000,"CA","M"
2023,"MI","FT",112000,"US","M"
2023,"SE","FT",112000,"US","M"
2023,"SE","FT",112000,"US","M"
2023,"EN","FT",122638,"CH","L"
2023,"MI","FT",112000,"US","M"
2023,"SE","FT",112000,"US","M"
2023,"SE","FT",112000,"US","M"
2022,"MI","FT",112000,"US","M"
2021,"MI","FT",112000,"US","L"
2023,"SE","FT",111967,"US","M"
2024,"MI","FT",111800,"US","M"
2024,"SE","FT",111800,"US","M"
2021,"MI","FT",111775,"US","M"
2024,"SE","FT",111648,"US","M"
2024,"MI","FT",111600,"US","L"
2024,"MI","FT",111600,"US","L"
2024,"MI","FT",111600,"US","L"
2024,"MI","FT",111600,"US","L"
2023,"SE","FT",111600,"US","L"
2023,"SE","FT",111600,"US","L"
2023,"SE","FT",111600,"US","L"
2023,"SE","FT",111600,"US","M"
2023,"SE","FT",111600,"US","L"
2023,"SE","FT",111600,"US","M"
2023,"SE","FT",111600,"US","L"
2023,"SE","FT",111550,"US","M"
2023,"SE","FT",111550,"US","M"
2024,"EN","FT",111510,"US","M"
2024,"EN","FT",111500,"US","M"
2024,"SE","FT",111500,"US","M"
2024,"SE","FT",111500,"US","M"
2023,"MI","FT",111400,"US","M"
2023,"SE","FT",111400,"US","M"
2024,"MI","FT",111300,"US","M"
2024,"SE","FT",111200,"US","M"
2023,"MI","FT",111151,"US","M"
2023,"MI","FT",82254,"CA","L"
2024,"MI","FT",111000,"US","M"
2024,"MI","FT",111000,"US","M"
2023,"MI","FT",111000,"US","M"
2023,"MI","FT",111000,"US","M"
2023,"SE","FT",111000,"US","M"
2023,"MI","FT",111000,"US","M"
2023,"SE","FT",111000,"US","M"
2023,"MI","FT",111000,"US","M"
2023,"SE","FT",111000,"US","M"
2023,"EN","FT",111000,"US","M"
2023,"SE","FT",111000,"US","M"
2023,"SE","FT",111000,"US","M"
2023,"SE","FT",111000,"US","M"
2022,"SE","FT",110925,"US","M"
2022,"SE","FT",110925,"US","M"
2024,"SE","FT",110900,"US","M"
2023,"SE","FT",110841,"US","M"
2023,"SE","FT",110700,"US","M"
2023,"EN","FT",110680,"US","L"
2024,"MI","FT",110630,"CA","M"
2023,"SE","FT",110600,"US","M"
2023,"SE","FT",110600,"US","M"
2023,"SE","FT",110600,"US","M"
2023,"SE","FT",110600,"US","M"
2023,"SE","FT",110600,"US","M"
2023,"SE","FT",110600,"US","M"
2023,"SE","FT",110600,"US","M"
2023,"SE","FT",110600,"US","M"
2023,"SE","FT",110600,"US","M"
2023,"SE","FT",110600,"US","M"
2023,"SE","FT",110600,"US","M"
2023,"SE","FT",110600,"US","M"
2022,"SE","FT",110600,"US","M"
2022,"SE","FT",110600,"US","M"
2022,"SE","FT",110600,"US","M"
2022,"SE","FT",110600,"US","M"
2022,"SE","FT",110600,"US","M"
2022,"SE","FT",110600,"US","M"
2022,"SE","FT",110600,"US","M"
2022,"SE","FT",110600,"US","M"
2024,"EN","FT",110500,"US","M"
2023,"SE","FT",110500,"US","M"
2023,"SE","FT",110500,"US","M"
2022,"SE","FT",110500,"US","M"
2024,"MI","FT",110400,"US","M"
2024,"EN","FT",110400,"US","M"
2024,"EN","FT",110400,"US","M"
2023,"SE","FT",110400,"US","M"
2023,"SE","FT",110400,"US","M"
2023,"SE","FT",110400,"US","M"
2023,"SE","FT",110400,"US","M"
2023,"SE","FT",110400,"US","M"
2024,"MI","FT",110300,"US","M"
2023,"SE","FT",110250,"US","M"
2023,"SE","FT",110200,"US","M"
2023,"SE","FT",110200,"US","M"
2023,"SE","FT",110200,"US","M"
2024,"MI","FT",110000,"US","M"
2024,"SE","FT",110000,"US","M"
2024,"SE","FT",110000,"US","M"
2024,"MI","FT",110000,"US","M"
2024,"MI","FT",110000,"CA","M"
2024,"SE","FT",110000,"US","M"
2024,"MI","FT",110000,"US","M"
2024,"MI","FT",110000,"US","M"
2024,"SE","FT",110000,"US","M"
2024,"SE","FT",110000,"US","M"
2024,"SE","FT",110000,"US","M"
2024,"MI","FT",110000,"US","M"
2024,"MI","FT",110000,"US","M"
2024,"MI","FT",110000,"US","M"
2024,"MI","FT",110000,"US","M"
2024,"SE","FT",110000,"US","M"
2024,"MI","FT",110000,"US","M"
2024,"SE","FT",110000,"UA","M"
2024,"MI","FT",110000,"US","M"
2024,"SE","FT",110000,"US","M"
2024,"EN","FT",110000,"US","M"
2024,"SE","FT",110000,"US","M"
2024,"SE","FT",110000,"US","M"
2024,"MI","FT",110000,"US","M"
2024,"EN","FT",110000,"US","M"
2024,"SE","FT",110000,"US","M"
2024,"SE","FT",110000,"US","M"
2024,"SE","FT",110000,"US","M"
2024,"SE","FT",110000,"US","M"
2024,"EN","FT",110000,"US","M"
2024,"MI","FT",110000,"US","M"
2024,"MI","FT",110000,"US","M"
2024,"SE","FT",110000,"US","M"
2024,"SE","FT",110000,"US","M"
2024,"SE","FT",110000,"US","M"
2024,"MI","FT",110000,"US","M"
2024,"MI","FT",110000,"US","M"
2024,"SE","FT",110000,"US","M"
2024,"SE","FT",110000,"US","M"
2024,"SE","FT",110000,"CA","M"
2024,"MI","FT",110000,"US","M"
2024,"SE","FT",110000,"US","M"
2024,"SE","FT",110000,"US","M"
2024,"SE","FT",110000,"US","M"
2024,"SE","FT",110000,"UA","M"
2023,"SE","FT",110000,"US","L"
2024,"SE","FT",110000,"US","M"
2024,"MI","FT",110000,"US","M"
2024,"EN","FT",110000,"US","M"
2024,"SE","FT",110000,"US","M"
2024,"SE","FT",137500,"GB","S"
2024,"SE","FT",110000,"US","M"
2024,"SE","FT",110000,"CA","M"
2024,"SE","FT",110000,"US","M"
2024,"MI","FT",110000,"US","M"
2024,"EN","FT",110000,"US","M"
2023,"SE","FT",110000,"US","M"
2023,"MI","FT",110000,"US","M"
2023,"MI","FT",110000,"US","M"
2023,"SE","FT",110000,"US","M"
2023,"SE","FT",110000,"US","M"
2023,"MI","FT",110000,"US","M"
2023,"SE","FT",110000,"US","M"
2023,"SE","FT",110000,"US","M"
2023,"SE","FT",110000,"CA","M"
2023,"SE","FT",110000,"US","M"
2023,"MI","FT",110000,"US","M"
2023,"SE","FT",110000,"US","M"
2023,"SE","FT",110000,"PL","M"
2023,"MI","FT",110000,"US","M"
2023,"MI","FT",110000,"US","M"
2023,"EN","FT",110000,"US","M"
2023,"SE","FT",110000,"US","M"
2023,"SE","FT",110000,"US","M"
2023,"MI","FT",110000,"US","M"
2023,"MI","FT",110000,"US","M"
2023,"MI","FT",110000,"US","M"
2023,"MI","FT",110000,"US","M"
2023,"MI","FT",110000,"US","M"
2023,"SE","FT",110000,"US","M"
2023,"MI","FT",110000,"US","M"
2023,"SE","FT",110000,"US","M"
2023,"SE","FT",110000,"US","M"
2023,"SE","FT",110000,"US","M"
2023,"MI","FT",110000,"US","M"
2023,"MI","FT",110000,"US","M"
2023,"SE","FT",110000,"US","M"
2023,"MI","FT",110000,"US","M"
2023,"SE","FT",110000,"US","M"
2023,"MI","FT",110000,"US","M"
2023,"SE","FT",110000,"US","M"
2023,"MI","FT",110000,"US","M"
2023,"EN","FT",110000,"US","M"
2023,"SE","FT",110000,"US","M"
2023,"SE","FT",110000,"US","M"
2023,"SE","FT",110000,"US","M"
2023,"SE","FT",110000,"US","M"
2023,"SE","FT",110000,"US","M"
2023,"SE","FT",110000,"US","M"
2023,"MI","FT",110000,"US","M"
2023,"SE","FT",110000,"US","M"
2023,"MI","FT",110000,"US","M"
2023,"MI","FT",135344,"GB","M"
2023,"EX","FT",135344,"GB","M"
2023,"MI","FT",110000,"US","M"
2023,"MI","FT",110000,"US","M"
2023,"MI","FT",110000,"FR","M"
2023,"MI","FT",110000,"US","M"
2023,"SE","FT",110000,"US","M"
2023,"EX","FT",110000,"BR","M"
2023,"MI","FT",110000,"US","M"
2023,"MI","FT",110000,"US","M"
2023,"MI","FT",110000,"US","M"
2023,"SE","FT",110000,"US","M"
2023,"MI","FT",110000,"US","M"
2023,"MI","FT",110000,"US","M"
2023,"MI","FT",110000,"US","M"
2023,"SE","FT",110000,"US","M"
2023,"MI","FT",110000,"US","M"
2023,"MI","FT",110000,"US","M"
2023,"MI","FT",110000,"US","M"
2023,"MI","FT",110000,"US","M"
2023,"MI","FT",110000,"US","M"
2023,"MI","FT",110000,"US","M"
2023,"SE","FT",110000,"GB","M"
2023,"SE","FT",110000,"US","M"
2023,"SE","FT",110000,"US","M"
2023,"SE","FT",110000,"US","M"
2023,"SE","FT",110000,"US","M"
2023,"SE","FT",110000,"US","M"
2023,"SE","FT",110000,"US","M"
2023,"SE","FT",110000,"US","M"
2023,"SE","FT",110000,"US","M"
2023,"MI","FT",110000,"US","M"
2023,"EX","FT",135344,"GB","M"
2023,"MI","FT",110000,"US","M"
2023,"SE","FT",110000,"US","M"
2023,"SE","FT",110000,"GB","M"
2023,"SE","FT",110000,"US","M"
2023,"SE","FT",110000,"GB","M"
2023,"MI","FT",110000,"US","M"
2023,"MI","FT",110000,"US","M"
2023,"MI","FT",110000,"US","M"
2023,"EX","FT",110000,"US","M"
2023,"SE","FT",110000,"US","M"
2023,"SE","FT",110000,"US","M"
2023,"SE","FT",110000,"US","M"
2023,"SE","FT",110000,"CA","M"
2023,"SE","FT",110000,"US","M"
2023,"SE","FT",110000,"US","M"
2023,"SE","FT",110000,"US","M"
2023,"SE","FT",110000,"US","S"
2023,"MI","FT",110000,"US","M"
2023,"EN","FT",110000,"US","S"
2023,"EX","FT",110000,"US","M"
2023,"MI","FT",110000,"US","L"
2023,"SE","FT",110000,"US","M"
2023,"SE","FT",110000,"US","M"
2023,"SE","FT",110000,"US","M"
2022,"MI","FT",110000,"US","L"
2023,"SE","FT",110000,"US","M"
2023,"SE","FT",110000,"US","M"
2023,"SE","FT",110000,"US","M"
2023,"SE","FT",110000,"CA","M"
2023,"SE","FT",110000,"US","M"
2022,"MI","FT",110000,"US","M"
2022,"SE","FT",110000,"US","M"
2022,"SE","FT",110000,"US","M"
2022,"SE","FT",110000,"US","M"
2022,"SE","FT",110000,"US","M"
2022,"SE","FT",115573,"FR","M"
2022,"SE","FT",110000,"US","M"
2022,"SE","FT",110000,"US","M"
2022,"SE","FT",110000,"US","M"
2022,"SE","FT",110000,"US","M"
2022,"SE","FT",110000,"US","M"
2022,"SE","FT",110000,"US","M"
2022,"SE","FT",110000,"US","M"
2022,"SE","FT",110000,"US","M"
2022,"SE","FT",110000,"CA","M"
2022,"SE","FT",110000,"US","M"
2022,"SE","FT",110000,"US","M"
2022,"EN","PT",110000,"FR","M"
2022,"MI","FT",115573,"NL","M"
2022,"MI","FT",135446,"GB","M"
2022,"EX","FT",110000,"US","M"
2021,"EX","FT",130026,"DE","M"
2021,"MI","FT",28476,"PL","L"
2021,"MI","FT",110000,"US","L"
2021,"MI","FT",110000,"US","S"
2021,"MI","FT",110000,"US","L"
2020,"MI","FT",110000,"US","L"
2021,"SE","FT",87738,"CA","S"
2024,"MI","FT",109920,"US","M"
2023,"EN","FT",109900,"US","M"
2024,"EN","FT",109700,"US","M"
2023,"SE","FT",109600,"US","M"
2023,"SE","FT",109528,"US","M"
2024,"SE","FT",109500,"US","M"
2023,"SE","FT",109500,"US","M"
2024,"SE","FT",109400,"US","M"
2024,"SE","FT",109400,"US","M"
2024,"SE","FT",109400,"US","M"
2024,"SE","FT",109400,"US","M"
2023,"SE","FT",109400,"US","M"
2023,"SE","FT",109400,"US","M"
2023,"SE","FT",109400,"US","M"
2023,"SE","FT",109400,"US","M"
2023,"SE","FT",109400,"US","M"
2023,"SE","FT",109400,"US","M"
2023,"SE","FT",109400,"US","M"
2023,"SE","FT",109400,"US","M"
2023,"SE","FT",109400,"US","M"
2023,"SE","FT",109283,"US","M"
2023,"SE","FT",109280,"US","M"
2022,"SE","FT",109280,"US","M"
2022,"SE","FT",109280,"US","M"
2022,"SE","FT",109280,"US","M"
2023,"MI","FT",109238,"US","M"
2024,"SE","FT",109100,"US","M"
2023,"SE","FT",109100,"US","M"
2024,"SE","FT",109000,"US","M"
2024,"MI","FT",109000,"US","M"
2024,"SE","FT",109000,"US","M"
2024,"SE","FT",109000,"US","M"
2024,"MI","FT",109000,"US","M"
2024,"SE","FT",109000,"US","M"
2024,"SE","FT",109000,"US","M"
2024,"SE","FT",109000,"US","M"
2024,"SE","FT",109000,"US","M"
2024,"MI","FT",109000,"US","M"
2024,"SE","FT",109000,"US","M"
2024,"SE","FT",109000,"US","M"
2023,"MI","FT",109000,"US","M"
2023,"MI","FT",109000,"US","M"
2023,"MI","FT",109000,"US","M"
2023,"SE","FT",109000,"US","M"
2023,"MI","FT",109000,"US","M"
2023,"SE","FT",109000,"US","M"
2023,"MI","FT",109000,"US","M"
2022,"MI","FT",109000,"US","M"
2022,"MI","FT",109000,"US","M"
2022,"MI","FT",109000,"US","M"
2021,"MI","FT",109000,"US","L"
2023,"SE","FT",108800,"US","M"
2022,"SE","FT",108800,"US","M"
2023,"SE","FT",108768,"US","M"
2024,"MI","FT",108750,"US","M"
2023,"MI","FT",108560,"US","M"
2024,"SE","FT",108500,"US","M"
2024,"SE","FT",108500,"US","M"
2024,"SE","FT",108500,"US","M"
2024,"SE","FT",108500,"US","M"
2024,"SE","FT",108500,"US","M"
2024,"SE","FT",108500,"US","M"
2024,"SE","FT",108500,"US","M"
2024,"MI","FT",108500,"US","M"
2023,"SE","FT",108500,"US","M"
2023,"MI","FT",108500,"US","M"
2023,"SE","FT",108350,"US","M"
2024,"SE","FT",108334,"US","M"
2023,"SE","FT",108320,"US","M"
2023,"SE","FT",108308,"GB","M"
2023,"SE","FT",108308,"US","M"
2023,"SE","FT",108308,"GB","M"
2023,"SE","FT",108308,"US","M"
2023,"SE","FT",108308,"GB","M"
2023,"SE","FT",108308,"GB","M"
2023,"SE","FT",108308,"GB","M"
2023,"SE","FT",108308,"GB","M"
2024,"EN","FT",108000,"US","M"
2024,"SE","FT",108000,"US","M"
2024,"EN","FT",108000,"US","M"
2023,"MI","FT",108000,"US","M"
2023,"SE","FT",108000,"US","M"
2023,"SE","FT",108000,"US","M"
2023,"SE","FT",108000,"US","M"
2023,"SE","FT",108000,"US","M"
2023,"MI","FT",108000,"US","M"
2023,"SE","FT",108000,"CA","M"
2023,"SE","FT",108000,"US","M"
2023,"MI","FT",108000,"US","M"
2023,"MI","FT",108000,"US","M"
2023,"SE","FT",108000,"UA","M"
2023,"SE","FT",108000,"US","M"
2023,"SE","FT",108000,"US","M"
2022,"EN","FT",108000,"US","S"
2022,"MI","FT",108000,"US","L"
2022,"MI","FT",108000,"US","M"
2022,"SE","FT",108000,"US","L"
2023,"SE","FT",107900,"US","M"
2024,"SE","FT",107800,"US","M"
2024,"MI","FT",107800,"US","M"
2024,"MI","FT",107755,"US","M"
2024,"SE","FT",107730,"CA","M"
2024,"EX","FT",107730,"CA","M"
2024,"SE","FT",107730,"CA","M"
2024,"MI","FT",107690,"US","M"
2023,"MI","FT",107682,"US","M"
2023,"SE","FT",107682,"US","M"
2023,"SE","FT",107600,"US","M"
2024,"MI","FT",107500,"US","M"
2023,"MI","FT",107500,"US","M"
2023,"SE","FT",107500,"CA","M"
2023,"MI","FT",107500,"US","M"
2023,"SE","FT",107500,"US","M"
2023,"SE","FT",107500,"US","M"
2023,"SE","FT",107500,"US","M"
2023,"SE","FT",107500,"US","M"
2024,"SE","FT",107440,"US","M"
2023,"SE","FT",107400,"US","M"
2023,"SE","FT",107250,"US","M"
2024,"SE","FT",107197,"US","M"
2024,"MI","FT",107100,"US","M"
2023,"SE","FT",107100,"US","M"
2023,"SE","FT",107100,"US","M"
2024,"SE","FT",107000,"CA","M"
2024,"SE","FT",107000,"US","M"
2024,"SE","FT",107000,"CA","M"
2023,"MI","FT",107000,"US","M"
2023,"SE","FT",107000,"US","M"
2023,"SE","FT",107000,"US","M"
2023,"SE","FT",107000,"US","M"
2023,"SE","FT",107000,"US","M"
2022,"SE","FT",107000,"US","M"
2022,"MI","FT",131752,"GB","M"
2024,"EN","FT",106960,"US","M"
2023,"SE","FT",106900,"US","M"
2024,"EN","FT",106875,"US","M"
2024,"SE","FT",106875,"US","M"
2023,"EN","FT",106875,"US","M"
2024,"MI","FT",106800,"US","M"
2023,"SE","FT",106800,"US","M"
2023,"SE","FT",106800,"US","M"
2023,"SE","FT",106800,"US","M"
2023,"SE","FT",106800,"US","M"
2023,"SE","FT",106800,"US","M"
2023,"SE","FT",106800,"US","M"
2023,"SE","FT",106800,"US","M"
2023,"SE","FT",106800,"US","M"
2023,"SE","FT",106800,"US","M"
2023,"SE","FT",106800,"US","M"
2023,"SE","FT",106800,"US","M"
2023,"SE","FT",106800,"US","M"
2023,"SE","FT",106800,"US","M"
2023,"SE","FT",106800,"US","M"
2023,"SE","FT",106800,"US","M"
2023,"SE","FT",106800,"US","M"
2023,"SE","FT",106800,"US","M"
2022,"SE","FT",106800,"US","M"
2022,"SE","FT",106800,"US","M"
2022,"SE","FT",106800,"US","M"
2022,"SE","FT",106800,"US","M"
2023,"MI","FT",106720,"US","M"
2024,"MI","FT",106700,"US","M"
2024,"MI","FT",106700,"US","M"
2023,"MI","FT",106700,"US","M"
2023,"MI","FT",106700,"US","M"
2024,"SE","FT",106605,"US","M"
2024,"SE","FT",106605,"US","M"
2024,"SE","FT",106605,"US","M"
2024,"SE","FT",106500,"US","M"
2024,"MI","FT",106500,"US","M"
2024,"MI","FT",106500,"CA","M"
2024,"MI","FT",106500,"US","M"
2024,"SE","FT",106500,"US","M"
2024,"MI","FT",106500,"US","M"
2024,"MI","FT",106500,"US","M"
2024,"SE","FT",106500,"US","M"
2024,"MI","FT",106500,"US","M"
2024,"MI","FT",106500,"US","M"
2024,"SE","FT",106500,"US","M"
2024,"MI","FT",106500,"US","M"
2024,"MI","FT",106500,"US","M"
2023,"MI","FT",106500,"US","M"
2023,"SE","FT",106500,"US","M"
2023,"SE","FT",106500,"US","M"
2023,"SE","FT",106500,"US","M"
2023,"MI","FT",106500,"US","M"
2023,"SE","FT",106500,"US","M"
2023,"MI","FT",106500,"US","M"
2023,"MI","FT",106500,"US","M"
2023,"MI","FT",106500,"US","M"
2023,"EX","FT",106500,"US","M"
2023,"SE","FT",106500,"US","M"
2023,"MI","FT",106500,"US","M"
2023,"SE","FT",106500,"US","M"
2023,"MI","FT",106500,"US","M"
2023,"MI","FT",106500,"US","M"
2023,"MI","FT",106500,"US","M"
2023,"MI","FT",106500,"US","M"
2023,"SE","FT",106500,"US","M"
2023,"EX","FT",106500,"US","M"
2023,"SE","FT",106500,"US","M"
2022,"SE","FT",106500,"US","M"
2023,"MI","FT",106400,"US","M"
2023,"SE","FT",106400,"US","M"
2023,"SE","FT",106400,"GB","M"
2024,"SE","FT",106300,"US","M"
2023,"MI","FT",106300,"US","M"
2024,"SE","FT",106260,"US","M"
2022,"MI","FT",106260,"US","M"
2022,"SE","FT",106260,"US","M"
2023,"MI","FT",106250,"US","M"
2024,"SE","FT",106200,"EG","M"
2024,"SE","FT",106200,"US","M"
2023,"SE","FT",106200,"US","M"
2023,"SE","FT",106200,"AU","M"
2023,"SE","FT",106200,"US","M"
2023,"MI","FT",106200,"US","M"
2024,"MI","FT",106100,"US","M"
2024,"MI","FT",106100,"US","M"
2024,"SE","FT",106100,"US","M"
2024,"EN","FT",106100,"US","M"
2023,"EN","FT",106100,"US","M"
2024,"MI","FT",106050,"US","M"
2024,"MI","FT",106050,"US","M"
2024,"MI","FT",106050,"US","M"
2024,"MI","FT",106050,"US","M"
2023,"MI","FT",106050,"US","M"
2023,"SE","FT",106020,"US","M"
2023,"SE","FT",106020,"US","M"
2023,"SE","FT",106020,"US","M"
2023,"SE","FT",106020,"US","M"
2023,"SE","FT",106020,"US","M"
2024,"SE","FT",106000,"US","M"
2024,"MI","FT",106000,"US","M"
2024,"EN","FT",106000,"US","M"
2024,"MI","FT",106000,"US","M"
2024,"SE","FT",106000,"US","M"
2024,"MI","FT",106000,"US","M"
2024,"EN","FT",106000,"US","M"
2024,"MI","FT",106000,"US","M"
2024,"MI","FT",106000,"US","M"
2023,"SE","FT",106000,"US","M"
2023,"SE","FT",106000,"US","M"
2023,"SE","FT",106000,"US","M"
2023,"SE","FT",106000,"US","M"
2023,"SE","FT",106000,"US","M"
2022,"EX","FT",106000,"RU","L"
2023,"SE","FT",106000,"US","M"
2023,"SE","FT",106000,"US","M"
2020,"MI","FT",106000,"US","L"
2024,"SE","FT",105800,"US","M"
2024,"MI","FT",105700,"US","L"
2024,"MI","FT",105700,"US","L"
2023,"MI","FT",105700,"US","L"
2023,"SE","FT",105700,"US","L"
2023,"SE","FT",105700,"US","L"
2023,"SE","FT",105700,"US","L"
2023,"SE","FT",105700,"US","L"
2023,"SE","FT",105700,"US","M"
2023,"SE","FT",105700,"US","L"
2023,"SE","FT",105700,"US","L"
2023,"SE","FT",105700,"US","L"
2022,"SE","FT",105700,"US","L"
2024,"MI","FT",105646,"US","M"
2024,"MI","FT",105500,"US","M"
2024,"SE","FT",105500,"US","M"
2024,"SE","FT",105500,"US","M"
2023,"MI","FT",105500,"US","M"
2023,"SE","FT",105500,"US","M"
2023,"SE","FT",105500,"US","M"
2023,"SE","FT",105500,"US","M"
2023,"SE","FT",105500,"US","M"
2023,"MI","FT",105500,"US","M"
2023,"MI","FT",105400,"US","M"
2022,"SE","FT",105400,"US","M"
2023,"MI","FT",105380,"US","M"
2023,"SE","FT",105320,"US","M"
2023,"MI","FT",105320,"US","M"
2024,"SE","FT",105301,"US","M"
2024,"SE","FT",105301,"US","M"
2024,"SE","FT",105301,"US","M"
2024,"EN","FT",105300,"CA","M"
2024,"EN","FT",105300,"CA","M"
2024,"SE","FT",105300,"CA","M"
2024,"EN","FT",105300,"CA","M"
2023,"MI","FT",105300,"US","M"
2024,"SE","FT",105267,"US","M"
2024,"SE","FT",105267,"US","M"
2023,"SE","FT",105200,"US","M"
2023,"SE","FT",105200,"US","M"
2023,"SE","FT",105200,"US","M"
2023,"SE","FT",105200,"US","M"
2023,"SE","FT",105200,"US","M"
2023,"SE","FT",105200,"US","M"
2023,"SE","FT",105200,"US","M"
2023,"SE","FT",105200,"US","M"
2023,"SE","FT",105200,"US","M"
2023,"SE","FT",105200,"US","M"
2023,"SE","FT",105200,"US","M"
2023,"SE","FT",105200,"US","M"
2023,"SE","FT",105200,"US","M"
2022,"SE","FT",105200,"US","M"
2022,"MI","FT",110446,"LT","M"
2024,"SE","FT",105000,"US","M"
2024,"SE","FT",105000,"US","M"
2024,"MI","FT",105000,"AU","M"
2024,"EN","FT",105000,"US","M"
2024,"MI","FT",105000,"US","M"
2024,"SE","FT",105000,"US","M"
2024,"SE","FT",105000,"US","M"
2024,"SE","FT",105000,"US","M"
2024,"EN","FT",80769,"CA","M"
2024,"MI","FT",105000,"US","M"
2024,"MI","FT",105000,"US","M"
2024,"MI","FT",105000,"US","M"
2024,"MI","FT",105000,"US","M"
2024,"SE","FT",105000,"CA","M"
2024,"MI","FT",105000,"US","M"
2024,"SE","FT",105000,"US","M"
2024,"MI","FT",105000,"US","M"
2024,"SE","FT",105000,"US","M"
2024,"SE","FT",105000,"US","M"
2024,"MI","FT",105000,"US","M"
2024,"EN","FT",105000,"US","M"
2024,"MI","FT",105000,"US","M"
2024,"MI","FT",105000,"US","M"
2024,"MI","FT",105000,"US","M"
2024,"SE","FT",105000,"US","M"
2024,"EN","FT",105000,"US","M"
2024,"MI","FT",105000,"US","M"
2024,"MI","FT",105000,"US","M"
2024,"MI","FT",105000,"US","M"
2024,"EN","FT",105000,"US","M"
2023,"SE","FT",105000,"US","M"
2023,"EN","FT",105000,"US","M"
2023,"MI","FT",105000,"US","M"
2023,"SE","FT",105000,"US","M"
2023,"MI","FT",105000,"US","M"
2023,"SE","FT",105000,"CA","M"
2023,"MI","FT",105000,"PT","M"
2023,"SE","FT",105000,"US","M"
2023,"SE","FT",105000,"US","M"
2023,"EN","FT",105000,"US","M"
2023,"SE","FT",105000,"US","M"
2023,"SE","FT",105000,"CA","M"
2023,"MI","FT",105000,"US","M"
2023,"SE","FT",129192,"GB","M"
2023,"MI","FT",105000,"US","M"
2023,"MI","FT",105000,"US","M"
2023,"SE","FT",105000,"US","M"
2023,"SE","FT",105000,"US","M"
2023,"SE","FT",105000,"US","M"
2023,"EN","FT",105000,"US","M"
2023,"SE","FT",105000,"US","S"
2023,"SE","FT",105000,"US","M"
2023,"SE","FT",105000,"US","M"
2023,"MI","FT",105000,"US","M"
2023,"MI","FT",105000,"US","M"
2023,"MI","FT",105000,"US","M"
2023,"SE","FT",113366,"DE","L"
2023,"SE","FT",105000,"US","M"
2023,"SE","FT",105000,"US","M"
2023,"EN","FT",105000,"US","M"
2023,"SE","FT",105000,"US","M"
2023,"SE","FT",105000,"US","M"
2023,"MI","CT",105000,"US","S"
2023,"SE","FT",105000,"US","M"
2023,"MI","FT",105000,"US","M"
2023,"MI","FT",105000,"US","M"
2023,"EN","FT",105000,"US","M"
2023,"SE","FT",105000,"US","M"
2023,"EN","FT",77791,"CA","L"
2023,"MI","FT",105000,"US","M"
2023,"MI","FT",105000,"US","M"
2023,"SE","FT",105000,"US","M"
2023,"SE","FT",105000,"US","M"
2023,"MI","FT",105000,"US","L"
2023,"SE","FT",105000,"US","M"
2023,"SE","FT",105000,"US","M"
2023,"SE","FT",105000,"US","M"
2023,"MI","FT",129192,"GB","M"
2023,"MI","FT",105000,"US","M"
2023,"SE","FT",105000,"US","M"
2023,"MI","FT",105000,"US","M"
2023,"MI","FT",105000,"US","M"
2022,"MI","FT",105000,"US","M"
2022,"SE","FT",105000,"US","M"
2022,"SE","FT",105000,"US","M"
2022,"SE","FT",105000,"US","M"
2022,"SE","FT",105000,"US","M"
2022,"MI","FT",105000,"US","M"
2022,"EN","FT",105000,"US","L"
2022,"SE","FT",105000,"US","M"
2022,"SE","FT",105000,"US","M"
2022,"SE","FT",105000,"US","M"
2022,"SE","FT",105000,"US","M"
2020,"MI","FT",105000,"US","L"
2021,"SE","CT",105000,"US","M"
2020,"EN","FT",105000,"US","S"
2024,"SE","FT",104981,"US","M"
2024,"SE","FT",104981,"US","M"
2024,"MI","FT",104922,"US","M"
2023,"EX","FT",129058,"GB","M"
2022,"SE","FT",104890,"US","M"
2024,"SE","FT",104828,"US","M"
2024,"SE","FT",104800,"US","M"
2024,"SE","FT",104800,"US","M"
2023,"SE","FT",104800,"US","M"
2024,"SE","FT",130943,"GB","M"
2023,"SE","FT",104650,"US","M"
2023,"SE","FT",104650,"US","M"
2023,"SE","FT",104650,"US","M"
2023,"SE","FT",104650,"US","M"
2023,"SE","FT",104650,"US","M"
2023,"SE","FT",104650,"US","M"
2024,"SE","FT",104603,"US","M"
2024,"EN","FT",104500,"US","M"
2023,"MI","FT",104500,"US","M"
2023,"SE","FT",104300,"US","L"
2023,"SE","FT",104300,"US","L"
2023,"SE","FT",104300,"US","L"
2023,"SE","FT",104300,"US","L"
2023,"SE","FT",104300,"US","L"
2023,"SE","FT",104300,"US","L"
2023,"SE","FT",104300,"US","L"
2023,"SE","FT",104300,"US","L"
2023,"SE","FT",104300,"US","L"
2023,"SE","FT",104300,"US","L"
2023,"SE","FT",104300,"US","L"
2023,"SE","FT",104300,"US","L"
2023,"SE","FT",104300,"US","L"
2023,"SE","FT",104300,"US","L"
2022,"SE","FT",104300,"US","L"
2023,"SE","FT",104244,"US","M"
2024,"MI","FT",104100,"US","M"
2024,"SE","FT",104000,"US","M"
2024,"SE","FT",104000,"US","M"
2024,"SE","FT",104000,"US","M"
2024,"MI","FT",104000,"US","M"
2024,"EN","FT",104000,"US","M"
2024,"SE","FT",104000,"US","M"
2024,"SE","FT",104000,"US","M"
2024,"MI","FT",104000,"US","M"
2024,"EN","FT",104000,"US","M"
2024,"SE","FT",104000,"US","M"
2024,"SE","FT",104000,"US","M"
2023,"EN","FT",104000,"US","M"
2023,"EN","FT",104000,"US","M"
2023,"MI","FT",104000,"US","M"
2023,"MI","FT",104000,"US","M"
2023,"SE","FT",104000,"CA","M"
2023,"MI","FT",104000,"US","M"
2023,"SE","FT",104000,"US","M"
2023,"SE","FT",104000,"US","M"
2023,"SE","FT",104000,"US","M"
2023,"MI","FT",104000,"US","M"
2023,"SE","FT",104000,"US","M"
2023,"SE","FT",104000,"US","M"
2023,"SE","FT",104000,"US","M"
2023,"EN","FT",104000,"US","M"
2023,"SE","FT",104000,"US","M"
2023,"SE","FT",104000,"US","M"
2023,"SE","FT",104000,"US","M"
2023,"SE","FT",104000,"US","M"
2023,"SE","FT",104000,"US","M"
2023,"SE","FT",104000,"US","M"
2023,"SE","FT",104000,"US","M"
2023,"SE","FT",104000,"US","M"
2023,"SE","FT",104000,"US","M"
2023,"SE","FT",104000,"US","M"
2023,"SE","FT",104000,"US","M"
2023,"SE","FT",104000,"US","M"
2023,"SE","FT",104000,"US","M"
2022,"SE","FT",104000,"US","M"
2022,"SE","FT",104000,"US","M"
2022,"SE","FT",104000,"US","M"
2022,"SE","FT",104000,"US","M"
2022,"MI","FT",128058,"GB","L"
2024,"MI","FT",103977,"US","M"
2024,"MI","FT",103977,"US","M"
2024,"EN","FT",103800,"US","M"
2024,"SE","FT",103786,"US","M"
2024,"MI","FT",103500,"US","M"
2024,"SE","FT",103500,"US","M"
2024,"SE","FT",103330,"US","M"
2024,"SE","FT",103300,"US","M"
2024,"SE","FT",103275,"US","M"
2023,"SE","FT",103200,"US","M"
2023,"SE","FT",103200,"US","M"
2023,"SE","FT",103200,"US","M"
2023,"SE","FT",103200,"US","M"
2023,"SE","FT",103200,"GB","M"
2023,"SE","FT",103200,"GB","M"
2023,"MI","FT",103200,"US","M"
2024,"SE","FT",103000,"US","M"
2024,"MI","FT",103000,"US","M"
2024,"SE","FT",103000,"US","M"
2024,"EN","FT",103000,"US","M"
2024,"MI","FT",103000,"US","M"
2023,"MI","FT",103000,"US","M"
2023,"MI","FT",103000,"US","M"
2023,"MI","FT",103000,"US","M"
2023,"MI","FT",103000,"US","M"
2023,"MI","FT",103000,"US","M"
2023,"SE","FT",103000,"US","M"
2020,"MI","FT",103000,"US","L"
2023,"MI","FT",102927,"AU","M"
2024,"SE","FT",102900,"GB","M"
2022,"MI","FT",102640,"US","M"
2023,"SE","FT",102544,"US","M"
2024,"SE","FT",102500,"US","M"
2023,"MI","FT",102500,"US","M"
2023,"MI","FT",102500,"US","M"
2023,"SE","FT",102500,"US","M"
2023,"SE","FT",102500,"US","M"
2023,"SE","FT",102434,"US","M"
2024,"MI","FT",102300,"US","M"
2024,"SE","FT",102200,"US","M"
2023,"MI","FT",102200,"CA","M"
2022,"SE","FT",102100,"US","M"
2022,"SE","FT",102100,"US","M"
2022,"SE","FT",102100,"US","M"
2022,"SE","FT",102100,"US","M"
2022,"MI","FT",102100,"US","M"
2024,"MI","FT",102000,"US","M"
2024,"SE","FT",102000,"US","M"
2024,"EN","FT",102000,"US","M"
2024,"MI","FT",102000,"US","M"
2023,"SE","FT",102000,"US","M"
2023,"EN","FT",102000,"US","M"
2023,"SE","FT",102000,"US","M"
2023,"MI","FT",102000,"US","M"
2023,"SE","FT",102000,"US","M"
2023,"MI","FT",102000,"US","M"
2023,"MI","FT",102000,"US","M"
2023,"MI","FT",102000,"US","M"
2022,"SE","FT",102000,"US","M"
2021,"SE","FT",18907,"BR","M"
2024,"SE","FT",101763,"CA","M"
2024,"SE","FT",101763,"CA","M"
2023,"SE","FT",101570,"US","M"
2023,"SE","FT",101570,"US","M"
2023,"SE","FT",101570,"US","M"
2023,"SE","FT",101570,"US","M"
2023,"SE","FT",101570,"US","M"
2023,"SE","FT",101570,"US","M"
2023,"SE","FT",101570,"US","M"
2022,"SE","FT",101570,"US","M"
2022,"SE","FT",101570,"US","M"
2023,"SE","FT",101500,"US","M"
2023,"SE","FT",101500,"US","M"
2023,"EN","FT",19910,"BR","L"
2024,"EN","FT",101200,"US","M"
2024,"SE","FT",101100,"US","M"
2024,"SE","FT",101100,"US","M"
2023,"SE","FT",101028,"US","M"
2024,"MI","FT",101000,"US","M"
2024,"EN","FT",101000,"US","M"
2024,"EN","FT",101000,"US","M"
2024,"SE","FT",101000,"US","M"
2023,"MI","FT",101000,"US","M"
2023,"SE","FT",101000,"US","M"
2023,"SE","FT",101000,"US","M"
2023,"SE","FT",100895,"US","M"
2024,"MI","FT",100800,"CA","M"
2022,"SE","FT",100800,"US","L"
2023,"SE","FT",100706,"US","M"
2024,"MI","FT",100700,"US","M"
2023,"MI","FT",100631,"CA","M"
2024,"SE","FT",100600,"US","M"
2023,"SE","FT",100500,"US","M"
2023,"SE","FT",100500,"US","M"
2024,"MI","FT",100400,"US","L"
2023,"EN","FT",100400,"US","L"
2023,"SE","FT",100400,"CA","M"
2023,"SE","FT",100400,"CA","M"
2024,"SE","FT",100200,"US","M"
2024,"SE","FT",100200,"US","M"
2024,"SE","FT",100200,"US","M"
2024,"EN","FT",100144,"CA","M"
2024,"SE","FT",100022,"US","M"
2024,"MI","FT",100000,"US","M"
2024,"SE","FT",100000,"US","M"
2024,"SE","FT",100000,"US","M"
2024,"MI","FT",100000,"US","M"
2024,"MI","FT",100000,"US","M"
2024,"EN","FT",100000,"US","M"
2024,"MI","FT",100000,"US","M"
2024,"MI","FT",100000,"US","M"
2024,"EN","FT",100000,"US","M"
2024,"MI","FT",100000,"US","M"
2024,"SE","FT",100000,"US","M"
2024,"SE","FT",100000,"US","M"
2024,"MI","FT",100000,"US","M"
2024,"SE","FT",111111,"PL","M"
2024,"EX","FT",100000,"US","M"
2024,"SE","FT",100000,"US","M"
2024,"EN","FT",100000,"US","M"
2024,"SE","FT",100000,"US","M"
2024,"MI","FT",100000,"US","M"
2024,"SE","FT",100000,"US","M"
2024,"SE","FT",100000,"US","M"
2024,"SE","FT",100000,"US","M"
2024,"SE","FT",100000,"US","M"
2024,"SE","FT",100000,"US","M"
2024,"EN","FT",100000,"US","M"
2024,"MI","FT",100000,"US","M"
2024,"EN","FT",100000,"US","M"
2024,"SE","FT",125000,"GB","M"
2024,"SE","FT",125000,"GB","M"
2024,"SE","FT",100000,"US","M"
2024,"MI","FT",100000,"US","M"
2024,"MI","FT",100000,"US","M"
2024,"MI","FT",100000,"US","M"
2024,"MI","FT",100000,"US","M"
2024,"SE","FT",100000,"US","M"
2024,"SE","FT",100000,"US","M"
2024,"EN","FT",100000,"US","M"
2024,"EN","FT",100000,"US","M"
2024,"SE","FT",100000,"US","M"
2024,"SE","FT",100000,"US","M"
2024,"MI","FT",100000,"US","M"
2024,"SE","FT",100000,"US","M"
2024,"SE","FT",100000,"US","M"
2024,"EN","FT",100000,"US","M"
2024,"SE","FT",100000,"US","M"
2024,"MI","FT",100000,"US","M"
2024,"SE","FT",100000,"US","M"
2024,"SE","FT",100000,"US","M"
2024,"SE","FT",100000,"US","M"
2024,"MI","FT",100000,"US","M"
2024,"EN","FT",100000,"US","M"
2024,"MI","FT",100000,"US","M"
2024,"SE","FT",100000,"US","M"
2024,"MI","FT",100000,"US","M"
2024,"MI","FT",100000,"US","L"
2024,"MI","FT",100000,"US","M"
2024,"SE","FT",100000,"IE","M"
2024,"SE","FT",100000,"US","M"
2024,"SE","FT",100000,"US","M"
2024,"MI","FT",100000,"US","M"
2024,"SE","FT",100000,"US","M"
2024,"EX","FT",100000,"US","M"
2024,"MI","FT",100000,"US","M"
2024,"SE","FT",100000,"US","M"
2024,"MI","FT",100000,"US","M"
2024,"MI","FT",100000,"US","M"
2024,"SE","FT",100000,"US","M"
2024,"MI","FT",100000,"US","M"
2024,"SE","FT",100000,"US","M"
2024,"MI","FT",100000,"US","M"
2024,"SE","FT",100000,"US","M"
2024,"MI","FT",100000,"US","M"
2024,"MI","FT",100000,"US","M"
2024,"SE","FT",100000,"US","M"
2024,"MI","FT",100000,"US","M"
2024,"EN","FT",100000,"US","M"
2024,"MI","FT",100000,"US","M"
2024,"SE","FT",100000,"US","M"
2024,"MI","FT",100000,"US","M"
2024,"SE","FT",125000,"GB","M"
2024,"MI","FT",100000,"US","M"
2024,"MI","FT",100000,"US","M"
2024,"SE","FT",100000,"US","M"
2024,"MI","FT",100000,"US","M"
2024,"EN","FT",100000,"US","M"
2023,"EN","FT",100000,"US","M"
2023,"MI","FT",100000,"US","M"
2023,"SE","FT",100000,"US","M"
2023,"SE","FT",100000,"US","M"
2023,"MI","FT",100000,"US","M"
2023,"SE","FT",100000,"US","M"
2023,"MI","FT",100000,"US","M"
2023,"EN","FT",100000,"US","M"
2023,"SE","FT",100000,"US","M"
2023,"MI","FT",100000,"US","M"
2023,"SE","FT",100000,"US","M"
2023,"MI","FT",100000,"US","M"
2023,"SE","FT",100000,"US","M"
2023,"MI","FT",100000,"US","M"
2023,"SE","FT",123040,"GB","M"
2023,"EN","FT",100000,"US","M"
2023,"MI","FT",100000,"US","M"
2023,"EN","FT",100000,"US","M"
2023,"SE","FT",100000,"US","M"
2023,"SE","FT",100000,"US","M"
2023,"EN","FT",100000,"US","M"
2023,"MI","FT",100000,"US","M"
2023,"MI","FT",100000,"US","M"
2023,"MI","FT",100000,"US","M"
2023,"MI","FT",100000,"US","M"
2023,"MI","FT",100000,"US","M"
2023,"MI","FT",100000,"US","M"
2023,"SE","FT",100000,"US","M"
2023,"MI","FT",100000,"US","M"
2023,"SE","FT",100000,"US","M"
2023,"MI","FT",100000,"US","M"
2023,"MI","FT",100000,"US","M"
2023,"SE","FT",100000,"US","M"
2023,"MI","FT",100000,"US","M"
2023,"SE","FT",123040,"GB","M"
2023,"MI","FT",123040,"GB","M"
2023,"EN","FT",100000,"US","L"
2023,"MI","FT",100000,"US","S"
2023,"SE","FT",100000,"US","M"
2023,"SE","FT",100000,"US","M"
2023,"EX","FT",100000,"US","M"
2023,"EN","FT",100000,"US","M"
2023,"MI","FT",100000,"US","M"
2023,"SE","FT",100000,"US","M"
2023,"SE","FT",123040,"GB","M"
2023,"SE","FT",100000,"US","M"
2023,"SE","FT",100000,"US","M"
2023,"MI","FT",100000,"US","M"
2023,"MI","FT",100000,"US","M"
2023,"SE","FT",100000,"US","M"
2023,"SE","FT",100000,"US","M"
2023,"MI","FT",100000,"US","M"
2023,"SE","FT",100000,"US","M"
2023,"MI","FT",100000,"US","M"
2023,"SE","FT",100000,"US","M"
2023,"SE","FT",100000,"US","M"
2023,"SE","FT",100000,"US","M"
2023,"MI","FT",100000,"US","M"
2023,"SE","FT",100000,"US","M"
2023,"EX","FT",100000,"US","M"
2023,"SE","FT",100000,"US","M"
2023,"EN","FT",100000,"US","M"
2023,"MI","FT",100000,"US","M"
2020,"EN","FT",100000,"MU","S"
2023,"SE","FT",123040,"GB","M"
2023,"MI","FT",100000,"US","M"
2023,"SE","FT",100000,"US","M"
2023,"SE","FT",100000,"US","M"
2023,"SE","FT",100000,"US","M"
2023,"MI","FT",100000,"US","M"
2023,"SE","FT",123040,"GB","M"
2023,"MI","FT",100000,"US","M"
2023,"SE","FT",107968,"CZ","L"
2023,"SE","FT",100000,"US","M"
2023,"MI","FT",123040,"GB","M"
2023,"SE","FT",100000,"US","M"
2023,"SE","FT",100000,"US","M"
2023,"SE","FT",100000,"US","M"
2023,"SE","FT",100000,"US","M"
2023,"SE","FT",100000,"US","M"
2023,"MI","FT",123040,"GB","M"
2023,"MI","FT",100000,"US","M"
2023,"SE","FT",100000,"US","M"
2023,"SE","FT",100000,"US","M"
2023,"SE","FT",107968,"DE","M"
2023,"MI","FT",100000,"GB","M"
2023,"MI","FT",100000,"US","M"
2023,"SE","FT",100000,"US","M"
2023,"MI","FT",100000,"US","M"
2023,"MI","FT",100000,"US","M"
2023,"MI","FT",100000,"US","M"
2023,"MI","FT",100000,"US","M"
2023,"EN","FT",74087,"CA","L"
2023,"MI","FT",100000,"US","M"
2023,"MI","FT",123040,"GB","M"
2023,"SE","FT",100000,"US","S"
2023,"MI","FT",100000,"US","M"
2023,"MI","FT",100000,"US","M"
2023,"SE","FT",100000,"GB","M"
2023,"SE","FT",100000,"US","M"
2023,"MI","FT",100000,"US","M"
2023,"MI","FT",100000,"US","M"
2023,"SE","FT",100000,"US","M"
2023,"MI","FT",100000,"US","M"
2023,"MI","FT",123040,"GB","M"
2023,"EN","FT",100000,"US","L"
2023,"EN","FT",100000,"US","M"
2023,"SE","FT",100000,"US","M"
2023,"SE","FT",100000,"US","M"
2022,"MI","FT",105066,"GB","S"
2023,"SE","FT",100000,"US","M"
2023,"MI","FT",100000,"US","M"
2023,"MI","FT",100000,"US","M"
2023,"SE","FT",67635,"FI","M"
2023,"MI","FT",74883,"FI","M"
2023,"SE","FT",100000,"US","M"
2023,"SE","FT",100000,"US","M"
2023,"SE","FT",100000,"US","M"
2023,"SE","FT",100000,"US","M"
2023,"SE","FT",100000,"US","M"
2023,"SE","FT",100000,"US","M"
2023,"EX","FT",100000,"US","M"
2023,"SE","FT",100000,"US","M"
2023,"MI","FT",100000,"US","M"
2023,"MI","FT",100000,"US","M"
2023,"MI","FT",100000,"US","M"
2023,"MI","FT",74883,"SG","L"
2023,"EN","FT",100000,"US","M"
2023,"MI","FT",100000,"CA","M"
2023,"EN","FT",100000,"US","L"
2023,"EN","FT",100000,"US","M"
2023,"EN","FT",100000,"US","M"
2023,"MI","FT",100000,"US","M"
2023,"SE","FT",107968,"DE","S"
2023,"MI","FT",100000,"US","M"
2023,"SE","FT",100000,"US","M"
2023,"SE","FT",107968,"FR","M"
2023,"EN","FT",100000,"US","M"
2023,"MI","FT",123040,"GB","M"
2023,"MI","FT",123040,"GB","M"
2023,"SE","FT",100000,"NL","L"
2023,"SE","FT",100000,"US","M"
2023,"MI","FT",100000,"US","M"
2023,"EN","FT",100000,"US","M"
2023,"MI","FT",100000,"US","M"
2023,"MI","FT",100000,"US","M"
2023,"MI","FT",100000,"US","M"
2023,"SE","FT",100000,"US","M"
2023,"MI","FT",100000,"US","M"
2023,"MI","FT",100000,"US","M"
2023,"MI","FT",100000,"US","M"
2022,"EN","FT",100000,"US","M"
2023,"SE","FT",100000,"US","M"
2023,"MI","FT",100000,"US","M"
2022,"SE","FT",100000,"US","M"
2022,"MI","FT",100000,"US","M"
2022,"MI","FT",100000,"US","M"
2022,"EN","FT",100000,"US","M"
2022,"MI","FT",100000,"US","M"
2022,"SE","FT",100000,"US","M"
2022,"SE","FT",100000,"US","M"
2022,"MI","FT",100000,"US","M"
2022,"MI","FT",100000,"US","M"
2022,"SE","FT",100000,"US","M"
2022,"MI","FT",100000,"US","M"
2022,"MI","FT",100000,"US","M"
2022,"MI","FT",100000,"US","M"
2022,"MI","FT",100000,"US","M"
2022,"SE","FT",100000,"US","M"
2022,"MI","FT",100000,"US","M"
2022,"SE","FT",100000,"US","M"
2022,"SE","FT",100000,"US","M"
2022,"MI","FT",100000,"US","M"
2022,"EN","FL",100000,"IR","M"
2022,"MI","FT",105066,"FR","M"
2022,"SE","FT",100000,"US","M"
2022,"MI","FT",100000,"US","M"
2022,"MI","FT",100000,"CA","M"
2022,"SE","FT",100000,"US","M"
2022,"SE","FT",100000,"US","M"
2022,"MI","FT",100000,"US","M"
2022,"MI","FT",104697,"CH","L"
2022,"SE","FT",100000,"US","M"
2022,"SE","FT",100000,"US","M"
2022,"MI","FT",100000,"US","M"
2022,"SE","FT",100000,"US","M"
2022,"MI","FT",100000,"US","M"
2022,"SE","FT",100000,"US","M"
2022,"SE","FT",100000,"US","M"
2022,"MI","FT",100000,"US","M"
2022,"EN","FT",100000,"US","M"
2021,"MI","FT",75050,"AU","L"
2022,"MI","FT",100000,"US","M"
2022,"MI","FT",100000,"US","M"
2022,"MI","FT",100000,"US","M"
2022,"SE","FT",100000,"US","M"
2022,"MI","FT",100000,"US","M"
2022,"SE","FT",100000,"US","M"
2022,"SE","FT",100000,"US","L"
2022,"SE","FT",100000,"US","L"
2022,"SE","FT",100000,"US","M"
2022,"SE","FT",100000,"US","L"
2022,"SE","FT",100000,"US","M"
2022,"SE","FT",100000,"US","M"
2022,"SE","FT",100000,"US","M"
2022,"SE","FT",100000,"US","M"
2022,"SE","FT",100000,"US","M"
2022,"MI","FT",76814,"CA","M"
2022,"SE","FT",100000,"US","M"
2022,"SE","FT",76814,"CA","M"
2022,"MI","FL",100000,"US","M"
2021,"EN","FT",100000,"US","S"
2022,"EN","PT",100000,"DZ","M"
2022,"EN","FT",100000,"US","L"
2021,"EN","FT",100000,"IQ","S"
2021,"MI","FT",100000,"US","L"
2021,"MI","FT",100000,"US","M"
2021,"EN","FT",100000,"CN","L"
2021,"EN","FT",100000,"US","M"
2020,"SE","FT",114047,"GB","S"
2020,"EN","CT",100000,"US","L"
2024,"EN","FT",99900,"US","M"
2023,"EN","FT",99900,"US","M"
2024,"SE","FT",99750,"US","M"
2022,"SE","FT",99750,"US","M"
2024,"MI","FT",99600,"US","M"
2024,"EN","FT",99548,"CA","M"
2024,"EN","FT",99500,"US","M"
2024,"EN","FT",99500,"US","M"
2024,"SE","FT",99500,"US","M"
2023,"SE","FT",99500,"US","M"
2022,"SE","FT",99450,"US","M"
2022,"SE","FT",99450,"US","M"
2024,"SE","FT",99445,"US","M"
2024,"SE","FT",99445,"US","M"
2023,"SE","FT",99400,"US","M"
2022,"SE","FT",99360,"US","M"
2023,"EN","FT",99300,"US","M"
2024,"EN","FT",99200,"US","M"
2024,"MI","FT",99100,"US","M"
2022,"SE","FT",99100,"US","M"
2022,"MI","FT",99100,"US","M"
2022,"SE","FT",99050,"US","M"
2024,"MI","FT",99000,"US","M"
2024,"EN","FT",99000,"US","M"
2024,"SE","FT",99000,"US","M"
2024,"MI","FT",99000,"US","M"
2023,"MI","FT",99000,"CA","M"
2023,"MI","FT",99000,"US","M"
2023,"SE","FT",99000,"US","M"
2023,"MI","FT",99000,"US","M"
2023,"SE","FT",99000,"US","M"
2023,"SE","FT",121809,"GB","M"
2023,"EN","FT",99000,"US","L"
2022,"SE","FT",99000,"US","M"
2022,"SE","FT",99000,"US","M"
2022,"SE","FT",99000,"US","M"
2022,"SE","FT",99000,"US","M"
2022,"SE","FT",99000,"US","M"
2023,"MI","FT",98873,"US","M"
2023,"SE","FT",98794,"US","M"
2024,"MI","FT",98700,"US","M"
2024,"MI","FT",98700,"US","M"
2024,"MI","FT",98500,"US","M"
2023,"SE","FT",98500,"US","M"
2023,"SE","FT",98500,"US","M"
2023,"SE","FT",98400,"US","M"
2022,"MI","FT",98200,"US","L"
2023,"SE","FT",98010,"US","M"
2024,"MI","FT",98000,"CA","M"
2024,"EN","FT",98000,"US","M"
2024,"MI","FT",98000,"US","M"
2024,"MI","FT",98000,"US","M"
2023,"EN","FT",98000,"US","M"
2023,"SE","FT",98000,"US","M"
2023,"SE","FT",98000,"US","M"
2022,"MI","FT",98000,"US","M"
2022,"MI","FT",98000,"US","M"
2020,"MI","FT",98000,"US","M"
2024,"MI","FT",97935,"US","M"
2024,"MI","FT",97800,"US","M"
2023,"SE","FT",97750,"US","M"
2023,"MI","FT",97750,"US","M"
2023,"MI","FT",97750,"US","M"
2024,"SE","FT",97700,"US","M"
2024,"SE","FT",97693,"CA","M"
2024,"EN","FT",97500,"US","M"
2023,"SE","FT",97500,"US","M"
2022,"MI","FT",97500,"US","L"
2024,"MI","FT",97400,"US","M"
2023,"SE","FT",97400,"GB","M"
2024,"SE","FT",97335,"US","M"
2024,"SE","FT",97335,"US","M"
2024,"MI","FT",97300,"US","M"
2024,"SE","FT",97300,"US","M"
2023,"SE","FT",97300,"US","M"
2024,"EX","FT",97254,"US","M"
2024,"EX","FT",97254,"US","M"
2024,"SE","FT",97200,"US","M"
2023,"SE","FT",97200,"US","M"
2024,"MI","FT",97125,"US","M"
2024,"MI","FT",97060,"US","M"
2024,"MI","FT",97000,"US","M"
2024,"SE","FT",97000,"US","M"
2024,"MI","FT",97000,"US","M"
2024,"EN","FT",97000,"US","M"
2024,"SE","FT",97000,"US","M"
2024,"MI","FT",97000,"US","M"
2024,"SE","FT",97000,"US","M"
2023,"MI","FT",97000,"US","M"
2023,"MI","FT",97000,"US","M"
2022,"SE","FT",97000,"US","M"
2024,"SE","FT",96900,"US","M"
2024,"EN","FT",96800,"US","M"
2024,"EN","FT",96800,"US","M"
2024,"MI","FT",96800,"US","M"
2023,"SE","FT",96800,"US","M"
2023,"SE","FT",96800,"US","M"
2024,"EN","FT",96761,"US","M"
2024,"MI","FT",96750,"US","M"
2024,"SE","FT",96750,"US","M"
2023,"MI","FT",96750,"US","M"
2023,"MI","FT",96750,"US","M"
2024,"SE","FT",96700,"US","M"
2024,"SE","FT",96643,"CA","M"
2024,"SE","FT",96600,"US","M"
2024,"SE","FT",96600,"US","M"
2024,"SE","FT",96600,"US","M"
2024,"SE","FT",96600,"US","M"
2024,"SE","FT",96600,"US","M"
2024,"SE","FT",96600,"US","M"
2024,"SE","FT",96600,"US","M"
2024,"SE","FT",96600,"US","M"
2024,"SE","FT",96600,"US","M"
2023,"SE","FT",96600,"US","M"
2024,"SE","FT",96500,"US","M"
2024,"MI","FT",96475,"US","M"
2024,"MI","FT",96412,"US","M"
2023,"EN","FT",96412,"US","M"
2024,"MI","FT",96411,"US","M"
2024,"MI","FT",96411,"US","M"
2024,"SE","FT",96200,"US","M"
2024,"SE","FT",96200,"US","M"
2024,"MI","FT",96200,"US","M"
2024,"MI","FT",96200,"US","M"
2023,"SE","FT",96200,"US","M"
2023,"SE","FT",96100,"US","M"
2024,"EN","FT",96000,"US","M"
2024,"EN","FT",96000,"US","M"
2024,"EX","FT",106666,"ES","L"
2024,"EX","FT",106666,"ES","L"
2024,"SE","FT",96000,"US","M"
2024,"SE","FT",96000,"US","M"
2024,"MI","FT",96000,"US","M"
2024,"EX","FT",96000,"US","M"
2024,"SE","FT",96000,"US","M"
2023,"MI","FT",96000,"US","M"
2023,"SE","FT",96000,"US","M"
2023,"SE","FT",118118,"GB","M"
2023,"SE","FT",96000,"US","M"
2023,"SE","FT",96000,"US","M"
2022,"SE","FT",96000,"US","M"
2022,"EN","FT",73742,"CA","L"
2022,"MI","FT",118208,"GB","M"
2024,"SE","FT",95828,"CA","M"
2023,"SE","FT",95800,"US","M"
2024,"SE","FT",95776,"US","M"
2022,"SE","FT",95550,"US","M"
2023,"SE","FT",95500,"US","M"
2023,"MI","FT",95490,"US","M"
2023,"MI","FT",95490,"US","M"
2024,"MI","FT",95413,"US","M"
2023,"MI","FT",95400,"US","M"
2024,"SE","FT",95325,"US","M"
2024,"SE","FT",95325,"US","M"
2023,"SE","FT",95325,"US","M"
2023,"SE","FT",95325,"US","M"
2023,"SE","FT",95325,"US","M"
2023,"SE","FT",95325,"US","M"
2024,"SE","FT",95300,"US","M"
2024,"SE","FT",95300,"US","M"
2024,"SE","FT",95300,"US","M"
2024,"EN","FT",95166,"US","M"
2024,"SE","FT",95105,"US","M"
2023,"SE","FT",95100,"US","M"
2023,"SE","FT",95100,"US","M"
2023,"SE","FT",95100,"US","M"
2023,"SE","FT",95040,"US","M"
2024,"EN","FT",95000,"US","M"
2024,"EN","FT",95000,"US","M"
2024,"SE","FT",95000,"US","M"
2024,"MI","FT",95000,"US","M"
2024,"MI","FT",95000,"US","M"
2024,"MI","FT",95000,"US","M"
2024,"MI","FT",95000,"US","M"
2024,"MI","FT",95000,"US","M"
2024,"EN","FT",95000,"US","M"
2024,"SE","FT",118750,"GB","M"
2024,"MI","FT",95000,"US","M"
2024,"MI","FT",95000,"US","M"
2024,"EN","FT",95000,"US","M"
2024,"MI","FT",95000,"US","M"
2024,"MI","FT",95000,"US","M"
2024,"MI","FT",95000,"US","M"
2024,"MI","FT",95000,"US","M"
2024,"SE","FT",95000,"US","M"
2024,"SE","FT",95000,"US","M"
2024,"EN","FT",95000,"US","M"
2024,"EN","FT",95000,"US","M"
2024,"MI","FT",95000,"US","M"
2024,"EN","FT",95000,"US","M"
2024,"MI","FT",95000,"US","M"
2024,"SE","FT",95000,"IN","M"
2023,"SE","FT",95000,"US","M"
2023,"EN","FT",95000,"US","M"
2023,"MI","FT",95000,"US","M"
2023,"SE","FT",95000,"CA","M"
2023,"SE","FT",95000,"US","M"
2023,"MI","FT",95000,"US","M"
2023,"MI","FT",95000,"PH","M"
2023,"EN","FT",95000,"US","M"
2023,"SE","FT",95000,"US","M"
2023,"SE","FT",95000,"US","M"
2023,"MI","FT",95000,"US","M"
2023,"SE","FT",95000,"US","M"
2023,"SE","FT",95000,"US","M"
2023,"MI","FT",95000,"PT","M"
2023,"MI","FT",95000,"US","M"
2023,"MI","FT",95000,"US","M"
2023,"SE","FT",95000,"US","M"
2023,"SE","FT",95000,"US","M"
2023,"SE","FT",95000,"US","M"
2023,"MI","FT",95000,"US","M"
2023,"SE","FT",95000,"CA","M"
2023,"SE","FT",95000,"US","M"
2023,"SE","FT",95000,"US","M"
2023,"MI","FT",95000,"US","M"
2023,"SE","FT",95000,"CA","M"
2023,"MI","FT",95000,"US","M"
2023,"SE","FT",95000,"US","M"
2023,"MI","FT",95000,"US","M"
2023,"SE","FT",95000,"US","M"
2023,"SE","FT",95000,"US","M"
2023,"SE","FT",95000,"US","M"
2023,"SE","FT",95000,"US","M"
2023,"SE","FT",95000,"US","M"
2023,"SE","FT",95000,"US","M"
2023,"MI","FT",95000,"US","M"
2023,"EN","FT",104024,"CH","S"
2023,"SE","FT",95000,"US","M"
2023,"MI","FT",95000,"US","M"
2023,"MI","FT",95000,"US","M"
2023,"SE","FT",95000,"US","M"
2023,"SE","FT",95000,"US","M"
2023,"SE","FT",95000,"US","M"
2023,"MI","FT",95000,"US","M"
2023,"SE","FT",95000,"US","M"
2023,"SE","FT",95000,"US","M"
2023,"MI","FT",95000,"US","M"
2023,"SE","FT",95000,"US","M"
2023,"SE","FT",95000,"CA","M"
2023,"SE","FT",95000,"US","M"
2023,"EN","FT",95000,"US","M"
2023,"MI","FT",95000,"US","M"
2023,"SE","FT",95000,"US","M"
2023,"SE","FT",95000,"US","M"
2023,"SE","FT",95000,"US","M"
2023,"MI","FT",116888,"GB","L"
2023,"SE","FT",95000,"US","M"
2023,"SE","FT",95000,"US","M"
2023,"SE","FT",102569,"IE","M"
2023,"MI","FT",95000,"US","M"
2023,"MI","FT",95000,"US","M"
2023,"MI","FT",95000,"US","M"
2023,"MI","FT",95000,"US","M"
2023,"MI","FT",95000,"ES","M"
2022,"MI","FT",95000,"US","M"
2022,"SE","FT",95000,"US","M"
2022,"SE","FT",95000,"US","M"
2022,"SE","FT",95000,"US","M"
2022,"SE","FT",95000,"US","M"
2022,"SE","FT",95000,"US","M"
2022,"SE","FT",95000,"US","M"
2020,"MI","FT",95000,"US","M"
2022,"SE","FT",95000,"US","M"
2022,"MI","FT",95000,"US","M"
2022,"SE","FT",95000,"US","M"
2022,"MI","FT",95000,"US","M"
2022,"MI","FT",95000,"US","M"
2022,"SE","FT",95000,"US","M"
2022,"SE","FT",95000,"US","M"
2022,"SE","FT",95000,"US","M"
2022,"SE","FT",95000,"US","M"
2022,"SE","FT",95000,"US","M"
2022,"MI","FT",116976,"GB","M"
2021,"MI","FT",75774,"CA","L"
2024,"SE","FT",94800,"US","M"
2023,"SE","FT",94770,"US","M"
2024,"MI","FT",94700,"US","M"
2024,"SE","FT",94700,"US","M"
2024,"MI","FT",94625,"US","M"
2024,"MI","FT",94600,"CA","M"
2024,"EN","FT",94600,"US","M"
2024,"SE","FT",94600,"US","M"
2023,"SE","FT",94600,"US","L"
2023,"EN","FT",94600,"US","M"
2023,"EN","FT",94600,"US","M"
2024,"SE","FT",94500,"US","M"
2024,"SE","FT",94500,"US","M"
2023,"SE","FT",94500,"US","M"
2023,"SE","FT",94500,"US","M"
2022,"SE","FT",94500,"US","M"
2024,"MI","FT",94415,"US","M"
2024,"MI","FT",94400,"US","M"
2024,"MI","FT",94400,"US","M"
2024,"SE","FT",94400,"US","M"
2023,"MI","FT",94400,"US","M"
2023,"SE","FT",94400,"US","M"
2023,"SE","FT",94300,"US","M"
2024,"SE","FT",94200,"US","M"
2023,"SE","FT",94192,"US","M"
2024,"SE","FT",94100,"US","M"
2023,"SE","FT",94100,"US","M"
2023,"SE","FT",94100,"US","M"
2023,"MI","FT",94100,"GB","M"
2023,"EN","FT",94035,"US","M"
2024,"SE","FT",94000,"US","M"
2024,"SE","FT",94000,"US","M"
2024,"SE","FT",94000,"US","M"
2024,"SE","FT",94000,"US","M"
2024,"SE","FT",94000,"US","M"
2024,"MI","FT",94000,"US","M"
2024,"SE","FT",94000,"US","M"
2024,"SE","FT",94000,"US","M"
2024,"SE","FT",94000,"US","M"
2023,"SE","FT",94000,"US","M"
2023,"SE","FT",94000,"US","M"
2023,"SE","FT",94000,"US","L"
2023,"SE","FT",94000,"US","M"
2023,"SE","FT",94000,"US","M"
2023,"SE","FT",94000,"US","M"
2023,"SE","FT",94000,"US","M"
2023,"SE","FT",94000,"US","M"
2023,"EX","FT",94000,"US","M"
2023,"SE","FT",94000,"US","M"
2023,"SE","FT",94000,"US","M"
2023,"SE","FT",94000,"US","M"
2023,"MI","FT",94000,"US","M"
2023,"SE","FT",94000,"US","M"
2023,"SE","FT",94000,"US","M"
2023,"SE","FT",94000,"US","M"
2023,"SE","FT",94000,"US","M"
2023,"SE","FT",94000,"US","M"
2023,"SE","FT",94000,"US","M"
2023,"SE","FT",94000,"US","M"
2023,"SE","FT",94000,"CA","M"
2023,"SE","FT",94000,"US","M"
2023,"SE","FT",94000,"US","M"
2023,"SE","FT",93919,"US","M"
2023,"SE","FT",93919,"US","M"
2023,"SE","FT",93919,"US","M"
2023,"SE","FT",93919,"US","M"
2023,"SE","FT",93919,"US","M"
2023,"SE","FT",93919,"US","M"
2023,"SE","FT",93919,"US","M"
2023,"SE","FT",93918,"US","M"
2023,"SE","FT",93918,"US","M"
2023,"SE","FT",93918,"US","M"
2023,"SE","FT",93918,"US","M"
2023,"SE","FT",93918,"US","M"
2023,"SE","FT",93918,"US","M"
2023,"SE","FT",93918,"US","M"
2023,"MI","FT",93918,"US","M"
2024,"MI","FT",93900,"US","M"
2024,"SE","FT",93800,"US","M"
2024,"SE","FT",93800,"US","M"
2023,"SE","FT",93800,"US","M"
2022,"SE","FT",93800,"US","M"
2022,"SE","FT",93700,"US","M"
2022,"SE","FT",93700,"US","M"
2022,"SE","FT",93700,"US","M"
2023,"SE","FT",93593,"US","M"
2024,"EN","FT",93500,"US","M"
2024,"MI","FT",93500,"US","M"
2023,"SE","FT",93500,"US","M"
2024,"MI","FT",93400,"US","M"
2024,"SE","FT",93400,"AU","M"
2024,"SE","FT",93400,"US","M"
2023,"SE","FT",93400,"US","M"
2023,"SE","FT",93400,"US","M"
2023,"SE","FT",93400,"US","M"
2023,"MI","FT",93400,"US","M"
2023,"SE","FT",93400,"US","M"
2023,"MI","FT",93400,"US","M"
2024,"SE","PT",93300,"US","M"
2024,"SE","FT",93300,"US","M"
2024,"SE","FT",93300,"US","M"
2024,"MI","FT",93300,"US","M"
2024,"SE","FT",93300,"US","M"
2024,"SE","FT",93300,"US","M"
2024,"SE","FT",93300,"US","M"
2024,"SE","FT",93300,"US","M"
2024,"MI","FT",93300,"US","M"
2024,"MI","FT",93300,"US","M"
2024,"SE","FT",93300,"US","M"
2024,"MI","FT",93300,"US","M"
2024,"SE","FT",93300,"US","M"
2024,"SE","FT",93300,"US","M"
2024,"MI","FT",93300,"EG","M"
2024,"MI","FT",93300,"EG","M"
2024,"SE","FT",93300,"EG","M"
2024,"SE","FT",93300,"US","M"
2024,"SE","FT",93300,"US","M"
2024,"MI","FT",93300,"US","M"
2024,"SE","FT",93300,"US","M"
2024,"SE","FT",93300,"DE","M"
2024,"SE","FT",93300,"EG","M"
2023,"MI","FT",93300,"US","M"
2023,"MI","FT",93300,"US","M"
2023,"SE","FT",93300,"US","M"
2023,"SE","FT",93300,"US","M"
2023,"MI","FT",93300,"US","M"
2023,"SE","FT",93300,"US","M"
2023,"SE","FT",93300,"US","M"
2023,"SE","FT",93300,"US","M"
2023,"SE","FT",93300,"US","M"
2023,"SE","FT",93300,"US","M"
2023,"SE","FT",93300,"US","M"
2023,"SE","FT",93300,"US","M"
2023,"SE","FT",93300,"US","M"
2023,"SE","FT",93300,"US","M"
2023,"MI","FT",93300,"US","M"
2023,"SE","FT",93300,"US","M"
2024,"MI","FT",93150,"US","M"
2021,"MI","FT",93150,"US","M"
2024,"MI","FT",93100,"US","M"
2024,"EN","FT",93000,"US","M"
2024,"MI","FT",93000,"US","M"
2024,"EN","PT",93000,"US","M"
2024,"EN","PT",93000,"US","M"
2024,"SE","FT",93000,"US","M"
2024,"EN","FT",93000,"US","M"
2024,"EN","FT",93000,"US","M"
2024,"MI","FT",93000,"US","M"
2024,"EN","FT",93000,"US","M"
2024,"EN","FT",93000,"US","M"
2024,"SE","FT",93000,"US","M"
2023,"EN","FT",93000,"US","M"
2023,"MI","FT",93000,"US","M"
2023,"SE","FT",93000,"US","M"
2022,"MI","CT",97712,"NL","L"
2023,"SE","FT",93000,"US","M"
2023,"MI","FT",93000,"US","L"
2022,"EN","FT",93000,"US","M"
2021,"MI","FT",93000,"US","L"
2023,"SE","FT",92900,"US","M"
2024,"EN","FT",92810,"US","M"
2024,"SE","FT",92700,"US","M"
2024,"EN","FT",92700,"US","M"
2024,"SE","FT",92700,"US","M"
2024,"EN","FT",92700,"US","M"
2024,"EN","FT",92700,"US","M"
2023,"EN","FT",92700,"US","M"
2023,"EN","FT",92700,"US","M"
2023,"EN","FT",92700,"US","M"
2024,"SE","FT",92300,"US","M"
2022,"SE","FT",92250,"US","M"
2024,"SE","FT",92190,"CA","M"
2024,"SE","FT",92190,"CA","M"
2024,"SE","FT",92190,"CA","M"
2024,"MI","FT",115000,"GB","M"
2024,"EN","FT",92000,"AU","M"
2024,"EN","FT",92000,"US","M"
2024,"EN","FT",92000,"AU","M"
2024,"SE","FT",92000,"AR","M"
2024,"MI","FT",92000,"US","M"
2024,"EN","FT",92000,"US","M"
2024,"MI","FT",115000,"GB","M"
2024,"SE","FT",92000,"US","M"
2024,"MI","FT",92000,"US","M"
2024,"MI","FT",92000,"US","M"
2023,"SE","FT",92000,"US","M"
2023,"MI","FT",92000,"US","M"
2023,"SE","FT",92000,"US","M"
2023,"SE","FT",92000,"US","M"
2023,"EN","FT",92000,"US","M"
2023,"MI","FT",92000,"US","M"
2023,"MI","FT",92000,"US","M"
2023,"SE","FT",92000,"CA","M"
2023,"SE","FT",92000,"US","M"
2023,"SE","FT",92000,"GB","M"
2023,"SE","FT",92000,"US","M"
2023,"SE","FT",92000,"US","M"
2023,"SE","FT",92000,"US","M"
2023,"SE","FT",92000,"US","M"
2023,"SE","FT",92000,"GB","M"
2022,"SE","FT",92000,"US","L"
2022,"SE","FT",92000,"US","L"
2023,"EN","FT",91875,"CA","M"
2023,"SE","FT",91800,"US","M"
2024,"SE","FT",91536,"US","M"
2023,"SE","FT",91460,"US","M"
2024,"MI","FT",91300,"CA","M"
2023,"SE","FT",91270,"US","M"
2023,"MI","FT",91260,"US","M"
2023,"EN","FT",91200,"US","M"
2024,"SE","FT",91000,"US","L"
2024,"EN","FT",91000,"US","M"
2023,"MI","FT",91000,"US","M"
2023,"MI","FT",91000,"US","M"
2023,"MI","FT",91000,"US","M"
2023,"SE","FT",91000,"US","M"
2023,"MI","FT",91000,"US","M"
2023,"SE","FT",91000,"US","M"
2023,"SE","FT",91000,"US","M"
2023,"SE","FT",91000,"US","M"
2023,"MI","FT",91000,"US","M"
2023,"MI","FT",67419,"CA","L"
2020,"EN","FT",91000,"US","L"
2024,"MI","FT",90950,"US","M"
2024,"MI","FT",90800,"US","M"
2024,"MI","FT",90800,"US","M"
2024,"MI","FT",90700,"US","M"
2023,"SE","FT",90700,"US","M"
2023,"SE","FT",90700,"US","M"
2023,"MI","FT",90700,"US","M"
2023,"SE","FT",90700,"US","M"
2023,"SE","FT",90700,"US","M"
2023,"SE","FT",90700,"US","M"
2023,"SE","FT",90700,"US","M"
2023,"SE","FT",90700,"US","M"
2023,"SE","FT",90700,"US","M"
2023,"SE","FT",90700,"US","M"
2023,"SE","FT",90700,"US","M"
2023,"SE","FT",90700,"US","M"
2023,"SE","FT",90700,"US","M"
2023,"SE","FT",90700,"US","M"
2023,"SE","FT",90700,"US","M"
2023,"SE","FT",90700,"US","M"
2023,"SE","FT",90700,"US","M"
2022,"SE","FT",90700,"CA","M"
2023,"SE","FT",90600,"US","M"
2024,"MI","FT",90500,"US","M"
2024,"MI","FT",90500,"US","M"
2024,"MI","FT",90500,"US","M"
2023,"MI","FT",90500,"US","M"
2023,"SE","FT",90400,"US","M"
2022,"SE","FT",90320,"US","M"
2022,"SE","FT",90320,"US","M"
2022,"SE","FT",90320,"US","M"
2022,"SE","FT",90320,"US","M"
2022,"SE","FT",90320,"US","M"
2022,"SE","FT",90320,"US","M"
2024,"EN","FT",90300,"US","M"
2023,"SE","FT",90300,"US","M"
2023,"MI","FT",90300,"US","M"
2024,"MI","FT",90279,"US","M"
2024,"MI","FT",90100,"US","M"
2024,"MI","FT",90000,"US","M"
2024,"MI","FT",90000,"US","M"
2024,"SE","FT",90000,"US","M"
2024,"SE","FT",90000,"US","M"
2024,"EN","FT",90000,"US","M"
2024,"EN","FT",90000,"US","M"
2024,"EN","FT",90000,"US","M"
2024,"MI","FT",90000,"US","M"
2024,"MI","FT",90000,"US","M"
2024,"SE","FT",100000,"FR","M"
2024,"SE","FT",90000,"AE","L"
2024,"EN","FT",90000,"US","M"
2024,"SE","FT",90000,"US","M"
2024,"MI","FT",90000,"US","M"
2024,"EN","FT",90000,"AU","M"
2024,"EN","FT",90000,"AU","M"
2024,"EN","FT",90000,"US","M"
2024,"SE","FT",90000,"US","M"
2024,"SE","FT",90000,"US","M"
2024,"MI","FT",90000,"US","M"
2024,"SE","FT",112500,"GB","M"
2024,"MI","FT",90000,"US","M"
2024,"MI","FT",90000,"US","M"
2024,"MI","FT",90000,"US","M"
2024,"EN","FT",90000,"US","M"
2024,"EN","FT",90000,"US","M"
2024,"EN","FT",90000,"US","M"
2024,"SE","FT",90000,"US","M"
2024,"SE","FT",90000,"CA","M"
2024,"SE","FT",112500,"GB","M"
2024,"MI","FT",90000,"US","M"
2024,"SE","FT",112500,"GB","M"
2024,"EN","FT",90000,"US","M"
2024,"EN","FT",90000,"US","M"
2024,"EN","FT",90000,"US","M"
2024,"EN","FT",90000,"US","M"
2024,"MI","FT",90000,"US","M"
2024,"SE","FT",90000,"US","M"
2024,"SE","FT",90000,"US","M"
2024,"SE","FT",90000,"US","M"
2024,"MI","FT",90000,"US","M"
2024,"EN","FT",90000,"US","M"
2024,"EN","FT",90000,"US","M"
2024,"SE","FT",90000,"US","M"
2024,"MI","FT",90000,"US","M"
2024,"SE","FT",90000,"US","M"
2024,"SE","FT",90000,"US","M"
2024,"MI","FT",90000,"US","M"
2024,"SE","FT",112500,"GB","M"
2024,"EN","FT",90000,"US","M"
2024,"MI","FT",100000,"IE","M"
2024,"EN","FT",90000,"US","M"
2023,"EN","FT",90000,"US","M"
2023,"EX","FT",110736,"GB","M"
2023,"SE","FT",90000,"US","M"
2023,"MI","FT",90000,"US","M"
2023,"SE","FT",90000,"US","M"
2023,"MI","FT",90000,"US","M"
2023,"MI","FT",90000,"US","M"
2023,"MI","FT",90000,"US","M"
2023,"MI","FT",90000,"US","M"
2023,"MI","FT",90000,"US","M"
2023,"SE","FT",90000,"US","L"
2023,"MI","FT",90000,"US","M"
2023,"MI","FT",90000,"US","M"
2023,"SE","FT",90000,"US","M"
2023,"SE","FT",90000,"US","M"
2023,"MI","FT",90000,"US","M"
2023,"MI","FT",90000,"US","M"
2023,"SE","FT",90000,"GB","M"
2023,"SE","FT",90000,"US","M"
2023,"SE","FT",90000,"US","M"
2023,"SE","FT",90000,"US","M"
2023,"MI","FT",90000,"US","M"
2023,"MI","FT",90000,"US","M"
2023,"SE","FT",90000,"CO","M"
2023,"SE","FT",90000,"US","M"
2023,"SE","FT",90000,"US","M"
2023,"SE","FT",90000,"US","M"
2023,"SE","FT",90000,"US","M"
2023,"SE","FT",90000,"US","M"
2023,"SE","FT",90000,"US","M"
2023,"MI","FT",90000,"US","M"
2023,"SE","FT",90000,"US","M"
2023,"EX","FT",90000,"US","M"
2023,"SE","FT",110736,"GB","M"
2023,"SE","FT",90000,"US","M"
2023,"MI","FT",90000,"US","M"
2023,"SE","FT",90000,"US","M"
2023,"SE","FT",90000,"US","M"
2023,"SE","FT",90000,"US","M"
2023,"SE","FT",90000,"US","M"
2023,"MI","FT",90000,"US","M"
2023,"MI","FT",110736,"GB","M"
2023,"EN","FT",90000,"CA","L"
2023,"MI","FT",90000,"US","M"
2023,"MI","FT",90000,"FR","M"
2023,"SE","FT",90000,"US","M"
2023,"MI","FT",90000,"US","M"
2023,"MI","FT",90000,"US","M"
2023,"MI","FT",110736,"GB","M"
2023,"MI","FT",90000,"US","M"
2023,"MI","FT",90000,"US","M"
2023,"MI","FT",90000,"US","M"
2023,"MI","FT",110736,"GB","M"
2023,"EN","FT",90000,"US","M"
2023,"SE","FT",90000,"US","M"
2023,"EN","FT",90000,"US","M"
2023,"SE","FT",90000,"US","M"
2023,"MI","FT",110736,"GB","M"
2023,"MI","FT",90000,"SA","M"
2023,"SE","FT",90000,"US","M"
2023,"MI","FT",90000,"US","M"
2023,"EN","FT",90000,"US","M"
2023,"SE","FT",90000,"US","M"
2023,"MI","FT",90000,"US","M"
2023,"EX","FT",110736,"GB","M"
2023,"SE","FT",90000,"US","M"
2023,"MI","FT",110736,"GB","M"
2023,"MI","FT",110736,"GB","M"
2023,"SE","FT",90000,"CA","M"
2023,"MI","FT",97171,"NL","L"
2023,"MI","FT",90000,"US","M"
2023,"MI","FT",90000,"US","M"
2023,"SE","FT",90000,"US","M"
2023,"MI","FT",90000,"US","M"
2023,"MI","FT",97171,"IE","M"
2023,"MI","FT",110736,"GB","M"
2023,"EN","FT",90000,"US","M"
2023,"MI","FT",90000,"US","M"
2023,"MI","FT",90000,"US","M"
2023,"SE","FT",90000,"US","L"
2023,"MI","FT",90000,"US","M"
2023,"EN","FT",90000,"US","M"
2023,"SE","FT",90000,"US","M"
2023,"SE","FT",90000,"MX","M"
2023,"SE","FT",90000,"US","M"
2023,"SE","FT",90000,"US","M"
2023,"MI","FT",110736,"HR","M"
2023,"MI","FT",90000,"US","M"
2023,"MI","FT",90000,"US","M"
2023,"MI","FT",110736,"GB","M"
2023,"SE","FT",90000,"US","M"
2021,"EN","FT",66970,"SG","L"
2023,"SE","FT",90000,"US","M"
2023,"MI","FT",90000,"US","M"
2023,"SE","FT",90000,"US","M"
2023,"MI","FT",90000,"US","M"
2022,"MI","FT",94560,"FR","M"
2022,"MI","FT",90000,"US","M"
2022,"MI","FT",90000,"US","M"
2022,"MI","FT",90000,"US","M"
2022,"MI","FT",90000,"US","M"
2022,"MI","FT",90000,"US","M"
2022,"SE","FT",90000,"US","M"
2022,"MI","FT",110820,"GB","M"
2022,"SE","CT",90000,"US","M"
2022,"MI","FT",110820,"GB","M"
2022,"SE","FT",90000,"US","M"
2022,"MI","FT",65257,"SG","M"
2022,"MI","FT",110820,"GB","M"
2022,"MI","FT",90000,"US","M"
2022,"SE","FT",110820,"GB","M"
2022,"MI","FT",69133,"CA","L"
2021,"MI","FT",90000,"US","M"
2021,"MI","FT",90000,"US","L"
2021,"EN","FT",90000,"US","S"
2021,"EN","FT",90000,"US","S"
2021,"SE","FT",71786,"CA","M"
2021,"EN","FT",90000,"US","S"
2023,"MI","FT",110367,"GB","M"
2023,"SE","FT",89600,"US","M"
2023,"MI","FT",110244,"GB","M"
2024,"MI","FT",89500,"US","M"
2024,"MI","FT",89500,"US","M"
2024,"MI","FT",89500,"US","M"
2023,"MI","FT",89500,"US","M"
2023,"SE","FT",89246,"US","M"
2022,"SE","FT",89200,"US","M"
2022,"SE","FT",89200,"US","M"
2023,"SE","FT",89100,"US","M"
2023,"EN","FT",89030,"US","M"
2024,"EN","FT",89000,"US","M"
2024,"MI","FT",89000,"US","M"
2024,"MI","FT",89000,"US","M"
2024,"SE","FT",89000,"US","M"
2023,"SE","FT",89000,"US","M"
2024,"MI","FT",88995,"AU","M"
2024,"SE","FT",88854,"US","M"
2024,"EN","FT",88800,"US","M"
2024,"EN","FT",88800,"US","M"
2024,"SE","FT",88670,"US","M"
2023,"SE","FT",88600,"US","M"
2024,"EN","FT",88200,"US","M"
2024,"EN","FT",88200,"US","M"
2024,"MI","FT",88200,"US","M"
2023,"EN","FT",88200,"US","M"
2022,"SE","FT",88100,"US","M"
2022,"SE","FT",88100,"US","M"
2024,"SE","FT",88052,"US","M"
2023,"SE","FT",88052,"US","M"
2024,"MI","FT",88000,"US","M"
2024,"MI","FT",88000,"US","M"
2024,"MI","FT",88000,"US","M"
2024,"MI","FT",88000,"US","M"
2024,"SE","FT",88000,"CA","M"
2023,"MI","FT",95012,"DE","L"
2023,"EN","FT",88000,"US","M"
2023,"MI","FT",88000,"CO","M"
2023,"SE","FT",88000,"US","M"
2023,"MI","FT",88000,"CO","M"
2023,"MI","FT",88000,"US","M"
2022,"MI","FT",67597,"CA","M"
2020,"MI","FT",112872,"GB","L"
2024,"EN","FT",87999,"US","M"
2023,"SE","FT",87980,"US","M"
2023,"SE","FT",87980,"US","M"
2024,"MI","FT",87800,"US","M"
2024,"MI","FT",87800,"US","M"
2024,"SE","FT",87600,"US","M"
2023,"SE","FT",87570,"US","M"
2024,"EN","FT",87550,"US","M"
2024,"EN","FT",87550,"US","M"
2024,"EN","FT",87550,"US","M"
2023,"EX","FT",87500,"US","M"
2023,"MI","FT",87500,"US","M"
2023,"MI","FT",87500,"US","M"
2023,"MI","FT",87500,"US","M"
2023,"MI","FT",87500,"US","M"
2023,"MI","FT",87500,"US","M"
2023,"MI","FT",87500,"US","M"
2023,"SE","FT",87500,"US","M"
2024,"EN","FT",87400,"US","M"
2023,"SE","FT",87400,"US","M"
2024,"MI","FT",87300,"US","M"
2023,"MI","FT",87300,"US","M"
2023,"SE","FT",87200,"US","M"
2024,"MI","FT",87000,"US","M"
2024,"SE","FT",87000,"US","M"
2024,"EN","FT",87000,"US","M"
2024,"SE","FT",108750,"GB","S"
2023,"SE","FT",87000,"CA","M"
2023,"SE","FT",87000,"US","M"
2023,"SE","FT",87000,"US","M"
2023,"MI","FT",87000,"US","M"
2021,"SE","FT",102839,"SI","L"
2020,"MI","FT",87000,"US","L"
2024,"EN","FT",86900,"US","M"
2023,"SE","FT",86900,"US","M"
2024,"MI","FT",86800,"US","M"
2024,"EN","FT",86800,"US","M"
2023,"SE","FT",86720,"US","M"
2023,"SE","FT",86700,"US","L"
2024,"MI","FT",86600,"US","M"
2024,"EN","FT",86600,"US","M"
2023,"SE","FT",86600,"US","M"
2023,"MI","FT",86600,"US","M"
2024,"MI","FT",86500,"US","M"
2023,"SE","FT",86500,"US","M"
2023,"EN","FT",86500,"US","L"
2023,"SE","FT",86466,"US","M"
2024,"MI","FT",86424,"US","M"
2023,"MI","FT",86400,"US","M"
2023,"SE","FT",86250,"US","M"
2024,"MI","FT",86218,"CA","M"
2024,"SE","FT",95717,"NL","M"
2023,"MI","FT",86100,"US","M"
2024,"MI","FT",86078,"US","M"
2024,"SE","FT",95584,"DE","M"
2024,"SE","FT",86000,"US","M"
2024,"MI","FT",86000,"US","M"
2024,"EN","FT",86000,"US","M"
2024,"SE","FT",86000,"US","M"
2024,"MI","FT",86000,"US","M"
2024,"MI","FT",86000,"US","M"
2024,"MI","FT",86000,"US","M"
2024,"MI","FT",86000,"US","M"
2024,"MI","FT",86000,"US","M"
2024,"EN","FT",86000,"US","M"
2024,"SE","FT",86000,"US","M"
2024,"SE","FT",86000,"US","M"
2024,"SE","FT",86000,"US","M"
2024,"SE","FT",86000,"US","M"
2024,"MI","FT",86000,"US","M"
2024,"SE","FT",86000,"US","M"
2023,"MI","FT",86000,"US","M"
2023,"SE","FT",86000,"US","M"
2023,"MI","FT",86000,"US","M"
2023,"EN","FT",86000,"US","M"
2023,"SE","FT",86000,"US","M"
2023,"EN","FT",86000,"US","M"
2023,"SE","FT",86000,"US","M"
2023,"SE","FT",86000,"US","M"
2023,"SE","FT",86000,"US","M"
2023,"SE","FT",86000,"US","M"
2022,"EN","FT",86000,"US","L"
2024,"EN","FT",85900,"MX","M"
2023,"MI","FT",85800,"US","M"
2024,"MI","FT",85750,"US","M"
2024,"MI","FT",85700,"US","M"
2023,"SE","FT",85700,"US","M"
2023,"SE","FT",85700,"US","M"
2023,"SE","FT",85700,"US","M"
2023,"SE","FT",85700,"US","M"
2023,"SE","FT",85700,"US","M"
2022,"SE","FT",85700,"US","M"
2023,"EN","FT",85600,"US","M"
2023,"EN","FT",85600,"US","M"
2023,"EN","FT",85600,"US","M"
2024,"EN","FT",85500,"US","M"
2024,"SE","FT",85500,"US","M"
2024,"SE","FT",85500,"US","M"
2023,"SE","FT",85500,"US","M"
2023,"SE","FT",85500,"US","M"
2023,"SE","FT",85500,"US","M"
2023,"SE","FT",85500,"US","M"
2023,"SE","FT",85500,"US","M"
2024,"SE","FT",85469,"US","M"
2023,"MI","FT",85445,"US","M"
2023,"MI","FT",85445,"US","M"
2024,"EN","FT",85420,"US","M"
2024,"SE","FT",85393,"US","M"
2023,"MI","FT",85300,"CA","M"
2023,"EN","FT",85256,"US","M"
2024,"SE","FT",85000,"US","M"
2024,"MI","FT",85000,"US","M"
2024,"SE","FT",106250,"GB","M"
2024,"SE","FT",85000,"US","M"
2024,"MI","FT",85000,"US","M"
2024,"EN","FT",85000,"US","M"
2024,"MI","FT",85000,"US","M"
2024,"MI","FT",85000,"US","M"
2024,"EN","FT",85000,"US","M"
2024,"MI","FT",85000,"US","M"
2024,"SE","FT",85000,"US","M"
2024,"SE","FT",85000,"US","M"
2024,"SE","FT",85000,"US","M"
2024,"MI","FT",106250,"GB","M"
2024,"MI","FT",106250,"GB","M"
2024,"SE","FT",85000,"US","M"
2024,"MI","FT",85000,"US","M"
2024,"SE","FT",85000,"US","M"
2024,"EN","FT",85000,"US","M"
2024,"SE","FT",85000,"AR","M"
2024,"SE","FT",85000,"US","M"
2024,"EN","FT",85000,"US","M"
2024,"SE","FT",85000,"US","M"
2024,"MI","FT",85000,"US","M"
2024,"MI","FT",85000,"US","M"
2024,"EN","FT",85000,"US","M"
2024,"EN","FT",85000,"LB","M"
2024,"MI","FT",85000,"US","M"
2024,"MI","FT",94444,"IE","M"
2023,"MI","FT",85000,"US","M"
2023,"MI","FT",85000,"US","M"
2023,"MI","FT",85000,"US","M"
2023,"MI","FT",85000,"US","M"
2023,"EN","FT",85000,"US","M"
2023,"MI","FT",85000,"US","M"
2023,"EN","FT",85000,"US","M"
2023,"EN","FT",85000,"US","M"
2023,"MI","FT",104584,"GB","M"
2023,"SE","FT",85000,"US","M"
2023,"SE","FT",85000,"US","M"
2023,"MI","FT",85000,"US","M"
2023,"MI","FT",85000,"US","M"
2023,"MI","FT",85000,"US","M"
2023,"EN","FT",85000,"US","M"
2023,"MI","FT",85000,"US","M"
2023,"SE","FT",85000,"US","M"
2023,"MI","FT",85000,"US","M"
2023,"SE","FT",85000,"US","M"
2023,"MI","FT",85000,"US","M"
2023,"SE","FT",104584,"GB","M"
2023,"MI","FT",85000,"US","M"
2023,"SE","FT",85000,"US","M"
2023,"MI","FT",85000,"US","M"
2023,"EN","FT",85000,"CA","M"
2023,"SE","FT",85000,"US","M"
2023,"EN","FT",85000,"CA","M"
2023,"MI","FT",104584,"GB","M"
2023,"SE","FT",85000,"US","M"
2023,"EN","FT",85000,"US","M"
2023,"SE","FT",91773,"ES","M"
2023,"MI","FT",104584,"GB","M"
2023,"SE","FT",85000,"US","M"
2023,"SE","FT",85000,"US","M"
2023,"SE","FT",85000,"US","M"
2023,"SE","FT",85000,"US","M"
2023,"SE","FT",85000,"US","M"
2023,"SE","FT",85000,"US","M"
2023,"SE","FT",85000,"US","M"
2023,"MI","FT",85000,"US","M"
2023,"SE","FT",104584,"GB","M"
2023,"SE","FT",85000,"US","M"
2023,"MI","FT",85000,"US","M"
2023,"EN","FT",85000,"US","M"
2023,"EN","FT",85000,"US","M"
2023,"EN","FT",85000,"US","M"
2023,"EN","FT",85000,"US","M"
2023,"EN","FT",85000,"US","M"
2023,"MI","FT",85000,"US","M"
2023,"EN","FT",85000,"US","M"
2023,"MI","FT",85000,"US","M"
2023,"SE","FT",85000,"US","M"
2023,"MI","FT",104584,"GB","M"
2023,"EN","FT",85000,"US","M"
2023,"SE","FT",85000,"US","M"
2023,"SE","FT",85000,"US","M"
2022,"EN","FT",85000,"US","M"
2023,"EN","FT",85000,"US","M"
2023,"MI","FT",85000,"US","M"
2023,"SE","FT",85000,"US","M"
2023,"SE","FT",85000,"US","M"
2022,"EN","FT",85000,"US","M"
2022,"MI","FT",104663,"GB","M"
2022,"MI","FT",104663,"GB","M"
2022,"MI","FT",89306,"AT","L"
2022,"MI","FT",85000,"US","M"
2022,"MI","FT",85000,"US","M"
2022,"MI","FT",85000,"US","M"
2022,"SE","FT",85000,"US","M"
2022,"SE","FT",85000,"US","M"
2022,"SE","FT",85000,"US","M"
2022,"MI","FT",89306,"NL","M"
2022,"SE","FT",85000,"US","M"
2022,"SE","FT",85000,"US","M"
2022,"MI","FT",104663,"GB","M"
2022,"MI","FT",85000,"CA","M"
2022,"SE","FT",89306,"FR","L"
2021,"EX","FT",85000,"RU","M"
2020,"SE","FT",109024,"GB","M"
2021,"EN","FT",85000,"DE","S"
2020,"MI","FT",85000,"US","L"
2021,"MI","FT",116914,"GB","L"
2022,"SE","FT",104611,"GB","M"
2022,"SE","FT",84900,"US","M"
2024,"SE","FT",84870,"US","M"
2023,"SE","FT",84870,"US","M"
2023,"SE","FT",84870,"US","M"
2023,"SE","FT",84870,"US","M"
2023,"SE","FT",84870,"US","M"
2023,"SE","FT",84800,"US","M"
2023,"SE","FT",84800,"US","M"
2024,"SE","FT",84750,"US","M"
2023,"SE","FT",84750,"US","M"
2023,"SE","FT",84750,"US","M"
2024,"SE","FT",84700,"US","M"
2023,"SE","FT",84700,"US","M"
2023,"SE","FT",84600,"US","M"
2023,"MI","FT",104055,"GB","M"
2024,"SE","FT",84533,"US","M"
2024,"SE","FT",84500,"US","M"
2024,"SE","FT",84500,"US","M"
2024,"SE","FT",84500,"US","M"
2024,"SE","FT",84500,"US","M"
2023,"SE","FT",84400,"US","M"
2024,"EN","FT",84105,"US","M"
2024,"EN","FT",84068,"US","M"
2024,"EN","FT",84000,"US","M"
2024,"MI","FT",84000,"US","M"
2024,"MI","FT",84000,"US","M"
2024,"MI","FT",93333,"DE","M"
2024,"EN","FT",84000,"US","M"
2023,"SE","FT",84000,"US","M"
2023,"MI","FT",84000,"VN","M"
2023,"SE","FT",84000,"US","M"
2023,"MI","FT",84000,"US","M"
2023,"SE","FT",84000,"US","M"
2023,"EN","FT",84000,"US","M"
2023,"SE","FT",84000,"US","M"
2023,"SE","FT",84000,"CO","M"
2022,"SE","FT",88256,"GB","L"
2023,"SE","FT",84000,"US","M"
2023,"SE","FT",84000,"US","M"
2022,"SE","FT",103432,"GB","M"
2022,"MI","FT",84000,"BR","M"
2022,"SE","FT",84000,"US","M"
2023,"SE","FT",90599,"DE","M"
2024,"MI","FT",83900,"US","M"
2024,"MI","FT",83900,"US","M"
2024,"MI","FT",93222,"ES","M"
2024,"MI","FT",83900,"US","M"
2024,"MI","FT",83900,"US","M"
2024,"MI","FT",83900,"US","M"
2023,"SE","FT",83900,"US","M"
2023,"MI","FT",83900,"US","M"
2023,"SE","FT",83900,"US","M"
2023,"SE","FT",83900,"US","M"
2023,"SE","FT",83900,"US","M"
2023,"SE","FT",83900,"US","M"
2023,"SE","FT",83900,"US","M"
2023,"SE","FT",83700,"US","M"
2024,"EN","FT",83646,"CA","M"
2024,"SE","FT",83576,"US","M"
2023,"MI","FT",83500,"US","M"
2023,"MI","FT",83500,"US","M"
2024,"SE","FT",104220,"GB","M"
2023,"SE","FT",102586,"GB","M"
2022,"SE","FT",102663,"GB","M"
2023,"MI","FT",83339,"US","M"
2024,"EN","FT",83300,"US","M"
2024,"MI","FT",83300,"US","M"
2024,"MI","FT",83300,"US","M"
2024,"EN","FT",83300,"US","M"
2024,"EN","FT",83300,"US","M"
2024,"MI","FT",83300,"US","M"
2023,"EN","FT",83300,"US","M"
2023,"SE","FT",102492,"GB","M"
2023,"SE","FT",102492,"GB","M"
2023,"MI","FT",61699,"CA","L"
2023,"SE","FT",83270,"US","M"
2024,"EN","FT",83200,"US","M"
2023,"EN","CT",83200,"US","S"
2024,"MI","FT",92248,"NL","M"
2024,"EN","FT",83000,"US","M"
2024,"EN","FT",83000,"US","M"
2023,"EN","FT",83000,"US","M"
2023,"EN","FT",83000,"US","M"
2023,"MI","FT",83000,"US","M"
2023,"SE","FT",83000,"US","M"
2023,"SE","FT",83000,"US","M"
2022,"MI","FT",102200,"GB","M"
2022,"EN","FT",83000,"US","L"
2023,"SE","FT",82920,"US","M"
2023,"MI","FT",82920,"US","M"
2024,"EN","FT",82915,"US","M"
2024,"EN","FT",82915,"US","M"
2024,"MI","FT",82915,"US","M"
2023,"SE","FT",82900,"IN","M"
2022,"MI","FT",82900,"US","M"
2023,"EN","FT",82800,"US","M"
2023,"SE","FT",82673,"US","M"
2024,"SE","FT",82620,"US","M"
2024,"SE","FT",82500,"US","M"
2024,"SE","FT",82500,"US","M"
2023,"SE","FT",82500,"US","M"
2023,"SE","FT",82500,"CA","M"
2023,"MI","FT",82500,"CA","M"
2023,"SE","FT",82500,"US","M"
2023,"SE","FT",82500,"US","M"
2021,"MI","FT",82500,"US","S"
2021,"SE","FT",113476,"GB","M"
2023,"MI","FT",82452,"US","L"
2023,"EN","FT",82400,"US","M"
2024,"SE","FT",82365,"US","M"
2023,"SE","FT",82365,"US","M"
2023,"SE","FT",82365,"US","M"
2023,"SE","FT",82365,"US","M"
2023,"SE","FT",82365,"US","M"
2023,"SE","FT",82200,"US","M"
2024,"EN","FT",82000,"US","M"
2024,"SE","FT",82000,"US","M"
2024,"MI","FT",82000,"US","M"
2024,"SE","FT",82000,"US","M"
2024,"MI","FT",82000,"US","M"
2023,"SE","FT",82000,"US","M"
2023,"SE","FT",82000,"US","M"
2023,"SE","FT",82000,"US","M"
2023,"MI","FT",82000,"US","M"
2023,"SE","FT",82000,"US","M"
2022,"EN","FT",82000,"US","L"
2024,"MI","FT",81960,"US","M"
2023,"SE","FT",81900,"US","M"
2023,"SE","FT",81900,"US","M"
2023,"SE","FT",81900,"US","M"
2024,"SE","FT",81800,"US","M"
2024,"SE","FT",81800,"US","M"
2023,"MI","FT",81800,"US","M"
2023,"MI","FT",81800,"US","M"
2023,"SE","FT",81800,"US","M"
2023,"SE","FT",81800,"US","M"
2023,"SE","FT",81800,"US","M"
2023,"SE","FT",81800,"US","M"
2023,"SE","FT",81800,"US","M"
2023,"SE","FT",81800,"GB","M"
2024,"MI","FT",81713,"US","M"
2023,"SE","FT",81666,"US","M"
2023,"SE","FT",81666,"US","M"
2023,"SE","FT",81666,"US","M"
2023,"SE","FT",81666,"US","M"
2022,"SE","FT",81666,"US","M"
2022,"SE","FT",81666,"US","M"
2022,"SE","FT",81666,"US","M"
2022,"SE","FT",81666,"US","M"
2022,"SE","FT",81666,"US","M"
2022,"SE","FT",81666,"US","M"
2022,"SE","FT",81666,"US","M"
2024,"MI","FT",81650,"US","M"
2024,"MI","FT",81650,"US","M"
2024,"SE","FT",81536,"US","M"
2023,"SE","FT",81536,"US","M"
2024,"MI","FT",81530,"CA","M"
2024,"MI","FT",81500,"US","M"
2024,"MI","FT",81500,"US","M"
2024,"MI","FT",81500,"US","M"
2024,"MI","FT",81500,"US","M"
2024,"MI","FT",81500,"US","M"
2024,"SE","FT",81500,"US","M"
2024,"SE","FT",81500,"US","M"
2024,"MI","FT",81500,"US","M"
2023,"SE","FT",81500,"US","M"
2023,"SE","FT",81500,"US","M"
2023,"SE","FT",81500,"US","M"
2023,"SE","FT",81500,"US","M"
2023,"SE","FT",81500,"US","M"
2023,"SE","FT",81500,"US","M"
2023,"SE","FT",81500,"US","M"
2023,"MI","FT",81500,"US","M"
2023,"EN","FT",81500,"US","M"
2023,"MI","FT",81500,"US","M"
2023,"MI","FT",81500,"US","M"
2023,"MI","FT",81500,"US","M"
2023,"MI","FT",81500,"US","M"
2023,"MI","FT",81500,"US","M"
2023,"MI","FT",81500,"US","M"
2023,"SE","FT",81500,"US","M"
2023,"SE","FT",81500,"US","M"
2023,"SE","FT",81500,"US","M"
2023,"SE","FT",81500,"US","M"
2023,"SE","FT",81500,"US","M"
2023,"SE","FT",81500,"US","M"
2023,"SE","FT",81500,"US","M"
2022,"SE","FT",81500,"US","M"
2022,"SE","FT",81500,"US","M"
2024,"SE","FT",81410,"CA","M"
2024,"SE","FT",81410,"CA","M"
2023,"EN","FT",81400,"US","M"
2024,"MI","FT",81200,"US","M"
2024,"MI","FT",81000,"US","L"
2023,"SE","FT",81000,"US","L"
2022,"SE","FT",81000,"US","M"
2021,"MI","FT",95746,"US","S"
2021,"EN","FT",81000,"US","S"
2023,"SE","FT",80850,"US","M"
2024,"MI","FT",80845,"US","M"
2024,"MI","FT",80800,"US","M"
2023,"EN","FT",80800,"US","M"
2023,"EN","FT",80800,"US","M"
2023,"MI","FT",80750,"CA","M"
2023,"MI","FT",80505,"CA","M"
2024,"MI","FT",80500,"US","M"
2024,"MI","FT",80420,"US","M"
2024,"MI","FT",80420,"US","M"
2024,"MI","FT",80420,"US","M"
2024,"MI","FT",80420,"US","M"
2023,"MI","FT",80420,"US","M"
2024,"EN","FT",80080,"US","M"
2024,"MI","FT",100000,"GB","M"
2024,"MI","FT",100000,"GB","M"
2024,"MI","FT",80000,"US","M"
2024,"EN","FT",80000,"US","M"
2024,"EN","FT",80000,"US","M"
2024,"EN","FT",80000,"US","M"
2024,"MI","FT",80000,"US","M"
2024,"SE","FT",100000,"GB","M"
2024,"EN","FT",80000,"US","M"
2024,"EN","FT",80000,"US","M"
2024,"EN","FT",80000,"US","M"
2024,"MI","FT",80000,"AU","M"
2024,"SE","FT",100000,"GB","M"
2024,"SE","FT",80000,"US","M"
2024,"EN","FT",80000,"US","M"
2024,"MI","FT",80000,"US","M"
2024,"EN","CT",88888,"DE","L"
2024,"SE","FT",80000,"US","M"
2024,"SE","FT",100000,"GB","M"
2024,"MI","FT",80000,"US","M"
2024,"EN","FT",80000,"US","M"
2024,"MI","FT",80000,"US","M"
2024,"EN","FT",80000,"US","M"
2024,"EN","FT",80000,"US","M"
2024,"MI","FT",80000,"US","M"
2024,"MI","FT",80000,"US","M"
2024,"MI","FT",80000,"US","M"
2024,"MI","FT",80000,"US","M"
2024,"SE","FT",80000,"IE","M"
2024,"MI","FT",80000,"US","M"
2024,"SE","FT",80000,"US","M"
2024,"MI","FT",80000,"US","M"
2024,"MI","FT",80000,"US","M"
2024,"EN","FT",80000,"US","M"
2024,"SE","FT",80000,"US","M"
2024,"SE","FT",80000,"US","M"
2024,"SE","FT",80000,"US","M"
2024,"MI","FT",80000,"US","M"
2024,"EN","FT",80000,"US","M"
2024,"EN","FT",80000,"US","M"
2024,"SE","FT",80000,"IN","M"
2024,"MI","FT",80000,"US","M"
2024,"SE","FT",80000,"US","M"
2024,"MI","FT",80000,"US","M"
2023,"EN","FT",80000,"US","M"
2023,"MI","FT",80000,"US","M"
2023,"SE","FT",80000,"US","M"
2023,"MI","FT",80000,"US","M"
2023,"MI","FT",80000,"US","M"
2023,"EN","FT",80000,"US","M"
2023,"EN","FT",80000,"US","M"
2023,"EN","FT",80000,"US","M"
2023,"SE","FT",80000,"PL","M"
2023,"MI","FT",80000,"US","M"
2023,"SE","FT",80000,"US","M"
2023,"MI","FT",80000,"US","M"
2023,"MI","FT",80000,"US","M"
2023,"SE","FT",80000,"US","M"
2023,"SE","FT",80000,"US","M"
2023,"EN","FT",80000,"US","M"
2023,"SE","FT",80000,"US","M"
2023,"SE","FT",80000,"US","M"
2023,"MI","FT",80000,"US","M"
2023,"EN","FT",80000,"US","M"
2023,"SE","FT",80000,"US","M"
2023,"EX","FT",80000,"US","M"
2023,"EX","FT",80000,"US","M"
2023,"SE","FT",80000,"US","M"
2023,"SE","FT",80000,"US","M"
2023,"EX","FT",80000,"US","M"
2023,"SE","FT",80000,"US","M"
2023,"SE","FT",98432,"GB","M"
2023,"SE","FT",80000,"US","M"
2023,"MI","FT",80000,"US","M"
2023,"SE","FT",80000,"US","M"
2023,"MI","FT",80000,"US","M"
2023,"MI","FT",80000,"US","M"
2023,"MI","FT",98432,"GB","M"
2023,"MI","FT",80000,"US","M"
2023,"EX","FT",98432,"GB","M"
2023,"SE","FT",98432,"GB","M"
2023,"MI","FT",80000,"US","M"
2023,"MI","FT",80000,"US","M"
2022,"EN","FT",80000,"US","S"
2023,"SE","FT",80000,"US","M"
2023,"EX","FT",80000,"US","M"
2023,"SE","FT",86374,"SE","L"
2023,"MI","FT",80000,"US","M"
2023,"SE","FT",80000,"US","M"
2023,"EN","FT",80000,"US","M"
2023,"EN","FT",80000,"US","M"
2023,"MI","FT",80000,"US","M"
2023,"SE","FT",80000,"US","M"
2023,"EN","FT",80000,"US","M"
2023,"EN","FT",80000,"US","M"
2023,"SE","FT",98432,"GB","M"
2023,"EN","FT",80000,"US","M"
2023,"MI","FT",80000,"US","M"
2023,"SE","FT",80000,"US","M"
2023,"EN","FT",80000,"US","M"
2023,"MI","FT",98432,"GB","M"
2023,"SE","FT",80000,"US","M"
2023,"SE","FT",80000,"US","M"
2023,"MI","FT",80000,"US","M"
2023,"SE","FT",80000,"CA","M"
2023,"SE","FT",80000,"AR","M"
2023,"SE","FT",86374,"ES","L"
2023,"SE","FT",80000,"US","M"
2023,"SE","FT",80000,"US","M"
2023,"SE","FT",80000,"US","M"
2023,"MI","FT",80000,"US","M"
2023,"SE","FT",80000,"US","M"
2023,"SE","FT",80000,"US","M"
2023,"SE","FT",80000,"US","M"
2023,"EN","FT",80000,"SE","M"
2023,"MI","FT",98432,"GB","M"
2023,"SE","FT",86374,"DE","S"
2023,"SE","FT",80000,"US","M"
2023,"SE","FT",80000,"US","S"
2023,"MI","FT",80000,"US","M"
2023,"SE","FT",80000,"US","M"
2023,"MI","FT",98432,"GB","M"
2022,"SE","FT",84053,"FR","L"
2023,"MI","FT",80000,"US","M"
2023,"MI","FT",80000,"US","M"
2023,"MI","FT",80000,"KE","S"
2023,"MI","FT",80000,"ES","M"
2023,"MI","FT",80000,"US","M"
2023,"SE","FT",80000,"US","M"
2022,"MI","FT",80000,"US","M"
2022,"MI","FT",80000,"US","L"
2022,"MI","FT",80000,"US","M"
2022,"EN","FT",80000,"US","M"
2022,"SE","FT",80000,"US","M"
2022,"MI","FT",80000,"US","M"
2022,"EN","FT",80000,"US","L"
2022,"MI","FT",84053,"DE","S"
2022,"SE","FT",80000,"US","M"
2022,"MI","FT",84053,"GR","M"
2022,"MI","FT",98506,"GB","M"
2022,"MI","FT",84053,"ES","M"
2022,"EN","FT",80000,"US","L"
2022,"MI","FT",98506,"GB","M"
2022,"EN","FT",84053,"BE","L"
2022,"EX","FT",84053,"NL","L"
2022,"SE","FT",80000,"US","L"
2022,"MI","FT",84053,"DE","M"
2022,"MI","FT",84053,"ES","M"
2022,"MI","FT",98506,"GB","M"
2022,"MI","FT",84053,"GR","M"
2022,"SE","FT",80000,"US","M"
2022,"SE","FT",98506,"GB","M"
2022,"SE","FT",80000,"US","M"
2022,"SE","FT",80000,"US","M"
2021,"EN","FT",80000,"US","M"
2022,"SE","FT",84053,"DE","M"
2021,"EN","FT",110037,"GB","L"
2021,"EN","FT",80000,"US","L"
2021,"SE","FT",80000,"US","S"
2021,"EN","FT",80000,"US","M"
2021,"SE","FT",94564,"DE","L"
2021,"MI","FT",80000,"US","L"
2021,"MI","FT",63810,"CA","M"
2020,"SE","FT",91237,"AT","S"
2024,"MI","FT",79900,"US","M"
2023,"SE","FT",79700,"US","M"
2024,"MI","FT",79645,"US","M"
2024,"MI","FT",79600,"US","L"
2024,"SE","FT",79600,"US","L"
2024,"SE","FT",79600,"US","L"
2024,"MI","FT",79600,"US","L"
2024,"SE","FT",79600,"US","L"
2024,"MI","FT",79600,"US","L"
2024,"SE","FT",79600,"US","L"
2023,"MI","FT",79600,"US","L"
2023,"MI","FT",79600,"US","L"
2023,"MI","FT",79600,"US","L"
2023,"SE","FT",79600,"US","L"
2023,"SE","FT",79600,"US","L"
2023,"SE","FT",79600,"US","L"
2023,"SE","FT",79600,"US","L"
2023,"SE","FT",79600,"US","L"
2023,"SE","FT",79600,"US","L"
2023,"SE","FT",79600,"US","L"
2023,"SE","FT",79600,"US","L"
2023,"SE","FT",79600,"US","L"
2023,"SE","FT",79600,"US","L"
2023,"SE","FT",79600,"US","L"
2023,"SE","FT",79600,"US","L"
2023,"SE","FT",79600,"US","L"
2023,"SE","FT",79600,"US","L"
2023,"SE","FT",79600,"US","L"
2023,"SE","FT",79600,"US","L"
2023,"SE","FT",79600,"US","L"
2023,"SE","FT",79600,"US","L"
2023,"EN","FT",79350,"US","M"
2023,"MI","FT",79350,"US","M"
2024,"EN","FT",79300,"US","M"
2024,"MI","FT",79200,"US","M"
2024,"MI","FT",79200,"US","M"
2024,"MI","FT",79000,"US","M"
2024,"EN","FT",79000,"US","M"
2024,"SE","FT",79000,"US","M"
2023,"SE","FT",79000,"US","M"
2023,"SE","FT",79000,"US","M"
2023,"MI","FT",79000,"US","M"
2023,"MI","FT",79000,"US","M"
2022,"MI","FT",79000,"US","M"
2024,"SE","FT",78900,"US","M"
2024,"SE","FT",78800,"US","M"
2024,"SE","FT",78800,"US","M"
2024,"SE","FT",78800,"US","M"
2024,"SE","FT",78800,"US","M"
2024,"SE","FT",78800,"US","M"
2024,"SE","FT",78800,"US","M"
2024,"EN","FT",78800,"MT","M"
2023,"SE","FT",78800,"US","M"
2023,"SE","FT",78800,"US","M"
2023,"EN","FT",78800,"US","M"
2024,"MI","FT",78575,"US","M"
2023,"SE","FT",78400,"US","L"
2024,"EN","FT",78308,"CA","M"
2024,"MI","FT",78300,"US","M"
2024,"MI","FT",78100,"US","M"
2024,"MI","FT",78000,"US","M"
2024,"MI","FT",78000,"US","M"
2024,"MI","FT",78000,"US","M"
2024,"SE","FT",78000,"US","M"
2024,"MI","FT",78000,"CA","M"
2023,"SE","FT",78000,"CA","M"
2023,"SE","FT",78000,"US","M"
2023,"MI","FT",78000,"US","M"
2023,"SE","FT",78000,"US","L"
2023,"MI","FT",78000,"US","M"
2023,"MI","FT",78000,"US","M"
2023,"SE","FT",78000,"US","M"
2023,"EX","FT",78000,"US","M"
2023,"SE","FT",78000,"US","M"
2023,"SE","FT",78000,"US","M"
2023,"SE","FT",78000,"US","M"
2023,"SE","FT",78000,"US","M"
2023,"SE","FT",78000,"US","M"
2023,"SE","FT",78000,"US","M"
2023,"EN","PT",18160,"IN","L"
2022,"SE","FT",78000,"US","M"
2022,"SE","FT",78000,"US","M"
2022,"MI","FT",78000,"US","M"
2022,"MI","FT",78000,"BR","M"
2022,"MI","FT",78000,"BR","M"
2022,"MI","FT",78000,"BR","M"
2022,"MI","FT",78000,"US","M"
2023,"MI","FT",77900,"US","M"
2024,"MI","FT",77826,"US","M"
2024,"SE","FT",77400,"US","M"
2024,"SE","FT",77400,"US","M"
2022,"EN","FT",77300,"US","M"
2024,"MI","FT",77280,"US","M"
2024,"EN","FT",77265,"US","M"
2024,"MI","FT",85600,"LV","M"
2024,"MI","FT",77000,"US","M"
2024,"MI","FT",77000,"US","M"
2024,"MI","FT",96250,"US","M"
2024,"EN","FT",77000,"US","M"
2024,"SE","FT",77000,"US","M"
2024,"MI","FT",77000,"US","M"
2024,"SE","FT",77000,"US","M"
2023,"SE","FT",77000,"US","M"
2023,"SE","FT",77000,"GB","M"
2022,"MI","FT",53368,"AU","M"
2024,"MI","FT",96125,"GB","M"
2021,"MI","FT",90734,"DE","L"
2021,"MI","FT",90734,"DE","L"
2024,"SE","FT",76500,"US","M"
2024,"EN","FT",76500,"US","M"
2023,"SE","FT",76500,"CA","M"
2023,"SE","FT",76500,"CA","M"
2024,"MI","FT",76300,"US","M"
2024,"EN","FT",76300,"US","M"
2024,"MI","FT",76300,"US","M"
2024,"MI","FT",76300,"US","M"
2024,"SE","FT",76300,"US","M"
2024,"MI","FT",76300,"US","M"
2023,"MI","FT",76300,"US","M"
2023,"MI","FT",76300,"US","M"
2023,"MI","FT",76300,"US","M"
2024,"EN","FT",76095,"US","M"
2024,"MI","FT",76050,"US","M"
2024,"MI","FT",76050,"US","M"
2023,"SE","FT",76050,"US","M"
2023,"SE","FT",76050,"ZA","M"
2024,"EN","FT",76000,"US","M"
2024,"EN","FT",76000,"US","M"
2024,"SE","FT",76000,"US","M"
2023,"SE","FT",76000,"US","M"
2023,"MI","FT",76000,"US","M"
2023,"EN","FT",76000,"US","L"
2023,"MI","FT",76000,"US","M"
2022,"EN","FT",76000,"US","L"
2024,"EN","FT",75800,"US","M"
2023,"EN","FT",75753,"US","M"
2024,"MI","FT",75705,"US","M"
2024,"EN","FT",75700,"US","M"
2024,"MI","FT",75500,"US","M"
2022,"MI","FT",79178,"LT","M"
2024,"SE","FT",75300,"US","M"
2024,"EN","FT",75065,"US","M"
2024,"EN","FT",75065,"US","M"
2024,"EN","FT",75065,"US","M"
2023,"EN","FT",75065,"US","M"
2023,"EN","FT",75065,"US","M"
2023,"EN","FT",75065,"US","M"
2023,"EN","FT",75065,"US","M"
2024,"MI","FT",93750,"GB","M"
2024,"EN","FT",75000,"US","M"
2024,"MI","FT",93750,"GB","M"
2024,"MI","FT",75000,"US","M"
2024,"EN","FT",75000,"US","M"
2024,"SE","FT",75000,"US","M"
2024,"MI","FT",75000,"US","M"
2024,"EN","FT",75000,"US","M"
2024,"MI","FT",75000,"US","M"
2024,"EN","FT",75000,"US","M"
2024,"MI","FT",75000,"US","M"
2024,"MI","FT",75000,"US","M"
2024,"MI","FT",75000,"US","M"
2024,"MI","FT",93750,"GB","M"
2024,"EN","FT",75000,"US","M"
2024,"EN","FT",93750,"GB","M"
2024,"EN","FT",83333,"FR","M"
2024,"EN","FT",75000,"US","M"
2024,"EN","FT",93750,"GB","M"
2024,"MI","FT",75000,"US","M"
2024,"MI","FT",75000,"US","M"
2024,"EN","FT",75000,"US","M"
2024,"MI","FT",75000,"US","M"
2024,"EN","FT",75000,"US","M"
2024,"MI","FT",75000,"US","M"
2024,"MI","FT",75000,"US","M"
2024,"EN","FT",75000,"US","M"
2024,"MI","FT",75000,"US","M"
2023,"EX","FT",92280,"GB","M"
2023,"MI","FT",75000,"US","M"
2023,"MI","FT",75000,"US","M"
2023,"MI","FT",75000,"US","M"
2023,"EN","FT",75000,"US","M"
2023,"EN","FT",92280,"GB","M"
2023,"SE","FT",75000,"US","M"
2023,"MI","FT",75000,"US","M"
2023,"MI","FT",75000,"US","M"
2023,"EN","FT",92280,"GB","M"
2023,"SE","FT",92280,"GB","M"
2023,"EN","FT",75000,"US","M"
2023,"EN","FT",75000,"US","M"
2023,"EN","FT",92280,"GB","M"
2023,"EN","FT",92280,"GB","M"
2023,"MI","FT",75000,"US","M"
2023,"MI","FT",75000,"US","M"
2023,"SE","FT",75000,"US","M"
2023,"SE","FT",75000,"US","M"
2023,"MI","FT",75000,"US","M"
2023,"SE","FT",75000,"US","M"
2023,"MI","FT",75000,"US","M"
2023,"MI","FT",75000,"US","M"
2023,"SE","FT",75000,"US","M"
2023,"SE","FT",75000,"US","M"
2023,"MI","FT",92280,"GB","M"
2023,"MI","FT",75000,"US","M"
2023,"SE","FT",75000,"US","M"
2023,"EX","FT",75000,"US","M"
2023,"SE","FT",75000,"US","M"
2023,"MI","FT",80976,"FR","M"
2023,"SE","FT",75000,"US","M"
2023,"MI","FT",92280,"GB","M"
2023,"SE","FT",75000,"US","M"
2023,"MI","FT",75000,"US","M"
2023,"SE","FT",92280,"GB","M"
2023,"SE","FT",75000,"US","M"
2023,"SE","FT",75000,"US","M"
2023,"SE","FT",75000,"US","M"
2023,"SE","FT",92280,"GB","M"
2023,"SE","FT",92280,"GB","M"
2023,"MI","FT",92280,"GB","M"
2023,"SE","FT",75000,"US","M"
2023,"MI","FT",92280,"GB","M"
2023,"MI","FT",75000,"US","M"
2023,"SE","FT",75000,"US","M"
2023,"SE","FT",75000,"US","M"
2023,"EN","FT",75000,"US","M"
2023,"SE","FT",75000,"US","M"
2023,"SE","FT",75000,"US","M"
2023,"MI","FT",75000,"US","M"
2023,"SE","FT",75000,"US","M"
2023,"MI","FT",75000,"US","M"
2023,"SE","FT",92280,"GB","M"
2023,"SE","FT",92280,"GB","M"
2023,"MI","FT",92280,"GB","M"
2023,"SE","FT",75000,"US","M"
2023,"SE","FT",75000,"US","M"
2023,"MI","FT",75000,"US","M"
2023,"MI","FT",92280,"GB","M"
2023,"SE","FT",75000,"US","M"
2023,"SE","FT",75000,"US","M"
2023,"SE","FT",75000,"US","M"
2023,"SE","FT",75000,"US","M"
2023,"MI","FT",75000,"US","M"
2023,"MI","FT",80976,"ES","M"
2023,"MI","FT",92280,"GB","M"
2023,"SE","FT",92280,"GB","M"
2023,"SE","FT",75000,"US","M"
2023,"SE","FT",75000,"US","M"
2023,"MI","FT",92280,"GB","M"
2023,"EN","FT",75000,"US","M"
2023,"SE","FT",75000,"US","M"
2023,"EN","FT",75000,"US","M"
2023,"SE","FT",75000,"US","M"
2023,"SE","FT",75000,"US","M"
2023,"MI","FT",75000,"US","M"
2023,"SE","FT",75000,"US","M"
2023,"MI","FT",75000,"US","M"
2023,"MI","FT",80976,"IE","M"
2023,"MI","FT",75000,"US","M"
2023,"EN","FT",75000,"US","M"
2023,"SE","FT",75000,"US","M"
2023,"MI","FT",75000,"US","M"
2023,"SE","FT",75000,"US","M"
2023,"EN","FT",75000,"US","M"
2023,"MI","FT",75000,"US","M"
2023,"SE","FT",75000,"US","M"
2023,"EN","FT",75000,"US","M"
2023,"SE","FT",75000,"US","M"
2023,"EN","FT",75000,"US","M"
2023,"EN","FT",75000,"US","M"
2023,"SE","FT",75000,"US","M"
2023,"SE","FT",75000,"US","M"
2023,"SE","FT",75000,"US","M"
2023,"SE","FT",75000,"US","M"
2022,"MI","FT",92350,"GB","M"
2022,"SE","FT",75000,"US","M"
2022,"MI","FT",75000,"US","M"
2022,"MI","FT",92350,"GB","M"
2022,"MI","FT",75000,"US","M"
2022,"MI","FT",75000,"US","M"
2022,"SE","FT",92350,"GB","M"
2022,"SE","FT",92350,"GB","M"
2022,"MI","FT",92350,"GB","M"
2022,"MI","FT",75000,"US","M"
2022,"MI","FT",75000,"US","M"
2022,"MI","FT",92350,"GB","M"
2022,"MI","FT",92350,"GB","M"
2022,"MI","FT",92350,"GB","M"
2022,"MI","FT",92350,"GB","M"
2022,"MI","FT",75000,"CA","M"
2022,"MI","FT",75000,"US","L"
2022,"MI","FT",75000,"CA","S"
2021,"SE","FT",88654,"DK","L"
2021,"SE","FT",103160,"GB","S"
2021,"MI","FT",88654,"BE","M"
2021,"MI","FT",88654,"DE","L"
2021,"MI","FT",75000,"US","L"
2023,"MI","FT",74800,"US","M"
2023,"EN","FT",74540,"US","M"
2022,"EN","FT",74540,"US","M"
2024,"EN","FT",74500,"US","M"
2023,"MI","FT",74500,"US","M"
2024,"EN","FT",74400,"US","M"
2023,"SE","FT",74400,"US","M"
2023,"SE","FT",74400,"US","M"
2023,"SE","FT",74400,"US","M"
2023,"SE","FT",74400,"US","M"
2023,"SE","FT",74400,"US","M"
2023,"SE","FT",74400,"US","M"
2023,"SE","FT",74400,"US","M"
2023,"SE","FT",74400,"US","M"
2024,"MI","FT",74300,"US","M"
2024,"MI","FT",74300,"US","M"
2024,"SE","FT",74300,"US","M"
2024,"EN","FT",74300,"US","M"
2023,"EN","FT",74300,"US","M"
2024,"MI","FT",74276,"AU","M"
2024,"SE","FT",74270,"CA","M"
2024,"MI","FT",74270,"CA","M"
2023,"SE","FT",74178,"US","M"
2024,"SE","FT",92500,"GB","M"
2024,"EN","FT",74000,"US","M"
2022,"MI","FT",91118,"GB","M"
2021,"MI","FT",74000,"JP","S"
2023,"EN","FT",73900,"US","M"
2024,"EN","FT",73756,"US","M"
2024,"SE","FT",73700,"US","M"
2023,"MI","FT",73500,"US","M"
2023,"MI","FT",73500,"US","M"
2023,"MI","FT",73500,"US","M"
2023,"MI","FT",73500,"US","M"
2023,"MI","FT",73500,"US","M"
2023,"MI","FT",73500,"US","M"
2023,"MI","FT",73500,"US","M"
2023,"SE","FT",73500,"US","M"
2023,"MI","FT",73500,"US","M"
2023,"MI","FT",73500,"US","M"
2023,"MI","FT",73500,"US","M"
2023,"MI","FT",73500,"US","M"
2023,"MI","FT",73500,"US","M"
2023,"MI","FT",73500,"US","M"
2023,"MI","FT",73500,"US","M"
2023,"MI","FT",73500,"US","M"
2023,"MI","FT",73500,"US","M"
2023,"MI","FT",73500,"US","M"
2023,"MI","FT",73500,"US","M"
2023,"MI","FT",73400,"US","M"
2022,"SE","FT",77119,"GB","L"
2024,"SE","FT",81333,"LT","M"
2023,"SE","FT",79032,"LT","M"
2024,"MI","FT",73100,"US","M"
2024,"MI","FT",73100,"US","M"
2024,"MI","FT",73100,"US","M"
2024,"MI","FT",73100,"US","M"
2024,"MI","FT",73100,"US","M"
2024,"MI","FT",73100,"US","M"
2024,"SE","FT",73100,"US","M"
2024,"MI","FT",73100,"US","M"
2024,"MI","FT",73100,"US","M"
2024,"MI","FT",73100,"US","M"
2024,"MI","FT",73100,"EG","M"
2024,"MI","FT",73100,"US","M"
2024,"MI","FT",73100,"US","M"
2024,"SE","FT",73100,"US","M"
2024,"MI","FT",73100,"US","M"
2024,"MI","FT",73100,"US","M"
2024,"MI","FT",73100,"US","M"
2024,"SE","FT",73100,"US","M"
2024,"MI","FT",73100,"US","M"
2024,"MI","FT",73100,"US","M"
2024,"MI","FT",73100,"US","M"
2024,"MI","FT",73100,"US","M"
2024,"MI","FT",73100,"US","M"
2023,"MI","FT",73100,"US","M"
2023,"SE","FT",73100,"US","M"
2023,"MI","FT",73100,"US","M"
2023,"SE","FT",73100,"US","M"
2023,"MI","FT",73100,"US","M"
2023,"MI","FT",73100,"US","M"
2023,"MI","FT",73100,"US","M"
2023,"MI","FT",73100,"US","M"
2023,"MI","FT",73100,"US","M"
2023,"MI","FT",73100,"US","M"
2023,"SE","FT",73100,"US","M"
2023,"SE","FT",73100,"US","M"
2023,"SE","FT",73100,"US","M"
2023,"SE","FT",73100,"US","M"
2023,"EN","FT",73100,"US","M"
2023,"MI","FT",73100,"US","M"
2023,"SE","FT",73100,"US","M"
2023,"MI","FT",73100,"US","M"
2023,"MI","FT",73100,"US","M"
2023,"MI","FT",73100,"US","M"
2023,"SE","FT",73100,"US","M"
2023,"MI","FT",73100,"US","M"
2024,"MI","FT",73000,"US","M"
2024,"MI","FT",73000,"US","M"
2024,"MI","FT",73000,"US","M"
2024,"MI","FT",73000,"US","M"
2024,"MI","FT",73000,"US","M"
2023,"EN","FT",73000,"US","M"
2023,"MI","FT",73000,"US","M"
2023,"SE","FT",73000,"US","M"
2023,"MI","FT",89819,"GB","M"
2023,"MI","FT",73000,"US","M"
2023,"SE","FT",73000,"CA","M"
2022,"EN","FT",73000,"US","M"
2021,"MI","FT",73000,"US","L"
2024,"MI","FT",72870,"US","M"
2024,"MI","FT",72700,"US","M"
2023,"MI","FT",72700,"US","M"
2024,"SE","FT",72600,"US","M"
2024,"MI","FT",72500,"US","M"
2024,"SE","FT",72500,"US","M"
2023,"EN","FT",72500,"US","M"
2021,"EN","FT",72500,"US","L"
2023,"MI","FT",72409,"US","M"
2023,"MI","FT",72409,"US","M"
2023,"MI","FT",72400,"GB","M"
2024,"MI","FT",72360,"US","M"
2024,"MI","FT",80400,"LV","M"
2023,"MI","FT",78125,"LV","M"
2023,"SE","FT",72250,"US","M"
2024,"MI","FT",72240,"US","M"
2024,"EN","FT",72200,"US","M"
2023,"SE","FT",72200,"US","M"
2024,"EN","FT",80142,"NL","M"
2024,"EN","FT",72100,"US","M"
2024,"MI","FT",72100,"US","M"
2024,"MI","FT",72000,"US","M"
2024,"EN","FT",72000,"US","M"
2024,"EN","FT",72000,"US","M"
2024,"EN","FT",72000,"US","M"
2023,"MI","FT",72000,"US","M"
2023,"MI","FT",72000,"VN","M"
2023,"EN","FT",72000,"US","M"
2023,"SE","FT",72000,"US","M"
2023,"SE","FT",72000,"BR","M"
2023,"SE","FT",77737,"ES","M"
2023,"SE","FT",77737,"DE","L"
2023,"SE","FT",72000,"US","M"
2023,"EX","FT",72000,"MX","S"
2023,"MI","FT",72000,"CO","M"
2023,"SE","FT",72000,"US","M"
2023,"SE","FT",72000,"AR","M"
2023,"SE","FT",72000,"US","M"
2023,"SE","FT",72000,"CO","M"
2023,"SE","FT",72000,"CA","M"
2023,"MI","FT",72000,"MX","M"
2023,"SE","FT",77737,"LV","M"
2023,"SE","FT",77737,"LV","M"
2023,"MI","FT",72000,"US","M"
2023,"SE","FT",72000,"US","L"
2022,"MI","FT",75648,"DE","S"
2020,"EN","FT",72000,"US","L"
2024,"EN","FT",71958,"US","M"
2023,"EX","FT",71908,"US","M"
2023,"EN","FT",71908,"US","M"
2023,"EN","FT",71907,"US","M"
2023,"EN","FT",71907,"US","M"
2024,"SE","FT",79765,"NL","M"
2024,"SE","FT",79653,"DE","M"
2023,"EN","FT",71615,"US","M"
2024,"MI","FT",71500,"US","M"
2023,"SE","FT",71500,"US","M"
2023,"SE","FT",71400,"US","M"
2024,"SE","FT",71250,"US","M"
2023,"SE","FT",71200,"US","M"
2024,"SE","FT",88973,"US","M"
2024,"SE","FT",71000,"US","M"
2024,"SE","FT",71000,"CA","M"
2024,"EN","FT",71000,"US","M"
2023,"SE","FT",71000,"US","M"
2023,"MI","FT",71000,"US","M"
2023,"SE","FT",70960,"US","M"
2023,"MI","FT",70900,"US","M"
2024,"SE","FT",70800,"US","M"
2023,"MI","FT",70800,"US","M"
2023,"EN","FT",70800,"US","M"
2023,"EN","FT",70800,"US","M"
2023,"MI","FT",70800,"US","M"
2024,"MI","FT",70692,"US","M"
2024,"MI","FT",70650,"US","M"
2023,"MI","FT",70600,"US","M"
2022,"SE","FT",70500,"US","M"
2023,"SE","FT",70374,"US","M"
2023,"SE","FT",70374,"US","M"
2024,"MI","FT",70230,"AU","M"
2024,"MI","FT",70000,"US","M"
2024,"MI","FT",70000,"US","M"
2024,"MI","FT",70000,"US","M"
2024,"EN","FT",70000,"US","M"
2024,"MI","FT",87500,"GB","M"
2024,"EN","FT",70000,"US","M"
2024,"SE","FT",87500,"GB","M"
2024,"MI","FT",70000,"US","M"
2024,"MI","FT",70000,"US","M"
2024,"MI","FT",70000,"US","M"
2024,"MI","FT",87500,"GB","M"
2024,"SE","FT",87500,"GB","M"
2024,"EN","FT",70000,"US","M"
2024,"MI","FT",70000,"US","M"
2024,"EN","FT",70000,"US","M"
2024,"EN","FT",70000,"US","M"
2024,"MI","FT",70000,"US","M"
2024,"MI","FT",77777,"AT","M"
2024,"EN","FT",70000,"US","M"
2024,"MI","FT",70000,"US","M"
2024,"MI","FT",70000,"US","M"
2024,"SE","FT",77777,"FI","L"
2024,"MI","FT",70000,"US","M"
2024,"MI","FT",70000,"US","M"
2024,"SE","FT",87500,"GB","M"
2024,"MI","FT",70000,"US","M"
2024,"MI","FT",70000,"US","M"
2024,"MI","FT",70000,"US","M"
2024,"EN","FT",70000,"US","M"
2024,"EN","FT",70000,"US","M"
2024,"MI","FT",70000,"US","M"
2024,"EN","FT",70000,"US","M"
2024,"SE","FT",70000,"US","M"
2024,"EN","FT",77777,"DE","M"
2024,"MI","FT",70000,"US","M"
2024,"SE","FT",70000,"US","M"
2024,"MI","FT",70000,"US","M"
2024,"MI","FT",70000,"US","M"
2024,"SE","FT",70000,"US","M"
2024,"MI","FT",70000,"US","M"
2024,"MI","FT",70000,"US","M"
2024,"MI","FT",70000,"US","M"
2024,"EN","FT",70000,"US","M"
2024,"EN","FT",70000,"US","M"
2024,"SE","FT",70000,"US","M"
2024,"EN","FT",70000,"US","M"
2024,"MI","FT",70000,"US","M"
2024,"MI","FT",70000,"US","M"
2024,"SE","FT",77777,"PT","M"
2023,"EN","FT",70000,"US","M"
2023,"SE","FT",86128,"GB","M"
2023,"MI","FT",70000,"US","M"
2023,"SE","FT",70000,"US","M"
2023,"MI","FT",86128,"GB","M"
2023,"SE","FT",70000,"US","M"
2023,"MI","FT",70000,"US","M"
2023,"EN","FT",70000,"US","M"
2023,"SE","FT",70000,"US","M"
2023,"MI","FT",70000,"PH","M"
2023,"MI","FT",70000,"US","M"
2023,"SE","FT",75577,"IE","L"
2023,"MI","FT",70000,"US","M"
2023,"MI","FT",86128,"GB","M"
2023,"SE","FT",70000,"US","M"
2023,"EN","FT",70000,"US","M"
2023,"SE","FT",70000,"CO","M"
2023,"MI","FT",70000,"US","M"
2023,"EX","FT",70000,"US","M"
2023,"SE","FT",70000,"US","M"
2023,"EX","FT",70000,"US","M"
2023,"MI","FT",75577,"NL","M"
2023,"SE","FT",70000,"US","M"
2023,"EX","FT",70000,"US","M"
2023,"MI","FT",70000,"US","M"
2023,"MI","FT",70000,"US","M"
2023,"EN","FT",70000,"US","M"
2023,"MI","FT",86128,"GB","M"
2023,"MI","FT",70000,"US","M"
2023,"MI","FT",70000,"US","M"
2023,"MI","FT",70000,"US","M"
2023,"MI","FT",86128,"CA","M"
2023,"MI","FT",70000,"US","M"
2023,"MI","FT",70000,"US","M"
2023,"SE","FT",70000,"US","M"
2023,"SE","FT",70000,"US","M"
2023,"MI","FT",70000,"US","M"
2023,"MI","FT",86128,"GB","M"
2023,"SE","FT",75577,"IT","M"
2023,"EX","FT",70000,"US","M"
2023,"SE","FT",70000,"US","M"
2023,"MI","FT",86128,"GB","L"
2023,"MI","FT",70000,"FR","M"
2023,"SE","FT",70000,"US","M"
2023,"SE","FT",70000,"US","M"
2023,"MI","FT",86128,"GB","M"
2023,"SE","FT",70000,"US","M"
2023,"SE","FT",70000,"US","M"
2023,"MI","FT",70000,"US","M"
2023,"MI","FT",70000,"US","M"
2023,"SE","FT",70000,"US","M"
2023,"MI","FT",86128,"GB","M"
2023,"MI","FT",70000,"US","M"
2023,"MI","FT",70000,"US","M"
2023,"SE","FT",70000,"US","M"
2023,"MI","FT",70000,"US","M"
2023,"MI","FT",70000,"US","M"
2023,"MI","FT",70000,"US","M"
2023,"MI","FT",70000,"US","M"
2023,"MI","FT",86128,"GB","M"
2023,"MI","FT",70000,"US","M"
2023,"SE","FT",70000,"US","M"
2023,"MI","FT",70000,"US","M"
2023,"EN","FT",70000,"US","M"
2023,"MI","FT",70000,"US","M"
2023,"MI","FT",86128,"GB","M"
2023,"SE","FT",70000,"US","M"
2023,"EN","FT",51861,"CA","L"
2023,"SE","FT",70000,"US","M"
2023,"MI","FT",86128,"GB","M"
2022,"MI","FT",73546,"DE","M"
2023,"EN","FT",70000,"US","M"
2023,"MI","FT",86128,"GB","M"
2023,"SE","FT",70000,"US","M"
2023,"EN","FT",70000,"AU","L"
2023,"SE","FT",70000,"US","M"
2023,"MI","FT",75577,"SI","M"
2023,"MI","FT",70000,"US","M"
2023,"MI","FT",70000,"US","M"
2023,"SE","FT",75577,"PT","L"
2023,"SE","FT",75577,"FR","M"
2023,"MI","FT",86128,"GB","M"
2023,"MI","FT",70000,"US","M"
2023,"SE","FT",70000,"US","M"
2023,"MI","FT",70000,"US","M"
2022,"MI","FT",70000,"US","M"
2022,"SE","FT",73546,"ES","M"
2022,"SE","FT",70000,"US","M"
2022,"SE","FT",70000,"US","M"
2022,"SE","FT",70000,"US","M"
2022,"SE","FT",70000,"US","M"
2022,"SE","FT",70000,"US","M"
2022,"SE","FT",70000,"US","M"
2022,"SE","FT",73546,"FR","M"
2022,"MI","FT",86193,"GB","M"
2022,"SE","FT",70000,"US","M"
2022,"SE","FT",73546,"PT","M"
2022,"MI","FT",73546,"NL","L"
2022,"MI","FT",73546,"GR","M"
2022,"MI","FT",86193,"GB","M"
2022,"MI","FT",73546,"ES","M"
2022,"SE","FT",70000,"US","M"
2022,"SE","FT",86193,"GB","M"
2022,"MI","FT",73546,"ES","M"
2022,"MI","FT",86193,"GB","M"
2022,"MI","FT",73546,"GR","M"
2022,"MI","FT",86193,"GB","M"
2021,"SE","FT",82744,"BE","M"
2020,"EN","FT",70000,"US","L"
2020,"EX","FT",79833,"ES","L"
2021,"EN","FT",70000,"US","M"
2021,"SE","FT",96282,"GB","L"
2020,"MI","FT",79833,"DE","L"
2021,"MI","FT",69999,"CZ","L"
2024,"MI","FT",69800,"US","M"
2024,"MI","FT",69800,"US","M"
2024,"MI","FT",69785,"US","M"
2024,"SE","FT",69600,"US","M"
2023,"MI","FT",69570,"US","M"
2023,"MI","FT",69570,"US","M"
2023,"EN","FT",69525,"US","M"
2023,"EN","FT",69500,"US","M"
2023,"SE","FT",75038,"ES","M"
2024,"EN","FT",69400,"US","M"
2024,"MI","FT",69300,"CA","M"
2023,"MI","FT",69139,"US","M"
2024,"MI","FT",69000,"US","M"
2024,"EN","FT",69000,"US","M"
2024,"MI","FT",69000,"CA","M"
2024,"MI","FT",69000,"US","M"
2023,"MI","FT",69000,"US","M"
2023,"MI","FT",69000,"US","M"
2022,"SE","FT",69000,"US","M"
2024,"MI","FT",68975,"CA","M"
2024,"MI","FT",68850,"US","M"
2024,"MI","FT",68740,"US","M"
2024,"MI","FT",68637,"US","M"
2023,"SE","FT",68637,"US","M"
2023,"SE","FT",68550,"US","M"
2024,"MI","FT",68400,"US","M"
2024,"SE","FT",68400,"US","M"
2024,"MI","FT",68400,"US","M"
2023,"SE","FT",68400,"US","M"
2023,"SE","FT",68400,"US","M"
2022,"SE","FT",68400,"US","M"
2024,"MI","FT",68300,"US","M"
2023,"MI","FT",68274,"US","M"
2024,"SE","FT",68195,"US","M"
2024,"SE","FT",68150,"US","M"
2024,"MI","FT",68088,"US","M"
2024,"EN","FT",68000,"US","M"
2024,"EX","FT",68000,"US","M"
2024,"MI","FT",68000,"US","M"
2024,"EN","FT",68000,"US","M"
2024,"MI","FT",68000,"US","M"
2024,"EN","FT",68000,"US","M"
2024,"EN","FT",68000,"US","M"
2023,"SE","FT",68000,"US","M"
2023,"SE","FT",68000,"US","M"
2023,"SE","FT",83667,"GB","M"
2023,"SE","FT",68000,"US","M"
2023,"SE","FT",68000,"US","M"
2023,"MI","FT",68000,"US","M"
2023,"SE","FT",68000,"US","M"
2023,"MI","FT",68000,"US","L"
2021,"MI","FT",54238,"CA","L"
2023,"MI","FT",67500,"US","M"
2023,"MI","FT",67500,"US","M"
2023,"EN","FT",67500,"US","M"
2024,"SE","FT",67275,"CA","M"
2024,"SE","FT",67200,"US","M"
2023,"SE","FT",67200,"US","M"
2024,"MI","FT",67060,"US","M"
2024,"MI","FT",67000,"US","M"
2024,"MI","FT",67000,"US","M"
2023,"SE","FT",67000,"US","M"
2023,"SE","FT",67000,"US","M"
2023,"SE","FT",72338,"DE","M"
2022,"EN","FT",67000,"CA","M"
2021,"SE","FT",79197,"DE","L"
2023,"SE","FT",66825,"US","M"
2022,"SE","FT",82280,"GB","M"
2024,"EN","FT",66820,"US","M"
2023,"MI","FT",66691,"US","M"
2024,"EN","FT",66560,"US","M"
2022,"EN","FT",51081,"CA","L"
2023,"SE","FT",71475,"IT","M"
2024,"MI","FT",66100,"US","M"
2022,"MI","FT",66100,"US","M"
2024,"SE","FT",82500,"GB","M"
2024,"EN","FT",66000,"US","M"
2024,"EN","FT",66000,"US","M"
2024,"EN","FT",66000,"US","M"
2024,"MI","FT",66000,"US","M"
2024,"EN","FT",66000,"US","M"
2023,"MI","FT",66000,"US","M"
2023,"SE","FT",66000,"US","M"
2023,"MI","FT",81206,"GB","M"
2023,"SE","FT",71259,"ES","M"
2023,"SE","FT",66000,"US","M"
2023,"SE","FT",66000,"US","M"
2022,"SE","FT",66000,"US","M"
2022,"SE","FT",69344,"PT","L"
2022,"SE","FT",66000,"US","M"
2024,"MI","FT",65800,"US","L"
2024,"MI","FT",65800,"US","L"
2024,"SE","FT",65800,"US","L"
2024,"MI","FT",65800,"US","L"
2023,"SE","FT",65800,"US","L"
2023,"MI","FT",65800,"US","L"
2023,"MI","FT",65800,"US","L"
2024,"EN","FT",65750,"US","M"
2024,"EN","FT",65750,"US","M"
2024,"EN","FT",65750,"US","M"
2024,"EN","FT",65750,"US","M"
2021,"SE","FT",77684,"FR","M"
2024,"MI","FT",65600,"US","M"
2024,"MI","FT",65600,"US","M"
2023,"SE","FT",65488,"US","M"
2023,"SE","FT",65488,"US","M"
2024,"EN","FT",65407,"CA","M"
2024,"EN","FT",65400,"US","M"
2024,"EN","FT",65400,"US","M"
2024,"SE","FT",65300,"DE","M"
2023,"MI","FT",65300,"US","M"
2023,"MI","FT",65100,"US","M"
2023,"SE","FT",79981,"GB","M"
2022,"SE","FT",80041,"GB","M"
2024,"MI","FT",65000,"CA","M"
2024,"MI","FT",65000,"US","M"
2024,"MI","FT",65000,"US","M"
2024,"SE","FT",81250,"GB","M"
2024,"EN","FT",65000,"US","M"
2024,"EN","FT",65000,"US","M"
2024,"MI","FT",81250,"GB","M"
2024,"SE","FT",81250,"GB","M"
2024,"SE","FT",81250,"GB","M"
2024,"SE","FT",81250,"GB","M"
2024,"EN","FT",65000,"US","M"
2024,"EN","FT",65000,"US","M"
2024,"MI","FT",65000,"US","M"
2024,"MI","FT",65000,"US","M"
2024,"EN","FT",65000,"US","M"
2024,"SE","FT",81250,"GB","M"
2024,"MI","FT",72222,"AT","M"
2024,"SE","FT",81250,"US","M"
2024,"MI","FT",65000,"US","M"
2024,"EN","FT",65000,"US","M"
2024,"MI","FT",65000,"US","M"
2024,"EN","FT",72222,"DE","M"
2024,"MI","FT",65000,"US","M"
2024,"SE","FT",81250,"GB","M"
2024,"MI","FT",81250,"GB","M"
2024,"MI","FT",65000,"US","M"
2024,"MI","FT",65000,"US","M"
2024,"SE","FT",81250,"US","M"
2024,"MI","FT",65000,"US","M"
2024,"MI","FT",65000,"US","M"
2024,"SE","FT",81250,"GB","M"
2023,"EN","FT",65000,"US","M"
2023,"MI","FT",65000,"US","M"
2023,"MI","FT",65000,"US","M"
2023,"EN","FT",65000,"US","M"
2023,"MI","FT",65000,"US","M"
2023,"EN","FT",65000,"US","M"
2023,"MI","FT",65000,"US","M"
2023,"EN","FT",79976,"GB","M"
2023,"EN","FT",65000,"US","M"
2023,"EN","FT",79976,"GB","M"
2023,"EN","FT",65000,"US","M"
2023,"MI","FT",65000,"US","M"
2023,"MI","FT",65000,"US","M"
2023,"SE","FT",79976,"GB","M"
2023,"SE","FT",79976,"GI","L"
2023,"MI","FT",65000,"US","M"
2023,"MI","FT",65000,"US","M"
2023,"SE","FT",70179,"US","L"
2023,"MI","FT",79976,"GB","M"
2023,"SE","FT",65000,"US","M"
2023,"MI","FT",65000,"US","M"
2023,"MI","FT",65000,"US","M"
2023,"SE","FT",65000,"US","M"
2023,"MI","FT",65000,"US","M"
2023,"EN","FT",65000,"US","M"
2023,"MI","FT",65000,"US","M"
2023,"MI","FT",65000,"US","M"
2023,"SE","FT",79976,"GB","M"
2023,"MI","FT",70179,"FR","M"
2023,"MI","FT",65000,"US","M"
2023,"MI","FT",79976,"GB","M"
2023,"SE","FT",65000,"US","M"
2023,"MI","FT",65000,"US","M"
2023,"MI","FT",65000,"US","M"
2023,"MI","FT",70179,"DE","S"
2023,"SE","FT",65000,"US","M"
2023,"EN","FT",65000,"US","M"
2023,"EN","FT",65000,"US","M"
2023,"EN","FT",65000,"US","M"
2023,"EN","FT",65000,"US","M"
2023,"MI","FT",79976,"GB","M"
2023,"SE","FT",65000,"CO","M"
2023,"MI","FT",65000,"US","M"
2023,"MI","FT",79976,"GB","M"
2023,"SE","FT",65000,"US","M"
2023,"SE","FT",65000,"US","M"
2023,"MI","FT",79976,"GB","M"
2023,"SE","FT",70179,"PT","M"
2022,"EN","FT",65000,"US","M"
2022,"MI","FT",65000,"US","M"
2022,"SE","FT",68293,"ES","M"
2022,"SE","FT",65000,"US","M"
2022,"SE","FT",68293,"ES","M"
2022,"SE","FT",68293,"ES","M"
2022,"MI","FT",65000,"CA","M"
2022,"SE","FT",68293,"IT","L"
2022,"MI","FT",65000,"US","M"
2022,"MI","FT",80036,"GB","M"
2022,"MI","FT",65000,"US","M"
2022,"MI","FT",45050,"AU","L"
2022,"MI","FT",80036,"GB","M"
2022,"MI","FT",80036,"GB","M"
2022,"MI","FT",80036,"GB","M"
2022,"SE","FT",65000,"AE","S"
2022,"EN","FT",65000,"US","S"
2022,"SE","FT",68293,"IE","S"
2020,"MI","FT",74130,"AT","L"
2021,"EN","FT",76833,"DE","S"
2021,"EN","FT",76833,"DE","L"
2021,"SE","FT",76833,"GB","S"
2023,"SE","FT",64980,"US","M"
2024,"EN","FT",64900,"US","M"
2024,"EN","FT",64900,"US","M"
2024,"EN","FT",64900,"US","M"
2024,"EN","FT",64600,"US","M"
2024,"EN","FT",64600,"US","M"
2024,"EN","FT",64500,"US","M"
2023,"MI","FT",64500,"US","M"
2023,"MI","FT",64300,"US","M"
2024,"SE","FT",64200,"US","M"
2024,"SE","FT",64200,"US","M"
2023,"EN","FT",64200,"US","M"
2024,"EN","FT",64000,"US","M"
2024,"EN","FT",64000,"US","M"
2024,"MI","FT",64000,"US","M"
2024,"SE","FT",80000,"US","M"
2023,"EN","FT",64000,"US","M"
2023,"EN","FT",64000,"US","M"
2023,"SE","FT",64000,"US","M"
2022,"EN","FT",64000,"US","L"
2023,"SE","FT",63967,"US","M"
2022,"MI","FT",63900,"US","M"
2023,"EN","FT",63750,"US","M"
2023,"MI","FT",63600,"US","M"
2024,"EN","FT",63444,"US","M"
2023,"EN","FT",63200,"US","M"
2024,"EN","FT",63000,"US","M"
2023,"MI","FT",63000,"US","L"
2023,"SE","FT",63000,"US","M"
2023,"SE","FT",63000,"US","M"
2022,"SE","FT",63000,"US","M"
2022,"EN","FT",66192,"DE","L"
2022,"SE","FT",63000,"US","M"
2022,"SE","FT",63000,"US","M"
2022,"SE","FT",63000,"US","M"
2022,"SE","FT",63000,"US","M"
2022,"SE","FT",63000,"US","M"
2022,"SE","FT",63000,"US","M"
2022,"SE","FT",63000,"US","M"
2022,"SE","FT",63000,"US","M"
2022,"SE","FT",63000,"US","M"
2022,"SE","FT",63000,"US","M"
2022,"SE","FT",63000,"US","M"
2022,"SE","FT",63000,"US","M"
2022,"SE","FT",63000,"US","M"
2023,"MI","FT",62500,"US","M"
2023,"MI","FT",62500,"US","M"
2023,"MI","FT",62500,"US","M"
2023,"MI","FT",62500,"US","M"
2023,"MI","FT",62500,"US","M"
2022,"MI","FT",65666,"DE","S"
2024,"MI","FT",62300,"US","M"
2024,"SE","FT",62300,"US","M"
2024,"MI","FT",62100,"US","M"
2024,"MI","FT",62100,"US","M"
2024,"MI","FT",62000,"US","M"
2024,"MI","FT",62000,"US","M"
2024,"MI","FT",62000,"US","M"
2024,"SE","FT",62000,"US","M"
2023,"MI","FT",62000,"US","M"
2023,"MI","FT",62000,"US","M"
2023,"EN","FT",62000,"US","M"
2023,"SE","FT",62000,"US","M"
2023,"MI","FT",66940,"ES","M"
2023,"MI","FT",76284,"GB","M"
2023,"SE","FT",62000,"US","M"
2023,"EN","FT",62000,"US","M"
2023,"MI","FT",66940,"ES","M"
2023,"MI","FT",76284,"GB","M"
2022,"MI","FT",62000,"US","M"
2022,"MI","FT",65141,"FR","M"
2021,"MI","FT",62000,"US","L"
2024,"MI","FT",61800,"US","M"
2024,"MI","FT",61800,"US","M"
2023,"MI","FT",61800,"US","M"
2023,"EN","FT",61800,"US","M"
2023,"EN","FT",61800,"US","M"
2023,"EN","FT",61800,"US","M"
2023,"EN","FT",61800,"US","M"
2024,"EN","FT",61700,"US","M"
2024,"EN","FT",61700,"US","M"
2024,"MI","FT",61600,"US","M"
2020,"MI","FT",70139,"FR","L"
2024,"EN","FT",61463,"US","M"
2022,"SE","FT",61300,"CA","M"
2022,"SE","FT",61300,"CA","M"
2023,"EN","FT",61200,"US","M"
2023,"MI","FT",61200,"US","M"
2024,"MI","FT",61000,"US","M"
2022,"MI","FT",64090,"DE","M"
2024,"SE","FT",76075,"US","M"
2024,"EN","FT",60800,"US","M"
2023,"SE","FT",74562,"GB","M"
2024,"EN","FT",60500,"US","M"
2023,"MI","FT",60400,"US","M"
2024,"EN","FT",60080,"US","M"
2023,"SE","FT",73857,"GB","M"
2024,"SE","FT",66666,"DE","S"
2024,"SE","FT",75000,"GB","M"
2024,"MI","FT",60000,"US","M"
2024,"EN","FT",60000,"US","M"
2024,"SE","FT",75000,"GB","M"
2024,"SE","FT",66666,"DE","S"
2024,"EN","FT",60000,"US","M"
2024,"SE","FT",66666,"PL","M"
2024,"MI","FT",60000,"US","M"
2024,"MI","FT",60000,"US","M"
2024,"SE","FT",75000,"GB","M"
2024,"SE","FT",60000,"BR","M"
2024,"MI","FT",75000,"US","M"
2024,"MI","FT",60000,"US","M"
2024,"SE","FT",75000,"GB","M"
2024,"SE","FT",66666,"LT","M"
2024,"MI","FT",66666,"DE","L"
2022,"SE","FT",60000,"IN","M"
2024,"SE","FT",60000,"UA","M"
2024,"MI","FT",60000,"US","M"
2024,"SE","FT",66666,"ES","M"
2024,"SE","FT",75000,"GB","M"
2024,"MI","FT",66666,"DE","M"
2024,"MI","FT",60000,"US","M"
2024,"EN","FT",60000,"US","M"
2024,"SE","FT",66666,"PT","M"
2023,"EN","FT",60000,"US","M"
2023,"SE","FT",64781,"ES","M"
2023,"MI","FT",60000,"US","M"
2023,"MI","FT",60000,"US","M"
2023,"EN","FT",60000,"US","M"
2023,"EN","FT",60000,"US","M"
2023,"SE","FT",64781,"ES","M"
2023,"SE","FT",73824,"GB","M"
2023,"EN","FT",73824,"GB","M"
2023,"MI","FT",73824,"GB","M"
2023,"MI","FT",60000,"US","M"
2023,"EN","FT",60000,"US","M"
2023,"MI","FT",64781,"ES","L"
2023,"MI","FT",60000,"US","M"
2023,"EN","FT",60000,"US","M"
2023,"MI","FT",73824,"GB","M"
2023,"MI","FT",60000,"US","M"
2023,"MI","FT",73824,"GB","M"
2023,"MI","FT",73824,"GB","M"
2023,"MI","FT",73824,"GB","M"
2023,"SE","FT",60000,"US","M"
2023,"SE","FT",73824,"GB","M"
2020,"EN","CT",44753,"CA","L"
2023,"SE","FT",73824,"GB","M"
2023,"SE","FT",60000,"US","L"
2023,"MI","FT",73824,"GB","M"
2023,"SE","FT",64781,"ES","M"
2023,"SE","FT",64781,"DE","L"
2023,"SE","FT",60000,"BR","M"
2023,"MI","FT",73824,"GB","M"
2023,"MI","FT",64781,"DK","L"
2023,"SE","FT",64781,"DE","L"
2023,"EN","FT",60000,"US","M"
2023,"MI","FT",60000,"US","M"
2023,"MI","FT",64781,"FR","M"
2023,"MI","FT",73824,"GB","M"
2023,"MI","FT",60000,"CO","M"
2023,"MI","FT",60000,"US","M"
2023,"EN","FT",60000,"US","L"
2023,"MI","FT",73824,"GB","M"
2023,"MI","FT",73824,"GB","M"
2023,"EN","FT",60000,"US","M"
2023,"SE","FT",60000,"US","M"
2023,"SE","FT",60000,"CO","M"
2023,"MI","FT",73824,"GB","M"
2021,"SE","FL",60000,"NG","M"
2023,"EN","FT",60000,"US","M"
2020,"MI","CT",60000,"NG","M"
2023,"SE","FT",60000,"CO","M"
2023,"SE","FT",60000,"AR","M"
2023,"SE","FT",64781,"ES","M"
2023,"EN","FT",60000,"US","M"
2023,"MI","FT",73824,"GB","M"
2023,"SE","FT",60000,"UA","M"
2023,"MI","FT",73824,"GB","M"
2023,"EN","FT",60000,"US","M"
2023,"MI","FT",60000,"MX","M"
2023,"MI","FT",64781,"FR","M"
2023,"EN","FT",64781,"DE","M"
2023,"MI","FT",60000,"US","M"
2023,"MI","FT",73824,"HR","M"
2023,"MI","FT",73824,"GB","M"
2023,"EN","FT",60000,"US","M"
2023,"EN","FT",60000,"GB","M"
2023,"EN","FT",60000,"US","L"
2023,"SE","FT",60000,"US","M"
2023,"MI","FT",73824,"GB","L"
2022,"MI","FT",60000,"US","M"
2022,"MI","FT",73880,"GB","M"
2022,"MI","FT",60000,"US","M"
2022,"MI","FT",63040,"FR","M"
2022,"MI","FT",73880,"GB","M"
2022,"SE","FT",63040,"PT","M"
2022,"MI","FT",60000,"US","M"
2022,"MI","CT",60000,"US","S"
2022,"SE","FT",63040,"FI","S"
2022,"MI","FT",60000,"US","M"
2022,"MI","FT",60000,"US","M"
2022,"MI","FT",73880,"GB","M"
2022,"MI","FT",73880,"GB","M"
2022,"MI","FT",63040,"ES","M"
2022,"MI","FT",63040,"GR","M"
2022,"MI","FT",73880,"GB","M"
2022,"SE","FT",60000,"MX","L"
2022,"MI","FT",73880,"GB","M"
2022,"SE","FT",73880,"GB","M"
2022,"SE","FT",60000,"US","M"
2021,"MI","FT",60000,"RO","M"
2021,"MI","FT",82528,"GB","L"
2020,"SE","FT",68428,"US","L"
2021,"EN","FT",60000,"US","S"
2021,"EN","FT",82528,"GB","L"
2020,"MI","FT",76958,"GB","S"
2020,"SE","FL",60000,"US","S"
2024,"SE","FT",59923,"US","M"
2024,"MI","FT",59570,"CA","M"
2023,"SE","FT",64311,"ES","M"
2024,"MI","FT",59500,"US","M"
2023,"MI","FT",59500,"US","M"
2023,"SE","FT",59400,"US","M"
2024,"MI","FT",59300,"US","M"
2023,"SE","FT",59200,"US","M"
2023,"MI","FT",59000,"US","M"
2023,"MI","FT",72593,"GB","M"
2023,"MI","FT",59000,"US","M"
2023,"SE","FT",63701,"EE","L"
2022,"MI","FT",61989,"AT","L"
2021,"MI","PT",69741,"NL","L"
2021,"EX","FT",69741,"ES","S"
2024,"SE","FT",65333,"LT","M"
2024,"EN","FT",58500,"LB","M"
2023,"MI","FT",58500,"US","M"
2024,"EN","FT",58400,"US","M"
2024,"EN","FT",58400,"US","M"
2024,"EN","FT",58400,"US","M"
2024,"MI","FT",58400,"US","M"
2024,"MI","FT",58400,"US","M"
2024,"MI","FT",58400,"US","M"
2024,"EN","PT",58400,"US","M"
2023,"MI","FT",58400,"US","M"
2023,"MI","FT",58400,"US","M"
2023,"MI","FT",58400,"US","M"
2023,"SE","FT",58400,"US","M"
2023,"EN","FT",58400,"US","M"
2023,"SE","FT",58400,"US","M"
2023,"MI","FT",58400,"US","M"
2023,"EN","FT",58400,"US","M"
2023,"MI","FT",58400,"US","M"
2024,"MI","FT",58300,"US","M"
2024,"MI","FT",58300,"US","M"
2024,"MI","FT",58300,"AU","M"
2023,"MI","FT",58300,"US","M"
2023,"EN","FT",58300,"US","M"
2023,"EN","PT",58300,"US","M"
2023,"MI","FT",58300,"US","M"
2023,"EN","FT",58200,"US","M"
2023,"MI","FT",58161,"US","M"
2024,"MI","FT",64574,"NL","M"
2024,"MI","FT",58000,"US","M"
2024,"MI","FT",58000,"US","M"
2024,"EN","FT",58000,"US","M"
2023,"SE","FT",71363,"GB","M"
2023,"EN","FT",58000,"US","M"
2022,"EN","FT",60938,"DE","L"
2022,"MI","FT",60938,"DE","M"
2022,"MI","FT",60938,"DE","S"
2022,"MI","FT",58000,"US","S"
2022,"MI","FT",58000,"US","S"
2021,"EN","FT",58000,"US","L"
2023,"EN","FT",57920,"US","M"
2023,"SE","FT",62433,"IT","M"
2023,"MI","FT",57800,"US","M"
2024,"EN","FT",57700,"US","M"
2024,"EN","FT",57700,"US","M"
2023,"MI","FT",57700,"US","M"
2024,"MI","FT",57500,"US","M"
2023,"MI","FT",70748,"GB","M"
2023,"MI","FT",70748,"GB","M"
2023,"MI","FT",70748,"GB","M"
2024,"EN","FT",57300,"US","M"
2024,"EN","FT",57000,"US","M"
2024,"MI","CT",63333,"HU","S"
2023,"MI","FT",57000,"US","M"
2023,"EN","FT",57000,"US","M"
2023,"MI","FT",70132,"GB","M"
2023,"SE","FT",57000,"RU","L"
2023,"SE","FT",61541,"IT","M"
2022,"EN","FT",59888,"NL","L"
2022,"MI","FT",70186,"GB","M"
2022,"SE","FT",70186,"GB","M"
2022,"EN","FT",57000,"US","L"
2022,"SE","FT",59888,"NL","L"
2023,"EN","FT",56500,"US","L"
2023,"EN","FT",56100,"US","M"
2023,"MI","FT",60462,"DE","S"
2024,"SE","FT",70000,"US","M"
2023,"MI","FT",60462,"DE","L"
2023,"MI","FT",68902,"GB","M"
2021,"MI","PT",56000,"US","M"
2023,"MI","FT",60462,"DE","M"
2022,"MI","FT",58837,"FR","S"
2021,"EN","FT",42028,"AU","L"
2020,"MI","FT",56000,"US","M"
2024,"EN","FT",55751,"US","M"
2024,"SE","FT",55720,"US","M"
2023,"SE","FT",55720,"US","M"
2023,"MI","FT",67979,"GB","M"
2024,"SE","FT",55200,"US","M"
2024,"SE","FT",55200,"US","M"
2024,"SE","FT",55200,"US","M"
2024,"SE","FT",55200,"US","M"
2024,"SE","FT",55200,"US","M"
2024,"SE","FT",55200,"US","M"
2024,"SE","FT",55200,"US","M"
2024,"SE","FT",55200,"US","M"
2023,"SE","FT",55200,"US","M"
2023,"EN","FT",55125,"CA","M"
2024,"MI","FT",68750,"GB","M"
2024,"SE","FT",68750,"GB","M"
2024,"MI","FT",68750,"GB","M"
2024,"SE","FT",68750,"GB","M"
2024,"MI","FT",68750,"GB","M"
2024,"MI","FT",68750,"GB","M"
2024,"SE","FT",68750,"GB","M"
2024,"EN","FT",55000,"US","M"
2024,"MI","FT",68750,"GB","M"
2024,"EN","FT",68750,"GB","M"
2024,"EX","FT",68750,"GB","M"
2024,"SE","FT",68750,"GB","M"
2024,"EN","FT",61111,"DE","M"
2024,"EN","FT",68750,"GB","M"
2024,"MI","FT",68750,"GB","M"
2024,"MI","FT",55000,"US","M"
2024,"EN","FT",68750,"GB","M"
2024,"SE","FT",68750,"US","M"
2024,"SE","FT",68750,"GB","M"
2024,"MI","FT",55000,"US","M"
2023,"MI","FT",55000,"US","M"
2023,"EN","FT",67672,"GB","M"
2023,"EN","FT",67672,"GB","M"
2023,"EN","FT",67672,"GB","M"
2023,"EN","FT",67672,"GB","M"
2023,"MI","FT",67672,"GB","M"
2023,"MI","FT",55000,"US","M"
2023,"MI","FT",55000,"US","M"
2023,"MI","FT",67672,"GB","M"
2023,"MI","FT",55000,"US","M"
2023,"MI","FT",55000,"US","M"
2023,"MI","FT",67672,"GB","M"
2023,"MI","FT",67672,"GB","M"
2023,"MI","FT",67672,"GB","M"
2023,"MI","FT",67672,"GB","M"
2023,"MI","FT",67672,"GB","M"
2023,"MI","FT",67672,"GB","M"
2023,"SE","FT",55000,"US","M"
2023,"MI","FT",55000,"US","M"
2023,"MI","FT",55000,"US","M"
2023,"SE","FT",67672,"GB","M"
2023,"EN","FT",40747,"CA","L"
2023,"MI","FT",59382,"DE","L"
2023,"MI","FT",55000,"US","M"
2023,"MI","FT",67672,"GB","M"
2023,"SE","FT",67672,"GB","M"
2023,"SE","FT",67672,"GB","M"
2023,"EX","FT",55000,"US","M"
2023,"SE","FT",55000,"US","M"
2023,"MI","FT",67672,"GB","M"
2023,"EN","FT",40747,"CA","L"
2023,"SE","FT",55000,"US","M"
2023,"MI","FT",59382,"ES","M"
2023,"EN","FT",55000,"US","M"
2023,"EN","FT",55000,"US","M"
2023,"MI","FT",67672,"GB","M"
2023,"MI","FT",59382,"ES","M"
2022,"MI","FT",67723,"GB","M"
2022,"EN","FT",55000,"US","M"
2022,"SE","FT",55000,"US","M"
2022,"SE","FT",55000,"US","S"
2022,"MI","FT",67723,"GB","M"
2022,"MI","FT",67723,"GB","M"
2022,"SE","FT",57786,"FR","L"
2022,"EN","FT",55000,"US","S"
2022,"MI","FT",67723,"GB","M"
2022,"MI","FT",67723,"GB","M"
2021,"EN","FT",55000,"US","S"
2021,"SE","FT",55000,"ES","L"
2021,"EN","FT",65013,"DE","M"
2020,"EN","FT",62726,"DE","S"
2020,"MI","FT",62726,"LU","S"
2024,"MI","FT",54552,"US","M"
2023,"MI","FT",67056,"GB","M"
2023,"MI","FT",67056,"GB","M"
2023,"MI","FT",67056,"GB","M"
2023,"EN","FT",54400,"US","L"
2024,"SE","FT",67993,"ZA","M"
2024,"SE","FT",67993,"ZA","M"
2024,"SE","FT",67993,"ZA","M"
2024,"EN","FT",60000,"FR","M"
2024,"EN","FT",60000,"LT","M"
2024,"SE","FT",54000,"BR","M"
2024,"SE","FT",67500,"GB","M"
2024,"MI","FT",54000,"US","M"
2024,"SE","FT",67500,"US","M"
2024,"MI","FT",54000,"CA","M"
2023,"EN","FT",54000,"US","M"
2023,"MI","FT",54000,"KR","S"
2023,"MI","FT",54000,"US","M"
2022,"EN","FT",56536,"CH","S"
2022,"MI","FT",54000,"BR","M"
2022,"MI","FT",54000,"US","M"
2022,"SE","FT",54000,"US","M"
2021,"EN","FT",63831,"DE","L"
2021,"SE","FT",63831,"DE","L"
2023,"EN","FT",53800,"US","M"
2023,"EN","FT",53800,"US","M"
2024,"EN","FT",53300,"US","M"
2024,"SE","FT",53300,"US","M"
2023,"SE","FT",53300,"US","M"
2024,"MI","FT",58888,"AT","M"
2024,"EN","FT",53000,"US","M"
2024,"SE","FT",66250,"GB","M"
2023,"EN","FT",57223,"NL","L"
2023,"MI","FT",57223,"FR","M"
2023,"MI","FT",53000,"US","M"
2022,"MI","FT",55685,"PT","L"
2021,"MI","FT",62649,"FR","M"
2023,"SE","FT",57007,"EE","M"
2022,"EN","FT",55475,"DE","M"
2023,"SE","FT",52500,"US","M"
2023,"SE","FT",52500,"US","M"
2023,"EN","FT",52500,"US","M"
2023,"EN","FT",52500,"US","M"
2023,"EN","FT",52500,"US","M"
2023,"EN","FT",52500,"US","M"
2023,"EN","FT",52500,"US","M"
2023,"MI","FT",52500,"US","M"
2023,"MI","FT",52500,"US","M"
2023,"SE","FT",52500,"US","M"
2023,"MI","FT",52500,"US","M"
2022,"SE","FT",52500,"US","M"
2022,"MI","FT",52500,"US","M"
2021,"MI","FT",72212,"GB","L"
2023,"SE","FT",56359,"IT","M"
2024,"MI","FT",52100,"US","M"
2023,"MI","FT",52100,"US","M"
2023,"MI","FT",52100,"US","M"
2023,"SE","FT",52100,"US","M"
2024,"SE","FT",65000,"GB","M"
2023,"EN","FT",52000,"US","M"
2023,"SE","FT",52000,"US","M"
2023,"SE","FT",56143,"ES","M"
2023,"MI","FT",63980,"GB","M"
2023,"MI","FT",63980,"GB","M"
2022,"MI","FT",54634,"NL","S"
2022,"EN","FT",52000,"CA","M"
2021,"MI","FT",61467,"AT","M"
2020,"MI","FT",59303,"DE","S"
2023,"SE","FT",51962,"US","M"
2023,"SE","FT",51962,"US","M"
2023,"SE","FT",51962,"US","M"
2023,"SE","FT",51962,"US","M"
2023,"SE","FT",51962,"US","M"
2023,"SE","FT",51962,"US","M"
2023,"SE","FT",51962,"US","M"
2023,"SE","FT",51962,"US","M"
2023,"SE","FT",51962,"US","M"
2023,"SE","FT",51962,"US","M"
2023,"SE","FT",51962,"US","M"
2023,"SE","FT",51962,"US","M"
2023,"SE","FT",51962,"US","M"
2023,"MI","FT",51962,"US","M"
2023,"SE","FT",51962,"US","M"
2024,"EN","FT",57277,"FR","M"
2024,"SE","FT",51543,"CA","M"
2024,"EN","FT",51500,"US","M"
2021,"SE","FT",60757,"PT","L"
2024,"EN","FT",51375,"US","M"
2024,"MI","FT",64105,"GB","M"
2024,"MI","FT",51175,"US","M"
2024,"MI","FT",51175,"US","M"
2024,"EN","FT",51000,"US","M"
2024,"EN","FT",51000,"US","M"
2024,"MI","FT",51000,"US","M"
2023,"SE","FT",51000,"US","M"
2022,"SE","FT",51000,"US","M"
2024,"SE","FT",63437,"GB","M"
2023,"SE","FT",62442,"GB","M"
2024,"SE","FT",50700,"US","M"
2023,"SE","FT",50700,"US","M"
2024,"EN","FT",56100,"NL","M"
2024,"EN","FT",50200,"US","M"
2024,"EN","FT",50000,"US","M"
2024,"MI","FT",50000,"GB","M"
2024,"MI","FT",62500,"GB","M"
2024,"EN","FT",50000,"US","M"
2024,"EN","FT",50000,"US","M"
2024,"MI","FT",62500,"GB","M"
2024,"SE","FT",62500,"GB","M"
2024,"EN","FT",50000,"US","M"
2024,"SE","FT",62500,"GB","M"
2024,"SE","FT",62500,"GB","M"
2024,"SE","FT",55555,"FR","M"
2024,"MI","FT",62500,"GB","M"
2024,"EN","FT",55555,"FR","M"
2024,"SE","FT",62500,"GB","M"
2024,"EN","FT",62500,"GB","M"
2024,"EX","FT",62500,"GB","M"
2024,"EN","CT",50000,"US","M"
2023,"EN","FT",50000,"DE","M"
2024,"MI","FT",55555,"DE","M"
2024,"EN","FT",50000,"US","M"
2023,"EN","FT",50000,"US","M"
2023,"SE","FT",61520,"GB","M"
2023,"EN","FT",50000,"US","M"
2023,"MI","FT",50000,"US","M"
2023,"EN","FT",50000,"US","M"
2023,"EN","FT",61520,"GB","M"
2023,"MI","FT",50000,"US","M"
2023,"MI","CT",50000,"CA","L"
2023,"EN","FT",50000,"US","M"
2023,"EN","FT",50000,"UA","M"
2023,"MI","FT",50000,"US","M"
2023,"MI","FT",50000,"US","M"
2023,"EN","FT",50000,"US","M"
2023,"SE","FT",50000,"US","M"
2023,"MI","FT",53984,"PT","M"
2023,"MI","FT",61520,"GB","M"
2023,"MI","FT",61520,"GB","M"
2023,"SE","FT",61520,"GB","M"
2023,"SE","FT",53984,"IT","S"
2023,"SE","FT",61520,"GB","M"
2023,"SE","FT",50000,"US","M"
2023,"MI","FT",61520,"GB","M"
2023,"MI","FT",61520,"CA","M"
2023,"EN","FT",61520,"GB","M"
2023,"EN","FT",50000,"KE","S"
2023,"MI","FT",61520,"GB","M"
2023,"MI","FT",61520,"GB","M"
2023,"SE","FT",50000,"US","M"
2023,"MI","FT",61520,"GB","M"
2023,"EN","FT",50000,"US","M"
2023,"MI","FT",50000,"US","M"
2023,"MI","FT",61520,"GB","M"
2023,"SE","FT",50000,"NG","S"
2023,"MI","FT",61520,"GB","M"
2023,"SE","FT",53984,"FR","S"
2023,"SE","FL",50000,"UA","S"
2023,"SE","FL",50000,"AU","M"
2023,"MI","FT",61520,"GB","M"
2023,"EN","FT",50000,"US","L"
2023,"SE","FT",53984,"CA","L"
2023,"MI","FT",61520,"GB","M"
2023,"MI","FT",50000,"AM","S"
2023,"MI","FT",53984,"RO","L"
2023,"EN","FT",50000,"US","M"
2022,"MI","FT",52533,"FR","M"
2022,"EN","FT",50000,"US","L"
2022,"EN","FT",50000,"US","L"
2022,"MI","FT",52533,"FR","M"
2022,"EN","FL",50000,"US","S"
2022,"SE","FT",61566,"GB","M"
2022,"EN","FT",61566,"GB","M"
2022,"SE","FT",50000,"US","M"
2022,"SE","FT",50000,"US","M"
2022,"SE","FT",50000,"US","M"
2022,"EN","FT",50000,"US","M"
2022,"EN","FT",50000,"AS","L"
2022,"EN","FT",50000,"DE","M"
2021,"SE","FT",50000,"PH","S"
2022,"SE","FT",61566,"GB","M"
2022,"EN","FT",50000,"AR","L"
2022,"MI","FT",61566,"GB","S"
2022,"EN","FT",50000,"AT","M"
2022,"MI","FT",61566,"GB","M"
2022,"MI","FT",52533,"GR","M"
2022,"MI","FT",52533,"GR","M"
2022,"MI","FT",61566,"GB","M"
2022,"SE","FT",61566,"GB","M"
2022,"MI","FT",61566,"GB","M"
2022,"MI","FT",50000,"US","M"
2022,"MI","PT",52533,"DE","L"
2021,"EN","FT",50000,"US","M"
2021,"MI","FT",50000,"NG","L"
2021,"EN","FT",59102,"FR","M"
2021,"SE","FT",50000,"GB","M"
2021,"SE","FT",50000,"US","S"
2021,"EN","FT",59102,"LU","L"
2024,"MI","FT",49900,"US","M"
2024,"MI","FT",49900,"US","M"
2024,"SE","FT",61875,"GB","M"
2023,"SE","FT",53444,"ES","M"
2022,"EN","FT",52008,"BE","S"
2024,"EN","FT",49452,"US","M"
2023,"MI","FT",53120,"EE","M"
2023,"MI","FT",53120,"EE","M"
2023,"SE","FT",53120,"EE","M"
2023,"EN","FT",49000,"US","M"
2023,"MI","FT",49000,"US","M"
2023,"MI","FT",49000,"US","M"
2023,"EN","FT",48915,"US","M"
2024,"MI","FT",61105,"GB","M"
2023,"MI","FT",48450,"CA","M"
2024,"MI","FT",48067,"US","M"
2024,"MI","FT",48000,"US","M"
2024,"SE","FT",48000,"UA","M"
2024,"EN","CT",48000,"US","M"
2024,"MI","FT",60000,"GB","M"
2024,"SE","FT",60000,"GB","M"
2024,"SE","FT",53333,"LT","M"
2023,"EN","FT",59059,"US","M"
2023,"MI","FT",48000,"VN","M"
2023,"MI","FT",48000,"US","M"
2023,"EN","FT",48000,"US","M"
2023,"MI","FT",48000,"VN","M"
2023,"MI","FT",51824,"FR","M"
2023,"MI","FT",48000,"US","M"
2023,"SE","FT",48000,"AR","M"
2023,"SE","FT",48000,"CO","M"
2023,"EN","FT",48000,"US","M"
2023,"SE","FT",51824,"ES","M"
2023,"EN","FT",48000,"US","M"
2022,"EN","FT",48000,"US","L"
2023,"SE","FT",51824,"ES","M"
2023,"SE","FT",51824,"ES","M"
2023,"MI","FT",59059,"GB","M"
2022,"EN","FT",48000,"US","M"
2022,"SE","FT",50432,"ES","M"
2022,"SE","FT",50432,"ES","M"
2022,"MI","FT",48000,"BR","M"
2022,"MI","FT",48000,"BR","M"
2022,"SE","FT",50432,"ES","M"
2022,"SE","FT",50432,"ES","M"
2022,"MI","FT",50432,"DE","S"
2022,"SE","FT",48000,"US","S"
2020,"EN","FT",54742,"DE","L"
2022,"MI","FT",48000,"US","S"
2021,"MI","FT",66022,"GB","S"
2021,"MI","FT",56738,"FR","S"
2024,"EN","FT",47840,"US","M"
2024,"EN","FT",47840,"US","M"
2024,"EN","FT",47840,"US","M"
2024,"EN","FT",47840,"US","M"
2023,"EN","FT",47840,"US","M"
2023,"EN","FT",47840,"US","M"
2023,"EN","FT",47840,"US","M"
2023,"EN","FT",47840,"US","M"
2024,"MI","FT",47700,"US","M"
2024,"EN","FT",47500,"US","M"
2024,"MI","FT",47500,"US","M"
2024,"MI","FT",47500,"US","M"
2024,"EN","FT",47500,"US","M"
2024,"EN","FT",47500,"US","M"
2024,"MI","FT",47500,"US","M"
2023,"EN","FT",47500,"US","M"
2023,"EN","FT",47500,"US","M"
2023,"MI","FT",58444,"GB","M"
2023,"MI","FT",58444,"GB","M"
2023,"EN","FT",47423,"US","M"
2024,"SE","FT",59018,"GB","M"
2023,"MI","FT",50745,"AD","S"
2022,"MI","FT",57872,"GB","M"
2023,"SE","FT",46848,"OM","M"
2023,"MI","FT",46500,"US","M"
2023,"MI","FT",46500,"US","M"
2023,"EN","FT",46400,"US","M"
2023,"EN","FT",46400,"US","M"
2024,"MI","FT",57753,"GB","M"
2023,"SE","FT",46200,"US","M"
2024,"EN","FT",46080,"US","M"
2022,"EN","FT",46000,"US","L"
2024,"EN","FT",45900,"US","M"
2020,"MI","FT",45760,"US","S"
2024,"EN","FT",45700,"US","M"
2024,"EN","FT",45700,"US","M"
2024,"EN","FT",50666,"LT","M"
2024,"SE","FT",57000,"GB","M"
2022,"EN","FT",45600,"US","M"
2024,"SE","FT",56981,"ZA","M"
2024,"SE","FT",56981,"ZA","M"
2021,"MI","FL",45555,"BS","M"
2023,"MI","FT",55926,"GB","M"
2024,"EN","PT",45400,"US","M"
2024,"EN","PT",45400,"US","M"
2024,"SE","FT",56250,"GB","M"
2024,"SE","FT",56250,"GB","M"
2024,"MI","FT",56250,"GB","M"
2024,"SE","FT",56250,"GB","M"
2024,"SE","FT",56250,"GB","M"
2024,"SE","FT",56250,"GB","M"
2024,"SE","FT",56250,"GB","M"
2024,"EN","FT",56250,"GB","M"
2024,"EN","FT",56250,"GB","M"
2023,"MI","FT",55368,"GB","M"
2023,"MI","FT",55368,"GB","M"
2023,"MI","FT",55368,"GB","M"
2023,"SE","FT",55368,"GB","M"
2023,"SE","FT",48585,"ES","M"
2023,"MI","FT",55368,"GB","M"
2023,"MI","FT",55368,"GB","M"
2023,"SE","FT",48585,"ES","M"
2023,"MI","FT",55368,"GB","M"
2023,"MI","FT",55368,"GB","M"
2023,"MI","FT",48585,"PT","M"
2023,"SE","FT",48585,"ES","M"
2023,"MI","FT",48585,"GB","M"
2023,"MI","FT",55368,"GB","M"
2023,"SE","FT",48585,"ES","M"
2023,"SE","FT",48585,"ES","M"
2023,"EN","FT",45000,"US","M"
2023,"SE","FT",48585,"ES","M"
2023,"MI","FT",55368,"GB","M"
2023,"MI","FT",55368,"GB","M"
2023,"SE","FT",48585,"ES","M"
2023,"SE","FT",48585,"ES","M"
2023,"SE","FT",48585,"ES","M"
2022,"MI","FT",55410,"GB","M"
2023,"MI","FT",55368,"GB","M"
2023,"SE","FT",48585,"ES","M"
2023,"SE","FT",48585,"ES","M"
2023,"SE","FT",55368,"CF","M"
2023,"MI","FT",55368,"GB","M"
2023,"SE","FT",48585,"ES","M"
2023,"MI","FT",48585,"ES","M"
2023,"SE","FT",48585,"ES","M"
2023,"MI","FT",55368,"GB","M"
2023,"MI","FT",48585,"ES","M"
2023,"MI","FT",48585,"SI","M"
2023,"SE","FT",48585,"ES","M"
2023,"MI","FT",55368,"GB","M"
2022,"SE","FT",47280,"ES","M"
2022,"MI","FT",55410,"GB","M"
2022,"SE","FT",47280,"ES","M"
2022,"SE","FT",47280,"ES","M"
2022,"SE","FT",47280,"ES","M"
2022,"SE","FT",47280,"ES","M"
2022,"SE","FT",47280,"ES","M"
2022,"SE","FT",47280,"ES","M"
2022,"EN","FT",55410,"GB","S"
2022,"MI","FT",47280,"ES","M"
2022,"MI","FT",47280,"GR","M"
2022,"MI","FT",55410,"GB","M"
2021,"SE","FT",53192,"FR","L"
2020,"EN","FT",51321,"FR","S"
2021,"SE","FT",61896,"GB","L"
2023,"SE","FT",55044,"GB","M"
2023,"MI","FT",44640,"US","M"
2024,"SE","FT",49333,"LV","M"
2023,"EN","FT",47918,"NL","L"
2023,"SE","FT",47799,"IT","M"
2024,"MI","FT",55328,"ZA","M"
2024,"EN","FT",44100,"MT","M"
2023,"EN","FT",44100,"US","M"
2024,"MI","FT",44000,"US","M"
2023,"EN","FT",54137,"GB","M"
2020,"MI","FT",50180,"PT","M"
2024,"MI","FT",54532,"GB","M"
2023,"EN","FT",43500,"US","M"
2020,"EN","FT",49268,"DE","S"
2021,"MI","FT",51064,"IT","L"
2024,"MI","FT",47777,"AT","M"
2023,"EN","FT",43000,"HU","L"
2023,"MI","FT",46426,"SI","M"
2024,"EN","FT",42700,"US","M"
2024,"MI","FT",53133,"GB","M"
2024,"MI","FT",42400,"US","M"
2023,"MI","FT",42400,"US","M"
2024,"SE","FT",52806,"GB","M"
2024,"SE","FT",46666,"LT","M"
2024,"SE","FT",42000,"PH","M"
2024,"MI","FT",52500,"GB","L"
2023,"MI","FT",51676,"GB","M"
2023,"MI","FT",51676,"GB","M"
2023,"MI","FT",51676,"GB","M"
2020,"EN","FT",47899,"DE","L"
2023,"MI","FT",51676,"GB","M"
2023,"MI","FT",51676,"GB","M"
2023,"MI","FT",51676,"GB","M"
2023,"MI","FT",51676,"GB","M"
2022,"MI","FT",51716,"GB","M"
2022,"MI","FT",42000,"BR","M"
2021,"EN","FT",49646,"FR","M"
2020,"EN","FT",42000,"NL","L"
2020,"SE","FT",47899,"GR","L"
2023,"SE","FT",45150,"ES","M"
2024,"EN","FT",41419,"US","M"
2024,"EN","FT",41419,"US","M"
2024,"EN","FT",41419,"US","M"
2023,"EN","FT",41419,"US","M"
2023,"EN","FT",41419,"US","M"
2023,"EN","FT",41419,"US","M"
2023,"EN","FT",41419,"US","M"
2024,"MI","FT",51446,"GB","M"
2024,"MI","FT",51381,"US","M"
2024,"MI","FT",51283,"GB","M"
2020,"MI","FT",46759,"FR","L"
2021,"MI","FT",56256,"GB","L"
2023,"SE","FT",44051,"EE","M"
2023,"EN","FT",40400,"US","L"
2024,"EN","FT",40300,"US","M"
2024,"EN","FT",44555,"LT","M"
2024,"EN","FT",40000,"BR","M"
2024,"SE","PT",40000,"AE","L"
2024,"SE","FT",50000,"GB","M"
2024,"SE","FT",50000,"GB","M"
2024,"MI","FT",50000,"GB","L"
2024,"EN","FT",40000,"US","M"
2024,"SE","FT",50000,"GB","M"
2024,"MI","FT",50000,"GB","M"
2024,"SE","FT",50000,"GB","M"
2024,"SE","FT",50000,"GB","M"
2024,"MI","FT",50000,"GB","M"
2024,"MI","FT",50000,"GB","M"
2024,"EN","FT",44444,"IT","L"
2024,"SE","FT",50000,"GB","M"
2024,"SE","FT",50000,"GB","M"
2024,"SE","FT",50000,"GB","M"
2024,"EN","FT",50000,"GB","M"
2024,"EN","FT",50000,"GB","M"
2024,"MI","FT",50000,"GB","M"
2024,"EN","FT",50000,"GB","M"
2023,"MI","FT",49216,"GB","M"
2023,"EN","FT",49216,"GB","M"
2023,"SE","FT",49216,"GB","M"
2023,"MI","FT",49216,"GB","M"
2023,"EN","FT",49216,"GB","M"
2023,"EN","FT",43187,"ES","M"
2023,"MI","FT",49216,"GB","M"
2023,"MI","FT",49216,"GB","M"
2023,"MI","FT",43187,"PT","M"
2023,"MI","FT",49216,"GB","M"
2023,"MI","FT",43187,"PT","M"
2023,"MI","FT",43187,"PL","L"
2023,"MI","FT",49216,"GB","M"
2023,"MI","FT",49216,"GB","M"
2023,"EN","FT",49216,"GB","M"
2023,"MI","FT",49216,"GB","M"
2023,"EN","FT",40000,"KR","S"
2023,"EN","FT",49216,"GB","M"
2023,"MI","FT",40000,"FR","M"
2023,"EN","FT",40000,"NG","S"
2023,"EN","FT",40000,"US","M"
2023,"EN","FT",40000,"US","M"
2023,"EN","FT",49216,"GB","M"
2023,"MI","FT",49216,"GB","M"
2023,"EN","FT",43187,"DE","M"
2023,"MI","FT",49216,"GB","M"
2023,"MI","FT",40000,"FR","L"
2023,"MI","FT",49216,"GB","M"
2022,"EN","FT",40000,"PK","M"
2022,"EN","FT",40000,"AU","M"
2022,"EN","FT",40000,"AU","M"
2022,"SE","FT",42026,"ES","M"
2022,"MI","FT",49253,"GB","M"
2022,"EN","FT",49253,"GB","M"
2022,"SE","FT",42026,"PT","M"
2022,"MI","FT",49253,"GB","M"
2022,"MI","FT",42026,"ES","M"
2022,"MI","FT",42026,"GR","M"
2022,"MI","FT",49253,"GB","M"
2022,"EN","FT",49253,"GB","M"
2022,"EN","FT",40000,"MY","L"
2021,"MI","FT",47282,"ES","S"
2020,"SE","FT",45618,"HR","S"
2024,"MI","FT",44266,"LV","M"
2024,"EN","FT",44000,"LT","M"
2021,"MI","FT",46809,"ES","M"
2023,"EN","FT",47985,"US","M"
2023,"MI","FT",42107,"DE","M"
2024,"MI","FT",42666,"LV","M"
2021,"MI","FT",38400,"US","M"
2021,"MI","FT",45391,"NL","L"
2023,"MI","FT",47238,"GB","M"
2023,"EN","FT",47238,"AU","M"
2024,"MI","FT",47850,"GB","M"
2024,"SE","FT",47500,"GB","M"
2024,"MI","FT",42222,"ES","L"
2024,"SE","FT",42222,"ES","M"
2023,"SE","FT",41027,"ES","M"
2023,"SE","FT",41027,"ES","M"
2023,"SE","FT",38000,"US","M"
2023,"EN","FT",41027,"ES","L"
2023,"MI","FT",46755,"GB","M"
2023,"SE","FT",41027,"ES","M"
2023,"SE","FT",41027,"ES","M"
2023,"MI","FT",46755,"GB","M"
2022,"SE","FT",39925,"ES","M"
2022,"EN","FT",39925,"FR","L"
2022,"SE","FT",38000,"US","M"
2022,"SE","FT",38000,"US","M"
2022,"SE","FT",38000,"US","M"
2021,"MI","FT",51519,"GB","L"
2024,"MI","FT",41600,"LV","M"
2023,"MI","FT",40423,"LV","M"
2024,"MI","FT",46500,"GB","M"
2024,"EN","FT",37120,"US","M"
2024,"MI","FT",46250,"GB","M"
2020,"MI","FT",42197,"FR","S"
2024,"MI","FT",45775,"GB","M"
2024,"EN","FT",45625,"GB","M"
2023,"MI","FT",44356,"GB","M"
2023,"MI","FT",44356,"GB","M"
2024,"EN","FT",40000,"EE","M"
2024,"EN","FT",40000,"EE","M"
2023,"SE","FT",38868,"ES","M"
2023,"EN","FT",36000,"US","M"
2023,"MI","FT",38868,"SI","M"
2023,"SE","FT",38868,"RO","M"
2023,"SE","FT",38868,"ES","M"
2023,"MI","FT",44294,"GB","M"
2023,"SE","FT",38868,"ES","M"
2023,"SE","FT",38868,"ES","M"
2023,"MI","FT",38868,"ES","L"
2023,"MI","FT",38868,"EE","M"
2023,"SE","FT",38868,"ES","M"
2023,"MI","FT",36000,"US","M"
2023,"SE","FT",36000,"RU","L"
2023,"SE","FT",38868,"EE","M"
2023,"SE","FT",38868,"ES","M"
2023,"SE","FT",38868,"ES","M"
2023,"SE","FT",38868,"ES","M"
2023,"MI","FL",36000,"GH","S"
2023,"SE","FT",38868,"ES","M"
2023,"MI","FT",36000,"NG","M"
2023,"SE","FT",38868,"ES","M"
2023,"SE","FT",38868,"ES","M"
2023,"SE","FT",38868,"ES","M"
2023,"SE","FT",38868,"ES","M"
2023,"SE","FT",38868,"ES","M"
2023,"MI","FT",38868,"ES","L"
2023,"MI","FT",36000,"MX","S"
2023,"SE","FT",38868,"LV","M"
2023,"SE","FT",38868,"LV","M"
2022,"SE","FT",37824,"ES","M"
2022,"SE","FT",37824,"ES","M"
2022,"SE","FT",37824,"ES","M"
2022,"SE","FT",37824,"ES","M"
2022,"SE","FT",37824,"ES","M"
2022,"SE","FT",37824,"ES","M"
2022,"SE","FT",37824,"ES","M"
2023,"EN","FT",43925,"GB","M"
2024,"MI","FT",43750,"GB","M"
2024,"MI","FT",38888,"PT","M"
2024,"MI","FT",43750,"GB","M"
2024,"EN","FT",43750,"GB","M"
2023,"EN","FT",43064,"GB","M"
2023,"MI","FT",43064,"GB","M"
2023,"MI","FT",43064,"GB","M"
2023,"MI","FT",43064,"GB","M"
2023,"EN","FT",35000,"DE","M"
2023,"MI","FT",43064,"GB","M"
2023,"MI","FT",43064,"GB","M"
2023,"MI","CT",35000,"US","M"
2023,"MI","FT",43064,"GB","M"
2023,"EN","FT",43064,"GB","M"
2023,"EN","FT",43064,"GB","M"
2023,"MI","FT",43064,"GB","M"
2023,"EN","FT",43064,"GB","M"
2023,"EN","FT",43064,"GB","M"
2023,"MI","FT",43064,"GB","M"
2023,"MI","FT",35000,"IN","L"
2023,"EN","FT",43064,"GB","M"
2023,"MI","FT",43064,"GB","M"
2023,"SE","FT",43064,"CF","M"
2023,"MI","FT",43064,"GB","M"
2023,"SE","FT",37788,"PT","M"
2022,"SE","FT",36773,"ES","M"
2022,"SE","FT",36773,"ES","M"
2022,"SE","FT",36773,"ES","M"
2022,"SE","FT",36773,"PT","M"
2022,"SE","FT",43096,"GB","M"
2022,"SE","FT",36773,"ES","M"
2022,"SE","FT",36773,"ES","M"
2022,"SE","FT",36773,"ES","M"
2022,"MI","FT",43096,"GB","M"
2022,"EN","FT",43096,"GB","M"
2022,"MI","FT",43096,"GB","M"
2020,"EN","FT",39916,"FR","M"
2024,"MI","FT",43675,"US","M"
2024,"MI","FT",43628,"GB","M"
2023,"EN","FT",37573,"NL","M"
2022,"EN","PT",34320,"US","S"
2023,"MI","FT",42030,"GB","M"
2023,"EN","FT",42030,"AU","M"
2024,"EN","FT",42500,"GB","M"
2023,"EN","FT",41833,"GB","M"
2021,"MI","FT",40189,"GR","M"
2020,"MI","FT",38776,"ES","M"
2023,"EN","FT",41827,"GB","M"
2024,"SE","FT",42457,"ZA","M"
2024,"EN","FT",37333,"LT","M"
2024,"EN","FT",41750,"GB","M"
2023,"MI","FT",40680,"GB","M"
2023,"SE","FT",40603,"GB","M"
2022,"EN","FT",33000,"DE","S"
2022,"EN","FT",34672,"DE","S"
2021,"EN","FT",45390,"GB","L"
2023,"EN","FT",40581,"ZA","M"
2024,"MI","FT",36000,"LV","M"
2023,"MI","FT",34549,"ES","L"
2023,"MI","FT",39372,"GB","M"
2021,"MI","FT",37825,"ES","L"
2024,"MI","FT",39245,"ZA","M"
2023,"EN","FT",38629,"ZA","M"
2024,"SE","FT",34666,"LV","M"
2023,"MI","FT",33686,"EE","M"
2021,"EN","FT",36643,"FR","L"
2023,"EN","FT",37944,"GB","M"
2023,"MI","FT",32811,"ES","L"
2024,"EN","FT",30000,"BR","M"
2024,"EN","PT",30000,"US","L"
2024,"EN","FL",30000,"GB","M"
2024,"MI","FT",30000,"BA","S"
2024,"MI","FT",33333,"FR","M"
2024,"EN","FT",37500,"GB","M"
2023,"MI","FT",36912,"GB","M"
2023,"EN","FT",36912,"GB","M"
2023,"SE","FT",36912,"GB","S"
2022,"EN","FT",36940,"GB","L"
2023,"EN","FT",32390,"FR","M"
2023,"EN","FT",32390,"NL","L"
2023,"MI","CT",30000,"US","S"
2023,"EN","FT",30000,"NG","L"
2023,"EN","FT",30000,"IN","M"
2021,"MI","FT",30000,"GH","S"
2023,"EN","FT",30000,"US","S"
2022,"MI","FT",30000,"MX","L"
2022,"EN","FT",31520,"ES","M"
2022,"EN","FT",31520,"ES","M"
2022,"EN","FT",30000,"GB","L"
2022,"MI","FT",36940,"GB","M"
2022,"MI","FT",31520,"ES","M"
2022,"MI","FT",31520,"GR","M"
2022,"MI","FT",36940,"GB","M"
2022,"MI","FT",31520,"EE","S"
2023,"EN","FT",31310,"ES","M"
2022,"EN","CT",30469,"CZ","M"
2022,"SE","FT",29944,"PT","S"
2022,"EN","FT",35093,"GB","L"
2024,"EN","FT",31187,"LT","M"
2024,"MI","FT",34973,"ZA","M"
2023,"EN","FT",29691,"IT","L"
2024,"MI","FT",33750,"GB","M"
2024,"EN","FT",27000,"TR","S"
2024,"EN","FT",27000,"AS","M"
2023,"EN","FT",33220,"GB","M"
2023,"EN","FT",33220,"GB","M"
2023,"MI","FT",27000,"PT","S"
2022,"EN","FT",33246,"GB","L"
2022,"EN","FT",28368,"FR","M"
2024,"EN","FT",33500,"GB","M"
2024,"EN","FT",33500,"GB","M"
2024,"EN","FT",33500,"GB","M"
2024,"EN","FT",33500,"GB","M"
2024,"EN","FT",33500,"GB","M"
2024,"EN","FT",33500,"GB","M"
2023,"EN","FT",32974,"GB","M"
2023,"EN","FT",32974,"GB","M"
2023,"EN","FT",32974,"GB","M"
2023,"EN","FT",32974,"GB","M"
2024,"MI","FT",28888,"PT","M"
2024,"EN","FT",28888,"ES","M"
2024,"EN","FT",26000,"RO","L"
2022,"EN","FT",27317,"ES","L"
2024,"MI","FT",32177,"ZA","M"
2023,"MI","CT",25500,"US","S"
2023,"EN","FT",26992,"GB","S"
2024,"SE","FT",25000,"US","M"
2024,"SE","FT",31250,"GB","M"
2023,"MI","FT",30760,"GB","M"
2023,"MI","FT",30760,"GB","M"
2023,"EN","FT",25000,"NL","M"
2023,"EN","FT",26992,"DE","L"
2022,"MI","FT",25000,"TR","M"
2022,"SE","FT",25000,"US","M"
2024,"MI","FT",30000,"GB","M"
2023,"MI","FT",25912,"IT","S"
2023,"EN","FT",24000,"US","M"
2022,"EN","PT",25216,"US","L"
2022,"MI","FT",24000,"US","M"
2022,"MI","FT",24000,"US","M"
2021,"SE","FT",24000,"BR","M"
2021,"MI","FT",28369,"MT","L"
2023,"EN","FT",24940,"PT","M"
2024,"EN","FT",28750,"GB","M"
2024,"EN","FT",28750,"GB","M"
2024,"EN","FT",28750,"GB","M"
2024,"EN","FT",28750,"GB","M"
2023,"EN","FT",28299,"GB","M"
2023,"EN","FT",28299,"GB","M"
2022,"MI","FT",23000,"IN","L"
2022,"EN","FT",24165,"IT","M"
2022,"MI","FT",22800,"EG","M"
2023,"EN","FT",23753,"PT","L"
2021,"MI","FT",26005,"US","L"
2021,"EN","FT",21844,"CO","M"
2024,"SE","FT",21600,"PH","M"
2021,"MI","FT",25532,"DE","S"
2024,"EN","FT",23333,"ES","M"
2023,"MI","FL",21000,"LU","S"
2021,"EN","FT",24823,"DE","M"
2021,"MI","FT",24823,"SI","L"
2023,"EN","FT",21593,"PT","L"
2023,"EN","FT",20000,"TR","S"
2023,"MI","FT",20000,"US","L"
2023,"EN","FT",21593,"ES","M"
2022,"EN","FT",20000,"US","M"
2021,"EN","FT",20000,"FR","M"
2020,"EN","FT",22809,"PT","M"
2022,"MI","FT",20000,"GR","S"
2020,"MI","FT",20000,"HN","S"
2022,"EN","FT",20000,"PK","M"
2021,"EN","FT",20000,"IN","S"
2022,"EN","FT",21013,"PT","L"
2021,"MI","FL",20000,"US","L"
2020,"EN","PT",21669,"IT","S"
2023,"EN","FT",18000,"NG","S"
2023,"EN","FT",19434,"GR","L"
2023,"EN","FT",18000,"IN","M"
2021,"MI","FT",18000,"MD","S"
2024,"EN","FT",17600,"MX","L"
2024,"EN","FT",17598,"MX","L"
2023,"MI","FT",17000,"RU","L"
2023,"EN","FT",16000,"EC","L"
2022,"EN","FT",16455,"RU","M"
2024,"EN","PT",16666,"DE","M"
2022,"MI","FT",15000,"GH","M"
2020,"EX","FT",15000,"CA","M"
2021,"EN","FT",15000,"TH","L"
2022,"EN","FT",15000,"ID","L"
2020,"EN","PT",15966,"DE","S"
